# Blender 4.3.2
# www.blender.org
o asss
v 4.115200 0.614800 0.000000
v 4.063000 0.614800 -0.643100
v 4.450800 1.211000 -0.704500
v 4.508000 1.211000 0.000000
v 3.911200 0.614800 -1.270800
v 4.284600 1.211000 -1.392100
v 4.940100 2.002100 -0.781900
v 5.003700 2.002100 0.000000
v 4.755700 2.002100 -1.545200
v 3.665000 0.614800 -1.867900
v 3.329300 0.614800 -2.418900
v 3.647100 1.211000 -2.649700
v 4.014900 1.211000 -2.046200
v 4.048000 2.002100 -2.941100
v 4.456300 2.002100 -2.271100
v 4.938200 4.003600 -3.587800
v 5.436200 4.003600 -2.770500
v 4.944800 2.946700 -2.520100
v 4.491900 2.946700 -3.263500
v 5.801400 4.003600 -1.885000
v 5.277100 2.946700 -1.714600
v 6.026400 4.003600 -0.953900
v 6.103900 4.003600 0.000000
v 5.552300 2.946700 0.000000
v 5.481800 2.946700 -0.867700
v 2.909000 0.614800 -2.908400
v 3.186700 1.211000 -3.186000
v 2.417300 0.614800 -3.327100
v 2.648000 1.211000 -3.644700
v 3.537100 2.002100 -3.536300
v 2.939200 2.002100 -4.045400
v 1.867100 0.614800 -3.665400
v 1.271700 0.614800 -3.913800
v 1.393100 1.211000 -4.287400
v 2.045400 1.211000 -4.015300
v 1.546200 2.002100 -4.758800
v 2.270300 2.002100 -4.456700
v 1.886200 4.003600 -5.805200
v 2.769500 4.003600 -5.436700
v 2.519200 2.946700 -4.945400
v 1.715700 2.946700 -5.280500
v 3.585500 4.003600 -4.934900
v 3.261400 2.946700 -4.488900
v 4.314800 4.003600 -4.313900
v 3.924800 2.946700 -3.924100
v 0.643900 0.614800 -4.062800
v 0.705400 1.211000 -4.450700
v 0.000000 0.614800 -4.112500
v 0.000000 1.211000 -4.505100
v 0.782900 2.002100 -4.940000
v 0.000000 2.002100 -5.000400
v -0.643900 0.614800 -4.062800
v -1.271700 0.614800 -3.913800
v -1.393100 1.211000 -4.287400
v -0.705400 1.211000 -4.450700
v -1.546200 2.002100 -4.758800
v -0.782900 2.002100 -4.940000
v -1.886200 4.003600 -5.805200
v -0.955100 4.003600 -6.026200
v -0.868800 2.946700 -5.481600
v -1.715700 2.946700 -5.280500
v 0.000000 4.003600 -6.099900
v 0.000000 2.946700 -5.548600
v 0.955100 4.003600 -6.026200
v 0.868800 2.946700 -5.481600
v -1.867100 0.614800 -3.665400
v -2.045400 1.211000 -4.015300
v -2.417300 0.614800 -3.327100
v -2.648000 1.211000 -3.644700
v -2.270300 2.002100 -4.456700
v -2.939200 2.002100 -4.045400
v -2.909000 0.614800 -2.908400
v -3.329300 0.614800 -2.418900
v -3.647100 1.211000 -2.649700
v -3.186700 1.211000 -3.186000
v -4.048000 2.002100 -2.941100
v -3.537100 2.002100 -3.536300
v -4.938200 4.003600 -3.587800
v -4.314800 4.003600 -4.313900
v -3.924800 2.946700 -3.924100
v -4.491900 2.946700 -3.263500
v -3.585500 4.003600 -4.934900
v -3.261400 2.946700 -4.488900
v -2.769500 4.003600 -5.436700
v -2.519200 2.946700 -4.945400
v -3.665000 0.614800 -1.867900
v -4.014900 1.211000 -2.046200
v -3.911200 0.614800 -1.270800
v -4.284600 1.211000 -1.392100
v -4.456300 2.002100 -2.271100
v -4.755700 2.002100 -1.545200
v -4.063000 0.614800 -0.643100
v -4.115200 0.614800 0.000000
v -4.508000 1.211000 0.000000
v -4.450800 1.211000 -0.704500
v -5.003700 2.002100 0.000000
v -4.940100 2.002100 -0.781900
v -6.103900 4.003600 0.000000
v -6.026400 4.003600 -0.953900
v -5.481800 2.946700 -0.867700
v -5.552300 2.946700 0.000000
v -5.801400 4.003600 -1.885000
v -5.277100 2.946700 -1.714600
v -5.436200 4.003600 -2.770500
v -4.944800 2.946700 -2.520100
v -4.063000 0.614800 0.643100
v -4.450800 1.211000 0.704500
v -3.911200 0.614800 1.270800
v -4.284600 1.211000 1.392100
v -4.940100 2.002100 0.781900
v -4.755700 2.002100 1.545200
v -3.665000 0.614800 1.867900
v -3.329300 0.614800 2.418900
v -3.647100 1.211000 2.649700
v -4.014900 1.211000 2.046200
v -4.048000 2.002100 2.941100
v -4.456300 2.002100 2.271100
v -4.938200 4.003600 3.587800
v -5.436200 4.003600 2.770500
v -4.944800 2.946700 2.520100
v -4.491900 2.946700 3.263500
v -5.801400 4.003600 1.885000
v -5.277100 2.946700 1.714600
v -6.026400 4.003600 0.953900
v -5.481800 2.946700 0.867700
v -2.909000 0.614800 2.908400
v -3.186700 1.211000 3.186000
v -2.417300 0.614800 3.327100
v -2.648000 1.211000 3.644700
v -3.537100 2.002100 3.536300
v -2.939200 2.002100 4.045400
v -1.867100 0.614800 3.665400
v -1.271700 0.614800 3.913800
v -1.393100 1.211000 4.287400
v -2.045400 1.211000 4.015300
v -1.546200 2.002100 4.758800
v -2.270300 2.002100 4.456700
v -1.886200 4.003600 5.805200
v -2.769500 4.003600 5.436700
v -2.519200 2.946700 4.945400
v -1.715700 2.946700 5.280500
v -3.585500 4.003600 4.934900
v -3.261400 2.946700 4.488900
v -4.314800 4.003600 4.314000
v -3.924800 2.946700 3.924100
v -0.643900 0.614800 4.062800
v -0.705400 1.211000 4.450700
v 0.000000 0.614800 4.112500
v 0.000000 1.211000 4.505100
v -0.782900 2.002100 4.940000
v 0.000000 2.002100 5.000400
v 0.643900 0.614800 4.062800
v 1.271700 0.614800 3.913800
v 1.393100 1.211000 4.287400
v 0.705400 1.211000 4.450700
v 1.546200 2.002100 4.758800
v 0.782900 2.002100 4.940000
v 1.886200 4.003600 5.805200
v 0.955100 4.003600 6.026200
v 0.868800 2.946700 5.481600
v 1.715700 2.946700 5.280500
v 0.000000 4.003600 6.099900
v 0.000000 2.946700 5.548600
v -0.955100 4.003600 6.026200
v -0.868800 2.946700 5.481600
v 1.867100 0.614800 3.665400
v 2.045400 1.211000 4.015300
v 2.417300 0.614800 3.327100
v 2.648000 1.211000 3.644700
v 2.270300 2.002100 4.456700
v 2.939200 2.002100 4.045400
v 2.909000 0.614800 2.908400
v 3.329300 0.614800 2.418900
v 3.647100 1.211000 2.649700
v 3.186700 1.211000 3.186000
v 4.048000 2.002100 2.941100
v 3.537100 2.002100 3.536300
v 4.938200 4.003600 3.587800
v 4.314800 4.003600 4.313900
v 3.924800 2.946700 3.924100
v 4.491900 2.946700 3.263500
v 3.585500 4.003600 4.934900
v 3.261400 2.946700 4.488900
v 2.769500 4.003600 5.436700
v 2.519200 2.946700 4.945400
v 3.665000 0.614800 1.867900
v 4.014900 1.211000 2.046200
v 3.911200 0.614800 1.270800
v 4.284600 1.211000 1.392100
v 4.456300 2.002100 2.271100
v 4.755700 2.002100 1.545200
v 4.063000 0.614800 0.643100
v 4.450800 1.211000 0.704500
v 4.940100 2.002100 0.781900
v 6.026400 4.003600 0.953900
v 5.481800 2.946700 0.867700
v 5.801400 4.003600 1.885000
v 5.277100 2.946700 1.714600
v 5.436200 4.003600 2.770500
v 4.944900 2.946700 2.520100
v 5.346600 5.131500 -3.884500
v 5.885800 5.131500 -2.999700
v 5.705300 6.290000 -4.145100
v 6.280600 6.290000 -3.200900
v 6.281200 5.131500 -2.040900
v 6.702600 6.290000 -2.177800
v 6.002200 7.438900 -4.360800
v 6.225500 8.537600 -4.523100
v 6.853300 8.537600 -3.492800
v 6.607500 7.438900 -3.367500
v 7.313700 8.537600 -2.376400
v 7.051400 7.438900 -2.291100
v 7.695100 8.537600 0.000000
v 7.419100 7.438900 0.000000
v 7.324900 7.438900 -1.159400
v 7.597400 8.537600 -1.202500
v 7.052100 6.290000 0.000000
v 6.962600 6.290000 -1.102100
v 6.608800 5.131500 0.000000
v 6.524900 5.131500 -1.032800
v 2.042200 5.131500 -6.285300
v 2.998500 5.131500 -5.886400
v 2.179200 6.290000 -6.706900
v 3.199700 6.290000 -6.281200
v 3.882000 5.131500 -5.343100
v 4.142400 6.290000 -5.701500
v 2.292600 7.438900 -7.056000
v 2.377900 8.537600 -7.318500
v 3.491400 8.537600 -6.854000
v 3.366200 7.438900 -6.608100
v 4.520100 8.537600 -6.221400
v 4.358000 7.438900 -5.998300
v 5.244500 7.438900 -5.243500
v 5.439600 8.537600 -5.438500
v 4.985100 6.290000 -4.984100
v 4.671700 5.131500 -4.670800
v -2.042200 5.131500 -6.285300
v -1.034100 5.131500 -6.524700
v -2.179200 6.290000 -6.706900
v -1.103400 6.290000 -6.962300
v 0.000000 5.131500 -6.604500
v 0.000000 6.290000 -7.047500
v -2.292600 7.438900 -7.056000
v -2.377900 8.537600 -7.318500
v -1.204100 8.537600 -7.597200
v -1.160900 7.438900 -7.324700
v 0.000000 8.537600 -7.690100
v 0.000000 7.438900 -7.414300
v 1.160900 7.438900 -7.324700
v 1.204100 8.537600 -7.597200
v 1.103400 6.290000 -6.962300
v 1.034100 5.131500 -6.524700
v -5.346600 5.131500 -3.884500
v -4.671700 5.131500 -4.670800
v -5.705300 6.290000 -4.145100
v -4.985100 6.290000 -4.984100
v -3.882000 5.131500 -5.343100
v -4.142400 6.290000 -5.701500
v -6.002200 7.438900 -4.360800
v -6.225500 8.537600 -4.523100
v -5.439600 8.537600 -5.438500
v -5.244500 7.438900 -5.243500
v -4.520100 8.537600 -6.221400
v -4.358000 7.438900 -5.998300
v -3.366200 7.438900 -6.608100
v -3.491400 8.537600 -6.854000
v -3.199700 6.290000 -6.281200
v -2.998500 5.131500 -5.886400
v -6.608800 5.131500 0.000000
v -6.524900 5.131500 -1.032800
v -7.052100 6.290000 0.000000
v -6.962600 6.290000 -1.102000
v -6.281200 5.131500 -2.040900
v -6.702600 6.290000 -2.177800
v -7.419100 7.438900 0.000000
v -7.695100 8.537600 0.000000
v -7.597400 8.537600 -1.202500
v -7.324900 7.438900 -1.159400
v -7.313700 8.537600 -2.376400
v -7.051400 7.438900 -2.291100
v -6.607500 7.438900 -3.367500
v -6.853300 8.537600 -3.492800
v -6.280600 6.290000 -3.200900
v -5.885800 5.131500 -2.999700
v -5.346600 5.131500 3.884500
v -5.885800 5.131500 2.999700
v -5.705300 6.290000 4.145100
v -6.280600 6.290000 3.200900
v -6.281200 5.131500 2.040900
v -6.702600 6.290000 2.177800
v -6.002200 7.438900 4.360800
v -6.225500 8.537600 4.523100
v -6.853300 8.537600 3.492800
v -6.607500 7.438900 3.367500
v -7.313700 8.537600 2.376400
v -7.051400 7.438900 2.291100
v -7.324900 7.438900 1.159400
v -7.597400 8.537600 1.202500
v -6.962600 6.290000 1.102100
v -6.524900 5.131500 1.032800
v -2.042200 5.131500 6.285300
v -2.998500 5.131500 5.886400
v -2.179200 6.290000 6.706900
v -3.199700 6.290000 6.281200
v -3.882000 5.131500 5.343100
v -4.142400 6.290000 5.701500
v -2.292600 7.438900 7.056000
v -2.377900 8.537600 7.318500
v -3.491400 8.537600 6.854000
v -3.366200 7.438900 6.608100
v -4.520100 8.537600 6.221400
v -4.358000 7.438900 5.998300
v -5.244500 7.438900 5.243500
v -5.439600 8.537600 5.438500
v -4.985100 6.290000 4.984100
v -4.671700 5.131500 4.670800
v 2.042200 5.131500 6.285300
v 1.034100 5.131500 6.524700
v 2.179200 6.290000 6.706900
v 1.103400 6.290000 6.962300
v 0.000000 5.131500 6.604500
v 0.000000 6.290000 7.047500
v 2.292600 7.438900 7.056000
v 2.377900 8.537600 7.318500
v 1.204100 8.537600 7.597200
v 1.160900 7.438900 7.324700
v 0.000000 8.537600 7.690100
v 0.000000 7.438900 7.414300
v -1.160900 7.438900 7.324700
v -1.204100 8.537600 7.597200
v -1.103400 6.290000 6.962300
v -1.034100 5.131500 6.524700
v 5.346600 5.131500 3.884500
v 4.671700 5.131500 4.670800
v 5.705300 6.290000 4.145100
v 4.985100 6.290000 4.984100
v 3.882000 5.131500 5.343100
v 4.142400 6.290000 5.701500
v 6.002200 7.438900 4.360800
v 6.225500 8.537600 4.523100
v 5.439600 8.537600 5.438500
v 5.244500 7.438900 5.243500
v 4.520100 8.537600 6.221400
v 4.358000 7.438900 5.998300
v 3.366200 7.438900 6.608100
v 3.491400 8.537600 6.854000
v 3.199700 6.290000 6.281200
v 2.998500 5.131500 5.886400
v 6.524900 5.131500 1.032800
v 6.962600 6.290000 1.102000
v 6.281200 5.131500 2.040900
v 6.702600 6.290000 2.177800
v 7.597400 8.537600 1.202500
v 7.324900 7.438900 1.159400
v 7.313700 8.537600 2.376400
v 7.051400 7.438900 2.291100
v 6.607500 7.438900 3.367500
v 6.853300 8.537600 3.492800
v 6.280600 6.290000 3.200900
v 5.885800 5.131500 2.999700
v 6.363200 9.545900 -4.623100
v 7.004900 9.545900 -3.570100
v 6.412900 10.467700 -4.659300
v 7.059600 10.467700 -3.597900
v 7.475500 9.545900 -2.428900
v 7.533900 10.467700 -2.447900
v 6.372200 11.307000 -4.629700
v 6.238500 12.067900 -4.532600
v 6.867700 12.067900 -3.500100
v 7.014800 11.307000 -3.575100
v 7.329100 12.067900 -2.381400
v 7.486100 11.307000 -2.432400
v 7.711300 12.067900 0.000000
v 7.876500 11.307000 0.000000
v 7.776500 11.307000 -1.230900
v 7.613400 12.067900 -1.205100
v 7.926800 10.467700 0.000000
v 7.826200 10.467700 -1.238700
v 7.865400 9.545900 0.000000
v 7.765500 9.545900 -1.229100
v 2.430500 9.545900 -7.480400
v 3.568700 9.545900 -7.005600
v 2.449500 10.467700 -7.538800
v 3.596500 10.467700 -7.060300
v 4.620100 9.545900 -6.359100
v 4.656200 10.467700 -6.408700
v 2.434000 11.307000 -7.490900
v 2.382900 12.067900 -7.333900
v 3.498700 12.067900 -6.868400
v 3.573700 11.307000 -7.015500
v 4.529600 12.067900 -6.234500
v 4.626600 11.307000 -6.368000
v 5.567800 11.307000 -5.566700
v 5.451000 12.067900 -5.449900
v 5.603400 10.467700 -5.602300
v 5.560000 9.545900 -5.558800
v -2.430500 9.545900 -7.480400
v -1.230700 9.545900 -7.765300
v -2.449500 10.467700 -7.538800
v -1.240300 10.467700 -7.825900
v 0.000000 9.545900 -7.860200
v 0.000000 10.467700 -7.921600
v -2.434000 11.307000 -7.490900
v -2.382900 12.067900 -7.333900
v -1.206600 12.067900 -7.613100
v -1.232400 11.307000 -7.776200
v 0.000000 12.067900 -7.706200
v 0.000000 11.307000 -7.871300
v 1.232400 11.307000 -7.776200
v 1.206600 12.067900 -7.613100
v 1.240300 10.467700 -7.825900
v 1.230700 9.545900 -7.765300
v -6.363200 9.545900 -4.623100
v -5.560000 9.545900 -5.558800
v -6.412900 10.467700 -4.659300
v -5.603400 10.467700 -5.602300
v -4.620100 9.545900 -6.359100
v -4.656200 10.467700 -6.408700
v -6.372200 11.307000 -4.629700
v -6.238500 12.067900 -4.532600
v -5.451000 12.067900 -5.449900
v -5.567800 11.307000 -5.566700
v -4.529600 12.067900 -6.234500
v -4.626600 11.307000 -6.368000
v -3.573700 11.307000 -7.015500
v -3.498700 12.067900 -6.868400
v -3.596500 10.467700 -7.060300
v -3.568700 9.545900 -7.005600
v -7.865400 9.545900 0.000000
v -7.765500 9.545900 -1.229100
v -7.926800 10.467700 0.000000
v -7.826200 10.467700 -1.238700
v -7.475500 9.545900 -2.428900
v -7.533900 10.467700 -2.447900
v -7.876500 11.307000 0.000000
v -7.711300 12.067900 0.000000
v -7.613400 12.067900 -1.205100
v -7.776500 11.307000 -1.230900
v -7.329100 12.067900 -2.381400
v -7.486100 11.307000 -2.432400
v -7.014800 11.307000 -3.575100
v -6.867700 12.067900 -3.500100
v -7.059600 10.467700 -3.597900
v -7.004900 9.545900 -3.570100
v -6.363200 9.545900 4.623100
v -7.004900 9.545900 3.570100
v -6.412900 10.467700 4.659300
v -7.059600 10.467700 3.597900
v -7.475500 9.545900 2.428900
v -7.533900 10.467700 2.447900
v -6.372200 11.307000 4.629700
v -6.238500 12.067900 4.532600
v -6.867700 12.067900 3.500100
v -7.014800 11.307000 3.575100
v -7.329100 12.067900 2.381400
v -7.486100 11.307000 2.432400
v -7.776500 11.307000 1.230900
v -7.613400 12.067900 1.205100
v -7.826200 10.467700 1.238700
v -7.765500 9.545900 1.229100
v -2.430500 9.545900 7.480400
v -3.568700 9.545900 7.005600
v -2.449500 10.467700 7.538800
v -3.596500 10.467700 7.060300
v -4.620100 9.545900 6.359100
v -4.656200 10.467700 6.408700
v -2.434000 11.307000 7.490900
v -2.382900 12.067900 7.333900
v -3.498700 12.067900 6.868400
v -3.573700 11.307000 7.015500
v -4.529600 12.067900 6.234500
v -4.626600 11.307000 6.368000
v -5.567800 11.307000 5.566700
v -5.451000 12.067900 5.450000
v -5.603400 10.467700 5.602300
v -5.560000 9.545900 5.558800
v 2.430500 9.545900 7.480400
v 1.230700 9.545900 7.765300
v 2.449500 10.467700 7.538800
v 1.240300 10.467700 7.825900
v 0.000000 9.545900 7.860200
v 0.000000 10.467700 7.921600
v 2.434000 11.307000 7.490900
v 2.382900 12.067900 7.333900
v 1.206600 12.067900 7.613100
v 1.232400 11.307000 7.776200
v 0.000000 12.067900 7.706200
v 0.000000 11.307000 7.871300
v -1.232400 11.307000 7.776200
v -1.206600 12.067900 7.613100
v -1.240300 10.467700 7.825900
v -1.230700 9.545900 7.765300
v 6.363200 9.545900 4.623100
v 5.560000 9.545900 5.558800
v 6.412900 10.467700 4.659300
v 5.603400 10.467700 5.602300
v 4.620100 9.545900 6.359000
v 4.656200 10.467700 6.408700
v 6.372200 11.307000 4.629700
v 6.238500 12.067900 4.532600
v 5.451000 12.067900 5.449900
v 5.567800 11.307000 5.566700
v 4.529600 12.067900 6.234500
v 4.626600 11.307000 6.368000
v 3.573700 11.307000 7.015500
v 3.498700 12.067900 6.868400
v 3.596500 10.467700 7.060300
v 3.568700 9.545900 7.005600
v 7.765500 9.545900 1.229100
v 7.826200 10.467700 1.238700
v 7.475500 9.545900 2.428900
v 7.533900 10.467700 2.447900
v 7.613400 12.067900 1.205100
v 7.776500 11.307000 1.230900
v 7.329100 12.067900 2.381400
v 7.486100 11.307000 2.432400
v 7.014800 11.307000 3.575100
v 6.867700 12.067900 3.500100
v 7.059600 10.467700 3.597900
v 7.004900 9.545900 3.570100
v 6.009600 12.754300 -4.366200
v 6.615600 12.754300 -3.371600
v 5.696400 13.374200 -4.138700
v 6.270800 13.374200 -3.195900
v 7.060100 12.754300 -2.294000
v 6.692100 13.374200 -2.174400
v 5.310200 13.935500 -3.858100
v 4.862000 14.446300 -3.532500
v 5.352300 14.446300 -2.727800
v 5.845700 13.935500 -2.979200
v 5.711900 14.446300 -1.855900
v 6.238400 13.935500 -2.027000
v 6.009800 14.446300 0.000000
v 6.563700 13.935500 0.000000
v 6.480400 13.935500 -1.025700
v 5.933500 14.446300 -0.939200
v 7.041100 13.374200 0.000000
v 6.951800 13.374200 -1.100300
v 7.428200 12.754300 0.000000
v 7.333900 12.754300 -1.160800
v 2.295500 12.754300 -7.064700
v 3.370300 12.754300 -6.616300
v 2.175800 13.374200 -6.696500
v 3.194700 13.374200 -6.271500
v 4.363400 12.754300 -6.005600
v 4.136000 13.374200 -5.692700
v 2.028300 13.935500 -6.242500
v 1.857100 14.446300 -5.715600
v 2.726700 14.446300 -5.352900
v 2.978100 13.935500 -5.846300
v 3.530200 14.446300 -4.858800
v 3.855500 13.935500 -5.306700
v 4.639800 13.935500 -4.638900
v 4.248300 14.446300 -4.247400
v 4.977300 13.374200 -4.976300
v 5.251000 12.754300 -5.249900
v -2.295500 12.754300 -7.064700
v -1.162300 12.754300 -7.333700
v -2.175800 13.374200 -6.696500
v -1.101700 13.374200 -6.951500
v 0.000000 12.754300 -7.423400
v 0.000000 13.374200 -7.036500
v -2.028300 13.935500 -6.242500
v -1.857100 14.446300 -5.715600
v -0.940300 14.446300 -5.933300
v -1.027000 13.935500 -6.480200
v 0.000000 14.446300 -6.005800
v 0.000000 13.935500 -6.559400
v 1.027000 13.935500 -6.480200
v 0.940300 14.446300 -5.933300
v 1.101700 13.374200 -6.951500
v 1.162300 12.754300 -7.333700
v -6.009600 12.754300 -4.366200
v -5.251000 12.754300 -5.249900
v -5.696400 13.374200 -4.138700
v -4.977300 13.374200 -4.976300
v -4.363400 12.754300 -6.005600
v -4.136000 13.374200 -5.692700
v -5.310200 13.935500 -3.858100
v -4.862000 14.446300 -3.532500
v -4.248300 14.446300 -4.247400
v -4.639800 13.935500 -4.638900
v -3.530200 14.446300 -4.858800
v -3.855500 13.935500 -5.306700
v -2.978100 13.935500 -5.846300
v -2.726700 14.446300 -5.352900
v -3.194700 13.374200 -6.271500
v -3.370300 12.754300 -6.616300
v -7.428200 12.754300 0.000000
v -7.333900 12.754300 -1.160800
v -7.041100 13.374200 0.000000
v -6.951800 13.374200 -1.100300
v -7.060100 12.754300 -2.294000
v -6.692100 13.374200 -2.174400
v -6.563700 13.935500 0.000000
v -6.009800 14.446300 0.000000
v -5.933500 14.446300 -0.939200
v -6.480400 13.935500 -1.025700
v -5.711900 14.446300 -1.855900
v -6.238400 13.935500 -2.027000
v -5.845700 13.935500 -2.979200
v -5.352300 14.446300 -2.727800
v -6.270800 13.374200 -3.195900
v -6.615600 12.754300 -3.371600
v -6.009600 12.754300 4.366200
v -6.615600 12.754300 3.371700
v -5.696400 13.374200 4.138700
v -6.270800 13.374200 3.195900
v -7.060100 12.754300 2.294000
v -6.692100 13.374200 2.174400
v -5.310200 13.935500 3.858100
v -4.862000 14.446300 3.532500
v -5.352300 14.446300 2.727800
v -5.845700 13.935500 2.979200
v -5.711900 14.446300 1.855900
v -6.238400 13.935500 2.027000
v -6.480400 13.935500 1.025700
v -5.933500 14.446300 0.939200
v -6.951800 13.374200 1.100300
v -7.333900 12.754300 1.160800
v -2.295500 12.754300 7.064700
v -3.370300 12.754300 6.616300
v -2.175800 13.374200 6.696500
v -3.194700 13.374200 6.271500
v -4.363400 12.754300 6.005700
v -4.136000 13.374200 5.692700
v -2.028300 13.935500 6.242500
v -1.857100 14.446300 5.715600
v -2.726700 14.446300 5.352900
v -2.978100 13.935500 5.846300
v -3.530100 14.446300 4.858800
v -3.855500 13.935500 5.306700
v -4.639800 13.935500 4.638900
v -4.248300 14.446300 4.247400
v -4.977300 13.374200 4.976300
v -5.251000 12.754300 5.249900
v 2.295500 12.754300 7.064700
v 1.162300 12.754300 7.333700
v 2.175800 13.374200 6.696500
v 1.101700 13.374200 6.951500
v 0.000000 12.754300 7.423400
v 0.000000 13.374200 7.036500
v 2.028300 13.935500 6.242500
v 1.857100 14.446300 5.715600
v 0.940300 14.446300 5.933300
v 1.027000 13.935500 6.480200
v 0.000000 14.446300 6.005800
v 0.000000 13.935500 6.559400
v -1.027000 13.935500 6.480200
v -0.940300 14.446300 5.933300
v -1.101700 13.374200 6.951500
v -1.162300 12.754300 7.333700
v 6.009600 12.754300 4.366200
v 5.251000 12.754300 5.249900
v 5.696400 13.374200 4.138700
v 4.977300 13.374200 4.976300
v 4.363400 12.754300 6.005600
v 4.136000 13.374200 5.692700
v 5.310200 13.935500 3.858100
v 4.862000 14.446300 3.532500
v 4.248300 14.446300 4.247400
v 4.639800 13.935500 4.638900
v 3.530200 14.446300 4.858800
v 3.855500 13.935500 5.306700
v 2.978100 13.935500 5.846300
v 2.726700 14.446300 5.352900
v 3.194700 13.374200 6.271500
v 3.370300 12.754300 6.616300
v 7.333900 12.754300 1.160800
v 6.951800 13.374200 1.100300
v 7.060100 12.754300 2.294000
v 6.692100 13.374200 2.174400
v 5.933500 14.446300 0.939200
v 6.480400 13.935500 1.025700
v 5.711900 14.446300 1.855900
v 6.238400 13.935500 2.027000
v 5.845700 13.935500 2.979200
v 5.352300 14.446300 2.727800
v 6.270800 13.374200 3.195900
v 6.615600 12.754300 3.371600
v 2.918200 16.289900 -2.120200
v 2.572700 16.813999 -1.869100
v 2.832100 16.813999 -1.443400
v 3.212400 16.289900 -1.637200
v 2.306900 17.399300 -1.676100
v 2.539500 17.399300 -1.294300
v 3.022400 16.813999 -0.982000
v 3.428300 16.289900 -1.113900
v 2.710100 17.399300 -0.880600
v 2.108800 18.059099 -1.532100
v 1.966200 18.806601 -1.428500
v 2.164500 18.806601 -1.103100
v 2.321400 18.059099 -1.183100
v 2.309900 18.806601 -0.750500
v 2.477400 18.059099 -0.805000
v 2.430400 18.806601 0.000000
v 2.606600 18.059099 0.000000
v 2.573500 18.059099 -0.407300
v 2.399500 18.806601 -0.379800
v 2.851500 17.399300 0.000000
v 2.815300 17.399300 -0.445600
v 3.180000 16.813999 0.000000
v 3.607000 16.289900 0.000000
v 3.561300 16.289900 -0.563700
v 3.139600 16.813999 -0.496900
v 1.114600 16.289900 -3.430500
v 0.982700 16.813999 -3.024300
v 1.442800 16.813999 -2.832400
v 1.636600 16.289900 -3.212800
v 0.881200 17.399300 -2.711900
v 1.293800 17.399300 -2.539800
v 1.867900 16.813999 -2.571000
v 2.118800 16.289900 -2.916300
v 1.675000 17.399300 -2.305400
v 0.805500 18.059099 -2.479000
v 0.751000 18.806601 -2.311400
v 1.102700 18.806601 -2.164700
v 1.182700 18.059099 -2.321700
v 1.427600 18.806601 -1.964900
v 1.531100 18.059099 -2.107400
v 1.842600 18.059099 -1.842200
v 1.718000 18.806601 -1.717700
v 2.015700 17.399300 -2.015300
v 2.549800 16.289900 -2.549300
v 2.247900 16.813999 -2.247500
v -1.114600 16.289900 -3.430500
v -0.982700 16.813999 -3.024300
v -0.497600 16.813999 -3.139500
v -0.564400 16.289900 -3.561100
v -0.881200 17.399300 -2.711900
v -0.446200 17.399300 -2.815200
v 0.000000 16.813999 -3.177900
v 0.000000 16.289900 -3.604700
v 0.000000 17.399300 -2.849600
v -0.805500 18.059099 -2.479000
v -0.751000 18.806601 -2.311400
v -0.380300 18.806601 -2.399400
v -0.407900 18.059099 -2.573400
v 0.000000 18.806601 -2.428800
v 0.000000 18.059099 -2.604900
v 0.407900 18.059099 -2.573400
v 0.380300 18.806601 -2.399400
v 0.446200 17.399300 -2.815200
v 0.564400 16.289900 -3.561100
v 0.497600 16.813999 -3.139500
v -2.918200 16.289900 -2.120200
v -2.572700 16.813999 -1.869100
v -2.247900 16.813999 -2.247500
v -2.549800 16.289900 -2.549300
v -2.306900 17.399300 -1.676100
v -2.015700 17.399300 -2.015300
v -1.867900 16.813999 -2.571000
v -2.118800 16.289900 -2.916300
v -1.675000 17.399300 -2.305400
v -2.108800 18.059099 -1.532100
v -1.966200 18.806601 -1.428500
v -1.718000 18.806601 -1.717700
v -1.842600 18.059099 -1.842200
v -1.427600 18.806601 -1.964900
v -1.531100 18.059099 -2.107400
v -1.182700 18.059099 -2.321700
v -1.102700 18.806601 -2.164700
v -1.293800 17.399300 -2.539800
v -1.636600 16.289900 -3.212800
v -1.442800 16.813999 -2.832400
v -3.607000 16.289900 0.000000
v -3.180000 16.813999 0.000000
v -3.139600 16.813999 -0.496900
v -3.561300 16.289900 -0.563700
v -2.851500 17.399300 0.000000
v -2.815300 17.399300 -0.445600
v -3.022400 16.813999 -0.982000
v -3.428300 16.289900 -1.113900
v -2.710100 17.399300 -0.880600
v -2.606600 18.059099 0.000000
v -2.430400 18.806601 0.000000
v -2.399500 18.806601 -0.379800
v -2.573500 18.059099 -0.407300
v -2.309900 18.806601 -0.750500
v -2.477400 18.059099 -0.805000
v -2.321400 18.059099 -1.183100
v -2.164500 18.806601 -1.103100
v -2.539500 17.399300 -1.294300
v -3.212400 16.289900 -1.637200
v -2.832100 16.813999 -1.443400
v -2.918200 16.289900 2.120200
v -2.572700 16.813999 1.869100
v -2.832100 16.813999 1.443400
v -3.212400 16.289900 1.637200
v -2.306900 17.399300 1.676100
v -2.539500 17.399300 1.294300
v -3.022400 16.813999 0.982000
v -3.428300 16.289900 1.113900
v -2.710100 17.399300 0.880600
v -2.108800 18.059099 1.532100
v -1.966200 18.806601 1.428500
v -2.164500 18.806601 1.103100
v -2.321400 18.059099 1.183100
v -2.309900 18.806601 0.750500
v -2.477400 18.059099 0.805000
v -2.573500 18.059099 0.407300
v -2.399500 18.806601 0.379800
v -2.815300 17.399300 0.445600
v -3.561300 16.289900 0.563700
v -3.139600 16.813999 0.496900
v -1.114600 16.289900 3.430500
v -0.982700 16.813999 3.024300
v -1.442800 16.813999 2.832400
v -1.636600 16.289900 3.212800
v -0.881200 17.399300 2.711900
v -1.293800 17.399300 2.539800
v -1.867900 16.813999 2.571000
v -2.118800 16.289900 2.916300
v -1.675000 17.399300 2.305400
v -0.805500 18.059099 2.479000
v -0.751000 18.806601 2.311400
v -1.102700 18.806601 2.164700
v -1.182700 18.059099 2.321700
v -1.427600 18.806601 1.964900
v -1.531100 18.059099 2.107400
v -1.842600 18.059099 1.842200
v -1.718000 18.806601 1.717700
v -2.015700 17.399300 2.015300
v -2.549800 16.289900 2.549300
v -2.247900 16.813999 2.247500
v 1.114600 16.289900 3.430500
v 0.982700 16.813999 3.024300
v 0.497600 16.813999 3.139500
v 0.564400 16.289900 3.561100
v 0.881200 17.399300 2.711900
v 0.446200 17.399300 2.815200
v 0.000000 16.813999 3.177900
v 0.000000 16.289900 3.604700
v 0.000000 17.399300 2.849600
v 0.805500 18.059099 2.479000
v 0.751000 18.806601 2.311400
v 0.380300 18.806601 2.399400
v 0.407900 18.059099 2.573400
v 0.000000 18.806601 2.428800
v 0.000000 18.059099 2.604900
v -0.407900 18.059099 2.573400
v -0.380300 18.806601 2.399400
v -0.446200 17.399300 2.815200
v -0.564400 16.289900 3.561100
v -0.497600 16.813999 3.139500
v 2.918200 16.289900 2.120200
v 2.572700 16.813999 1.869100
v 2.247900 16.813999 2.247500
v 2.549800 16.289900 2.549300
v 2.306900 17.399300 1.676100
v 2.015700 17.399300 2.015300
v 1.867900 16.813999 2.571000
v 2.118800 16.289900 2.916300
v 1.675000 17.399300 2.305400
v 2.108800 18.059099 1.532100
v 1.966200 18.806601 1.428500
v 1.718000 18.806601 1.717700
v 1.842600 18.059099 1.842200
v 1.427600 18.806601 1.964900
v 1.531100 18.059099 2.107400
v 1.182700 18.059099 2.321700
v 1.102700 18.806601 2.164700
v 1.293800 17.399300 2.539800
v 1.636600 16.289900 3.212800
v 1.442800 16.813999 2.832400
v 3.139600 16.813999 0.496900
v 3.561300 16.289900 0.563700
v 2.815300 17.399300 0.445600
v 3.022400 16.813999 0.982000
v 3.428300 16.289900 1.113900
v 2.710100 17.399300 0.880600
v 2.399500 18.806601 0.379800
v 2.573500 18.059099 0.407300
v 2.309900 18.806601 0.750500
v 2.477400 18.059099 0.805000
v 2.321400 18.059099 1.183100
v 2.164500 18.806601 1.103100
v 2.539500 17.399300 1.294300
v 3.212400 16.289900 1.637200
v 2.832100 16.813999 1.443400
v 1.776700 22.733299 -1.290800
v 1.797600 23.911699 -1.306000
v 1.978900 23.911699 -1.008500
v 1.955900 22.733299 -0.996800
v 1.831300 25.063700 -1.330500
v 2.016000 25.063700 -1.027400
v 2.111800 23.911699 -0.686200
v 2.087300 22.733299 -0.678200
v 2.151400 25.063700 -0.699000
v 1.868500 26.091700 -1.357600
v 1.900100 26.897800 -1.380500
v 2.091800 26.897800 -1.066100
v 2.057000 26.091700 -1.048300
v 2.232300 26.897800 -0.725300
v 2.195100 26.091700 -0.713200
v 2.348700 26.897800 0.000000
v 2.309600 26.091700 0.000000
v 2.280300 26.091700 -0.360900
v 2.318900 26.897800 -0.367000
v 2.263600 25.063700 0.000000
v 2.234900 25.063700 -0.353700
v 2.222000 23.911699 0.000000
v 2.196100 22.733299 0.000000
v 2.168200 22.733299 -0.343200
v 2.193800 23.911699 -0.347200
v 0.678600 22.733299 -2.088600
v 0.686600 23.911699 -2.113200
v 1.008100 23.911699 -1.979100
v 0.996400 22.733299 -1.956100
v 0.699500 25.063700 -2.152800
v 1.027000 25.063700 -2.016200
v 1.305200 23.911699 -1.796400
v 1.290000 22.733299 -1.775500
v 1.329600 25.063700 -1.830100
v 0.713700 26.091700 -2.196600
v 0.725800 26.897800 -2.233800
v 1.065700 26.897800 -2.092000
v 1.047900 26.091700 -2.057200
v 1.379600 26.897800 -1.898900
v 1.356700 26.091700 -1.867300
v 1.632700 26.091700 -1.632300
v 1.660300 26.897800 -1.660000
v 1.600100 25.063700 -1.599800
v 1.552400 22.733299 -1.552100
v 1.570700 23.911699 -1.570400
v -0.678600 22.733299 -2.088600
v -0.686600 23.911699 -2.113200
v -0.347700 23.911699 -2.193700
v -0.343600 22.733299 -2.168200
v -0.699500 25.063700 -2.152800
v -0.354200 25.063700 -2.234800
v 0.000000 23.911699 -2.220500
v 0.000000 22.733299 -2.194700
v 0.000000 25.063700 -2.262100
v -0.713700 26.091700 -2.196600
v -0.725800 26.897800 -2.233800
v -0.367500 26.897800 -2.318800
v -0.361400 26.091700 -2.280200
v 0.000000 26.897800 -2.347200
v 0.000000 26.091700 -2.308100
v 0.361400 26.091700 -2.280200
v 0.367500 26.897800 -2.318800
v 0.354200 25.063700 -2.234800
v 0.343600 22.733299 -2.168200
v 0.347700 23.911699 -2.193700
v -1.776700 22.733299 -1.290800
v -1.797600 23.911699 -1.306000
v -1.570700 23.911699 -1.570400
v -1.552400 22.733299 -1.552100
v -1.831300 25.063700 -1.330500
v -1.600100 25.063700 -1.599800
v -1.305200 23.911699 -1.796400
v -1.290000 22.733299 -1.775500
v -1.329600 25.063700 -1.830100
v -1.868500 26.091700 -1.357600
v -1.900100 26.897800 -1.380500
v -1.660300 26.897800 -1.659900
v -1.632700 26.091700 -1.632300
v -1.379600 26.897800 -1.898900
v -1.356700 26.091700 -1.867300
v -1.047900 26.091700 -2.057200
v -1.065700 26.897800 -2.092000
v -1.027000 25.063700 -2.016200
v -0.996400 22.733299 -1.956100
v -1.008100 23.911699 -1.979100
v -2.196100 22.733299 0.000000
v -2.222000 23.911699 0.000000
v -2.193800 23.911699 -0.347200
v -2.168200 22.733299 -0.343200
v -2.263600 25.063700 0.000000
v -2.234900 25.063700 -0.353700
v -2.111800 23.911699 -0.686200
v -2.087300 22.733299 -0.678200
v -2.151400 25.063700 -0.699000
v -2.309600 26.091700 0.000000
v -2.348700 26.897800 0.000000
v -2.318900 26.897800 -0.367000
v -2.280300 26.091700 -0.360900
v -2.232300 26.897800 -0.725300
v -2.195100 26.091700 -0.713200
v -2.057000 26.091700 -1.048300
v -2.091800 26.897800 -1.066100
v -2.016000 25.063700 -1.027400
v -1.955900 22.733299 -0.996800
v -1.978900 23.911699 -1.008500
v -1.776700 22.733299 1.290800
v -1.797600 23.911699 1.306000
v -1.978900 23.911699 1.008500
v -1.955900 22.733299 0.996800
v -1.831300 25.063700 1.330500
v -2.016000 25.063700 1.027400
v -2.111800 23.911699 0.686200
v -2.087300 22.733299 0.678200
v -2.151400 25.063700 0.699000
v -1.868500 26.091700 1.357600
v -1.900100 26.897800 1.380500
v -2.091800 26.897800 1.066100
v -2.057000 26.091700 1.048300
v -2.232300 26.897800 0.725300
v -2.195100 26.091700 0.713200
v -2.280300 26.091700 0.360900
v -2.318900 26.897800 0.367000
v -2.234900 25.063700 0.353700
v -2.168200 22.733299 0.343200
v -2.193800 23.911699 0.347200
v -0.678600 22.733299 2.088600
v -0.686600 23.911699 2.113200
v -1.008100 23.911699 1.979100
v -0.996400 22.733299 1.956100
v -0.699500 25.063700 2.152800
v -1.027000 25.063700 2.016200
v -1.305200 23.911699 1.796400
v -1.290000 22.733299 1.775500
v -1.329600 25.063700 1.830100
v -0.713700 26.091700 2.196600
v -0.725800 26.897800 2.233800
v -1.065700 26.897800 2.092000
v -1.047900 26.091700 2.057200
v -1.379600 26.897800 1.898900
v -1.356700 26.091700 1.867300
v -1.632700 26.091700 1.632300
v -1.660300 26.897800 1.660000
v -1.600100 25.063700 1.599800
v -1.552400 22.733299 1.552100
v -1.570700 23.911699 1.570400
v 0.678600 22.733299 2.088600
v 0.686600 23.911699 2.113200
v 0.347700 23.911699 2.193700
v 0.343600 22.733299 2.168200
v 0.699500 25.063700 2.152800
v 0.354200 25.063700 2.234800
v 0.000000 23.911699 2.220500
v 0.000000 22.733299 2.194700
v 0.000000 25.063700 2.262100
v 0.713700 26.091700 2.196600
v 0.725800 26.897800 2.233800
v 0.367500 26.897800 2.318800
v 0.361400 26.091700 2.280200
v 0.000000 26.897800 2.347200
v 0.000000 26.091700 2.308100
v -0.361400 26.091700 2.280200
v -0.367500 26.897800 2.318800
v -0.354200 25.063700 2.234800
v -0.343600 22.733299 2.168200
v -0.347700 23.911699 2.193700
v 1.776700 22.733299 1.290800
v 1.797600 23.911699 1.306000
v 1.570700 23.911699 1.570400
v 1.552400 22.733299 1.552100
v 1.831300 25.063700 1.330500
v 1.600100 25.063700 1.599800
v 1.305200 23.911699 1.796400
v 1.290000 22.733299 1.775500
v 1.329600 25.063700 1.830100
v 1.868500 26.091700 1.357600
v 1.900100 26.897800 1.380500
v 1.660300 26.897800 1.659900
v 1.632700 26.091700 1.632300
v 1.379600 26.897800 1.898900
v 1.356700 26.091700 1.867300
v 1.047900 26.091700 2.057200
v 1.065700 26.897800 2.092000
v 1.027000 25.063700 2.016200
v 0.996400 22.733299 1.956100
v 1.008100 23.911699 1.979100
v 2.193800 23.911699 0.347200
v 2.168200 22.733299 0.343200
v 2.234900 25.063700 0.353700
v 2.111800 23.911699 0.686200
v 2.087300 22.733299 0.678200
v 2.151400 25.063700 0.699000
v 2.318900 26.897800 0.367000
v 2.280300 26.091700 0.360900
v 2.232300 26.897800 0.725300
v 2.195100 26.091700 0.713200
v 2.057000 26.091700 1.048300
v 2.091800 26.897800 1.066100
v 2.016000 25.063700 1.027400
v 1.955900 22.733299 0.996800
v 1.978900 23.911699 1.008500
v 4.363100 14.914500 -3.170000
v 4.803100 14.914500 -2.447900
v 3.849000 15.362800 -2.796500
v 4.237200 15.362800 -2.159500
v 5.125800 14.914500 -1.665500
v 4.521800 15.362800 -1.469200
v 3.355500 15.813700 -2.437900
v 3.693900 15.813700 -1.882600
v 3.942100 15.813700 -1.280900
v 4.147600 15.813700 0.000000
v 4.095000 15.813700 -0.648200
v 4.757700 15.362800 0.000000
v 4.697300 15.362800 -0.743500
v 5.393100 14.914500 0.000000
v 5.324600 14.914500 -0.842800
v 1.666500 14.914500 -5.129100
v 2.446900 14.914500 -4.803600
v 1.470200 15.362800 -4.524800
v 2.158600 15.362800 -4.237600
v 3.167900 14.914500 -4.360200
v 2.794700 15.362800 -3.846500
v 1.281700 15.813700 -3.944600
v 1.881900 15.813700 -3.694300
v 2.436300 15.813700 -3.353300
v 2.931900 15.813700 -2.931300
v 3.363200 15.362800 -3.362500
v 3.812300 14.914500 -3.811600
v -1.666500 14.914500 -5.129100
v -0.843900 14.914500 -5.324400
v -1.470200 15.362800 -4.524800
v -0.744400 15.362800 -4.697100
v 0.000000 14.914500 -5.389500
v 0.000000 15.362800 -4.754600
v -1.281700 15.813700 -3.944600
v -0.649000 15.813700 -4.094800
v 0.000000 15.813700 -4.144900
v 0.649000 15.813700 -4.094800
v 0.744400 15.362800 -4.697100
v 0.843900 14.914500 -5.324400
v -4.363100 14.914500 -3.170000
v -3.812300 14.914500 -3.811600
v -3.849000 15.362800 -2.796500
v -3.363200 15.362800 -3.362500
v -3.167900 14.914500 -4.360200
v -2.794700 15.362800 -3.846500
v -3.355500 15.813700 -2.437900
v -2.931900 15.813700 -2.931300
v -2.436300 15.813700 -3.353300
v -1.881900 15.813700 -3.694300
v -2.158600 15.362800 -4.237600
v -2.446900 14.914500 -4.803600
v -5.393100 14.914500 0.000000
v -5.324600 14.914500 -0.842800
v -4.757700 15.362800 0.000000
v -4.697300 15.362800 -0.743500
v -5.125800 14.914500 -1.665500
v -4.521800 15.362800 -1.469200
v -4.147600 15.813700 0.000000
v -4.095000 15.813700 -0.648200
v -3.942100 15.813700 -1.280900
v -3.693900 15.813700 -1.882600
v -4.237200 15.362800 -2.159500
v -4.803100 14.914500 -2.447900
v -4.363100 14.914500 3.170000
v -4.803100 14.914500 2.447900
v -3.849000 15.362800 2.796500
v -4.237200 15.362800 2.159500
v -5.125800 14.914500 1.665500
v -4.521800 15.362800 1.469200
v -3.355500 15.813700 2.437900
v -3.693900 15.813700 1.882600
v -3.942100 15.813700 1.280900
v -4.095000 15.813700 0.648200
v -4.697300 15.362800 0.743500
v -5.324600 14.914500 0.842800
v -1.666500 14.914500 5.129100
v -2.446900 14.914500 4.803600
v -1.470200 15.362800 4.524800
v -2.158600 15.362800 4.237600
v -3.167900 14.914500 4.360200
v -2.794700 15.362800 3.846500
v -1.281700 15.813700 3.944600
v -1.881900 15.813700 3.694300
v -2.436300 15.813700 3.353300
v -2.931900 15.813700 2.931300
v -3.363200 15.362800 3.362500
v -3.812300 14.914500 3.811600
v 1.666500 14.914500 5.129100
v 0.843900 14.914500 5.324400
v 1.470200 15.362800 4.524800
v 0.744400 15.362800 4.697100
v 0.000000 14.914500 5.389500
v 0.000000 15.362800 4.754600
v 1.281700 15.813700 3.944600
v 0.649000 15.813700 4.094800
v 0.000000 15.813700 4.144900
v -0.649000 15.813700 4.094800
v -0.744400 15.362800 4.697100
v -0.843900 14.914500 5.324400
v 4.363100 14.914500 3.170000
v 3.812300 14.914500 3.811600
v 3.849000 15.362800 2.796500
v 3.363200 15.362800 3.362500
v 3.167900 14.914500 4.360200
v 2.794700 15.362800 3.846500
v 3.355500 15.813700 2.437900
v 2.931900 15.813700 2.931300
v 2.436300 15.813700 3.353300
v 1.881900 15.813700 3.694300
v 2.158600 15.362800 4.237600
v 2.446900 14.914500 4.803600
v 5.324600 14.914500 0.842800
v 4.697300 15.362800 0.743500
v 5.125800 14.914500 1.665500
v 4.521800 15.362800 1.469200
v 4.095000 15.813700 0.648200
v 3.942100 15.813700 1.280900
v 3.693900 15.813700 1.882600
v 4.237200 15.362800 2.159500
v 4.803100 14.914500 2.447900
v 1.867100 19.655300 -1.356500
v 2.055400 19.655300 -1.047500
v 1.806000 20.597601 -1.312200
v 1.988200 20.597601 -1.013300
v 2.193500 19.655300 -0.712700
v 2.121800 20.597601 -0.689400
v 1.777700 21.626101 -1.291600
v 1.957000 21.626101 -0.997400
v 2.088500 21.626101 -0.678600
v 2.197400 21.626101 0.000000
v 2.169500 21.626101 -0.343400
v 2.232400 20.597601 0.000000
v 2.204100 20.597601 -0.348900
v 2.307800 19.655300 0.000000
v 2.278500 19.655300 -0.360700
v 0.713200 19.655300 -2.194900
v 1.047100 19.655300 -2.055600
v 0.689800 20.597601 -2.123100
v 1.012900 20.597601 -1.988400
v 1.355600 19.655300 -1.865900
v 1.311300 20.597601 -1.804900
v 0.679000 21.626101 -2.089800
v 0.997000 21.626101 -1.957200
v 1.290700 21.626101 -1.776600
v 1.553300 21.626101 -1.553000
v 1.578100 20.597601 -1.577800
v 1.631400 19.655300 -1.631100
v -0.713200 19.655300 -2.194900
v -0.361100 19.655300 -2.278500
v -0.689800 20.597601 -2.123100
v -0.349300 20.597601 -2.204000
v 0.000000 19.655300 -2.306300
v 0.000000 20.597601 -2.230900
v -0.679000 21.626101 -2.089800
v -0.343800 21.626101 -2.169400
v 0.000000 21.626101 -2.195900
v 0.343800 21.626101 -2.169400
v 0.349300 20.597601 -2.204000
v 0.361100 19.655300 -2.278500
v -1.867100 19.655300 -1.356500
v -1.631400 19.655300 -1.631100
v -1.806000 20.597601 -1.312200
v -1.578100 20.597601 -1.577800
v -1.355600 19.655300 -1.865900
v -1.311300 20.597601 -1.804900
v -1.777700 21.626101 -1.291600
v -1.553300 21.626101 -1.553000
v -1.290700 21.626101 -1.776600
v -0.997000 21.626101 -1.957200
v -1.012900 20.597601 -1.988400
v -1.047100 19.655300 -2.055600
v -2.307800 19.655300 0.000000
v -2.278500 19.655300 -0.360700
v -2.232400 20.597601 0.000000
v -2.204100 20.597601 -0.348900
v -2.193500 19.655300 -0.712700
v -2.121800 20.597601 -0.689400
v -2.197400 21.626101 0.000000
v -2.169500 21.626101 -0.343400
v -2.088500 21.626101 -0.678600
v -1.957000 21.626101 -0.997400
v -1.988200 20.597601 -1.013300
v -2.055400 19.655300 -1.047500
v -1.867100 19.655300 1.356500
v -2.055400 19.655300 1.047500
v -1.806000 20.597601 1.312200
v -1.988200 20.597601 1.013300
v -2.193500 19.655300 0.712700
v -2.121800 20.597601 0.689400
v -1.777700 21.626101 1.291600
v -1.957000 21.626101 0.997400
v -2.088500 21.626101 0.678600
v -2.169500 21.626101 0.343400
v -2.204100 20.597601 0.348900
v -2.278500 19.655300 0.360700
v -0.713200 19.655300 2.194900
v -1.047100 19.655300 2.055600
v -0.689800 20.597601 2.123100
v -1.012900 20.597601 1.988400
v -1.355600 19.655300 1.865900
v -1.311300 20.597601 1.804900
v -0.679000 21.626101 2.089800
v -0.997000 21.626101 1.957200
v -1.290700 21.626101 1.776600
v -1.553300 21.626101 1.553000
v -1.578100 20.597601 1.577800
v -1.631400 19.655300 1.631100
v 0.713200 19.655300 2.194900
v 0.361100 19.655300 2.278500
v 0.689800 20.597601 2.123100
v 0.349300 20.597601 2.204000
v 0.000000 19.655300 2.306300
v 0.000000 20.597601 2.230900
v 0.679000 21.626101 2.089800
v 0.343800 21.626101 2.169400
v 0.000000 21.626101 2.195900
v -0.343800 21.626101 2.169400
v -0.349300 20.597601 2.204000
v -0.361100 19.655300 2.278500
v 1.867100 19.655300 1.356500
v 1.631400 19.655300 1.631100
v 1.806000 20.597601 1.312200
v 1.578100 20.597601 1.577800
v 1.355600 19.655300 1.865900
v 1.311300 20.597601 1.804900
v 1.777700 21.626101 1.291600
v 1.553300 21.626101 1.553000
v 1.290700 21.626101 1.776600
v 0.997000 21.626101 1.957200
v 1.012900 20.597601 1.988400
v 1.047100 19.655300 2.055600
v 2.278500 19.655300 0.360700
v 2.204100 20.597601 0.348900
v 2.193500 19.655300 0.712700
v 2.121800 20.597601 0.689400
v 2.169500 21.626101 0.343400
v 2.088500 21.626101 0.678600
v 1.957000 21.626101 0.997400
v 1.988200 20.597601 1.013300
v 2.055400 19.655300 1.047500
v 2.617300 0.003800 -1.901600
v 2.908100 0.003800 -1.473200
v 2.520900 0.001500 -1.266800
v 2.241000 0.001500 -1.628200
v 3.124500 0.003800 -1.015200
v 2.732200 0.001500 -0.887800
v 2.051800 0.000400 -0.954400
v 1.724100 0.000400 -1.252600
v 2.349400 0.000700 -0.763400
v 3.218600 0.003800 -0.517500
v 3.235100 0.003800 0.000000
v 2.770100 0.001500 0.000000
v 2.784100 0.001500 -0.456800
v 2.131100 0.000400 0.000000
v 2.220900 0.000400 -0.433900
v 0.000000 0.000000 0.000000
v 1.072700 0.000000 -0.779400
v 1.570000 0.000000 -0.510100
v 1.325900 0.000000 0.000000
v 2.233100 27.721800 0.000000
v 2.204800 27.721800 -0.349000
v 2.065300 27.724600 -0.326900
v 2.091800 27.724600 0.000000
v 2.122500 27.721800 -0.689600
v 1.988100 27.724600 -0.646000
v 1.899100 27.725599 -0.300600
v 1.923600 27.725599 0.000000
v 1.828200 27.725599 -0.594000
v 1.988800 27.721800 -1.013600
v 1.806700 27.721800 -1.312600
v 1.692300 27.724600 -1.229500
v 1.863000 27.724600 -0.949500
v 1.556200 27.725599 -1.130600
v 1.713100 27.725599 -0.873100
v 1.305600 27.721901 -0.948600
v 1.437200 27.721901 -0.732500
v 1.563200 27.724600 -0.796700
v 1.420000 27.724600 -1.031700
v 1.533800 27.721901 -0.498400
v 1.668200 27.724600 -0.542000
v 1.593300 27.721901 -0.252200
v 1.613800 27.721901 0.000000
v 1.755200 27.724600 0.000000
v 1.733000 27.724600 -0.274300
v 0.999700 0.003800 -3.076800
v 1.486800 0.003800 -2.901200
v 1.294800 0.001500 -2.506600
v 0.856000 0.001500 -2.634500
v 1.931100 0.003800 -2.657900
v 1.688600 0.001500 -2.324200
v 1.099000 0.000400 -1.978100
v 0.658500 0.000400 -2.026800
v 1.452000 0.000700 -1.998500
v 2.299700 0.003800 -2.310600
v 1.983800 0.001500 -2.006000
v 1.541700 0.000400 -1.656400
v 0.409700 0.000000 -1.261000
v 0.970300 0.000000 -1.335500
v 1.578600 27.721800 -1.578300
v 1.478700 27.724600 -1.478400
v 1.311800 27.721800 -1.805500
v 1.228700 27.724600 -1.691200
v 1.359700 27.725599 -1.359500
v 1.129900 27.725599 -1.555200
v 1.013200 27.721800 -1.989000
v 0.690100 27.721800 -2.123800
v 0.646400 27.724600 -1.989400
v 0.949100 27.724600 -1.863200
v 0.594400 27.725599 -1.829400
v 0.872800 27.725599 -1.713300
v 0.498700 27.721901 -1.534800
v 0.732200 27.721901 -1.437400
v 0.796400 27.724600 -1.563400
v 0.542400 27.724600 -1.669300
v 0.947900 27.721901 -1.304700
v 1.031000 27.724600 -1.419100
v 1.140800 27.721901 -1.140500
v 1.240800 27.724600 -1.240500
v -0.999700 0.003800 -3.076800
v -0.502400 0.003800 -3.221000
v -0.425800 0.001500 -2.789000
v -0.856000 0.001500 -2.634500
v 0.000000 0.003800 -3.285300
v 0.000000 0.001500 -2.872800
v -0.273600 0.000400 -2.246300
v -0.658500 0.000400 -2.026800
v 0.000000 0.000700 -2.470300
v 0.502400 0.003800 -3.221000
v 0.425800 0.001500 -2.789000
v 0.273600 0.000400 -2.246300
v -0.409700 0.000000 -1.261000
v 0.000000 0.000000 -1.650800
v 0.349400 27.721800 -2.204700
v 0.327300 27.724600 -2.065200
v 0.000000 27.721800 -2.231700
v 0.000000 27.724600 -2.090500
v 0.301000 27.725599 -1.899100
v 0.000000 27.725599 -1.922300
v -0.349400 27.721800 -2.204700
v -0.690100 27.721800 -2.123800
v -0.646400 27.724600 -1.989400
v -0.327300 27.724600 -2.065200
v -0.594400 27.725599 -1.829400
v -0.301000 27.725599 -1.899100
v -0.498700 27.721901 -1.534800
v -0.252500 27.721901 -1.593200
v -0.274600 27.724600 -1.732900
v -0.542400 27.724600 -1.669300
v 0.000000 27.721901 -1.612700
v 0.000000 27.724600 -1.754100
v 0.252500 27.721901 -1.593200
v 0.274600 27.724600 -1.732900
v -2.617300 0.003800 -1.901600
v -2.299700 0.003800 -2.310600
v -1.983800 0.001500 -2.006000
v -2.241000 0.001500 -1.628200
v -1.931100 0.003800 -2.657900
v -1.688600 0.001500 -2.324200
v -1.541700 0.000400 -1.656400
v -1.724100 0.000400 -1.252600
v -1.452000 0.000700 -1.998500
v -1.486800 0.003800 -2.901200
v -1.294800 0.001500 -2.506600
v -1.099000 0.000400 -1.978100
v -1.072700 0.000000 -0.779400
v -0.970300 0.000000 -1.335500
v -1.013200 27.721800 -1.989000
v -0.949100 27.724600 -1.863200
v -1.311800 27.721800 -1.805500
v -1.228700 27.724600 -1.691200
v -0.872800 27.725599 -1.713300
v -1.129900 27.725599 -1.555200
v -1.578600 27.721800 -1.578300
v -1.806700 27.721800 -1.312600
v -1.692300 27.724600 -1.229500
v -1.478700 27.724600 -1.478400
v -1.556200 27.725599 -1.130600
v -1.359700 27.725599 -1.359500
v -1.305600 27.721901 -0.948600
v -1.140800 27.721901 -1.140500
v -1.240800 27.724600 -1.240500
v -1.420000 27.724600 -1.031700
v -0.947900 27.721901 -1.304700
v -1.031000 27.724600 -1.419100
v -0.732200 27.721901 -1.437400
v -0.796400 27.724600 -1.563400
v -3.235100 0.003800 0.000000
v -3.218600 0.003800 -0.517500
v -2.784100 0.001500 -0.456800
v -2.770100 0.001500 0.000000
v -3.124500 0.003800 -1.015200
v -2.732200 0.001500 -0.887800
v -2.220900 0.000400 -0.433900
v -2.131100 0.000400 0.000000
v -2.349400 0.000700 -0.763400
v -2.908100 0.003800 -1.473200
v -2.520900 0.001500 -1.266800
v -2.051800 0.000400 -0.954400
v -1.325900 0.000000 0.000000
v -1.570000 0.000000 -0.510100
v -1.988800 27.721800 -1.013600
v -1.863000 27.724600 -0.949500
v -2.122500 27.721800 -0.689600
v -1.988100 27.724600 -0.646000
v -1.713100 27.725599 -0.873100
v -1.828200 27.725599 -0.594000
v -2.204800 27.721800 -0.349000
v -2.233100 27.721800 0.000000
v -2.091800 27.724600 0.000000
v -2.065300 27.724600 -0.326900
v -1.923600 27.725599 0.000000
v -1.899100 27.725599 -0.300600
v -1.613800 27.721901 0.000000
v -1.593300 27.721901 -0.252200
v -1.733000 27.724600 -0.274300
v -1.755200 27.724600 0.000000
v -1.533800 27.721901 -0.498400
v -1.668200 27.724600 -0.542000
v -1.437200 27.721901 -0.732500
v -1.563200 27.724600 -0.796700
v -2.617300 0.003800 1.901600
v -2.908100 0.003800 1.473200
v -2.520900 0.001500 1.266800
v -2.241000 0.001500 1.628200
v -3.124500 0.003800 1.015200
v -2.732200 0.001500 0.887800
v -2.051800 0.000400 0.954400
v -1.724100 0.000400 1.252600
v -2.349400 0.000700 0.763400
v -3.218600 0.003800 0.517500
v -2.784100 0.001500 0.456800
v -2.220900 0.000400 0.433900
v -1.072700 0.000000 0.779400
v -1.570000 0.000000 0.510100
v -2.204800 27.721800 0.349000
v -2.065300 27.724600 0.326900
v -2.122500 27.721800 0.689600
v -1.988100 27.724600 0.646000
v -1.899100 27.725599 0.300600
v -1.828200 27.725599 0.594000
v -1.988800 27.721800 1.013600
v -1.806700 27.721800 1.312600
v -1.692300 27.724600 1.229500
v -1.863000 27.724600 0.949500
v -1.556200 27.725599 1.130600
v -1.713100 27.725599 0.873100
v -1.305600 27.721901 0.948600
v -1.437200 27.721901 0.732500
v -1.563200 27.724600 0.796700
v -1.420000 27.724600 1.031700
v -1.533800 27.721901 0.498400
v -1.668200 27.724600 0.542000
v -1.593300 27.721901 0.252200
v -1.733000 27.724600 0.274300
v -0.999700 0.003800 3.076800
v -1.486800 0.003800 2.901200
v -1.294800 0.001500 2.506600
v -0.856000 0.001500 2.634500
v -1.931100 0.003800 2.657900
v -1.688600 0.001500 2.324200
v -1.099000 0.000400 1.978100
v -0.658500 0.000400 2.026800
v -1.452000 0.000700 1.998500
v -2.299700 0.003800 2.310600
v -1.983800 0.001500 2.006000
v -1.541700 0.000400 1.656400
v -0.409700 0.000000 1.261000
v -0.970300 0.000000 1.335500
v -1.578600 27.721800 1.578300
v -1.478700 27.724600 1.478400
v -1.311800 27.721800 1.805500
v -1.228700 27.724600 1.691200
v -1.359700 27.725599 1.359500
v -1.129900 27.725599 1.555200
v -1.013200 27.721800 1.989000
v -0.690100 27.721800 2.123800
v -0.646400 27.724600 1.989400
v -0.949100 27.724600 1.863200
v -0.594400 27.725599 1.829400
v -0.872800 27.725599 1.713300
v -0.498700 27.721901 1.534800
v -0.732200 27.721901 1.437400
v -0.796400 27.724600 1.563400
v -0.542400 27.724600 1.669300
v -0.947900 27.721901 1.304700
v -1.031000 27.724600 1.419100
v -1.140800 27.721901 1.140500
v -1.240800 27.724600 1.240500
v 0.999700 0.003800 3.076800
v 0.502400 0.003800 3.221000
v 0.425800 0.001500 2.789000
v 0.856000 0.001500 2.634500
v 0.000000 0.003800 3.285300
v 0.000000 0.001500 2.872800
v 0.273600 0.000400 2.246300
v 0.658500 0.000400 2.026800
v 0.000000 0.000700 2.470300
v -0.502400 0.003800 3.221000
v -0.425800 0.001500 2.789000
v -0.273600 0.000400 2.246300
v 0.409700 0.000000 1.261000
v 0.000000 0.000000 1.650800
v -0.349400 27.721800 2.204700
v -0.327300 27.724600 2.065200
v 0.000000 27.721800 2.231700
v 0.000000 27.724600 2.090500
v -0.301000 27.725599 1.899100
v 0.000000 27.725599 1.922300
v 0.349400 27.721800 2.204700
v 0.690100 27.721800 2.123800
v 0.646400 27.724600 1.989400
v 0.327300 27.724600 2.065200
v 0.594400 27.725599 1.829400
v 0.301000 27.725599 1.899100
v 0.498700 27.721901 1.534800
v 0.252500 27.721901 1.593200
v 0.274600 27.724600 1.732900
v 0.542400 27.724600 1.669300
v 0.000000 27.721901 1.612700
v 0.000000 27.724600 1.754100
v -0.252500 27.721901 1.593200
v -0.274600 27.724600 1.732900
v 2.617300 0.003800 1.901600
v 2.299700 0.003800 2.310600
v 1.983800 0.001500 2.006000
v 2.241000 0.001500 1.628200
v 1.931100 0.003800 2.657900
v 1.688600 0.001500 2.324200
v 1.541700 0.000400 1.656400
v 1.724100 0.000400 1.252600
v 1.452000 0.000700 1.998500
v 1.486800 0.003800 2.901200
v 1.294800 0.001500 2.506600
v 1.099000 0.000400 1.978100
v 1.072700 0.000000 0.779400
v 0.970300 0.000000 1.335500
v 1.013200 27.721800 1.989000
v 0.949100 27.724600 1.863200
v 1.311800 27.721800 1.805500
v 1.228700 27.724600 1.691200
v 0.872800 27.725599 1.713300
v 1.129900 27.725599 1.555200
v 1.578600 27.721800 1.578300
v 1.806700 27.721800 1.312600
v 1.692300 27.724600 1.229500
v 1.478700 27.724600 1.478400
v 1.556200 27.725599 1.130600
v 1.359700 27.725599 1.359500
v 1.305600 27.721901 0.948600
v 1.140800 27.721901 1.140500
v 1.240800 27.724600 1.240500
v 1.420000 27.724600 1.031700
v 0.947900 27.721901 1.304700
v 1.031000 27.724600 1.419100
v 0.732200 27.721901 1.437400
v 0.796400 27.724600 1.563400
v 3.218600 0.003800 0.517500
v 2.784100 0.001500 0.456800
v 3.124500 0.003800 1.015200
v 2.732200 0.001500 0.887800
v 2.220900 0.000400 0.433900
v 2.349400 0.000700 0.763400
v 2.908100 0.003800 1.473200
v 2.520900 0.001500 1.266800
v 2.051800 0.000400 0.954400
v 1.570000 0.000000 0.510100
v 1.988800 27.721800 1.013600
v 1.863000 27.724600 0.949500
v 2.122500 27.721800 0.689600
v 1.988100 27.724600 0.646000
v 1.713100 27.725599 0.873100
v 1.828200 27.725599 0.594000
v 2.204800 27.721800 0.349000
v 2.065300 27.724600 0.326900
v 1.899100 27.725599 0.300600
v 1.593300 27.721901 0.252200
v 1.733000 27.724600 0.274300
v 1.533800 27.721901 0.498400
v 1.668200 27.724600 0.542000
v 1.437200 27.721901 0.732500
v 1.563200 27.724600 0.796700
v 1.455600 26.306900 0.000000
v 1.437100 26.306900 -0.227500
v 1.434500 24.909599 -0.227100
v 1.452900 24.909599 0.000000
v 1.383400 26.306900 -0.449500
v 1.380900 24.909599 -0.448700
v 1.432700 23.234501 -0.226800
v 1.451200 23.234501 0.000000
v 1.379200 23.234501 -0.448100
v 1.296300 26.306900 -0.660700
v 1.177600 26.306900 -0.855600
v 1.175400 24.909599 -0.854000
v 1.294000 24.909599 -0.659500
v 1.174000 23.234501 -0.853000
v 1.292400 23.234501 -0.658700
v 1.170400 20.162100 -0.850400
v 1.288500 20.162100 -0.656700
v 1.290800 21.559299 -0.657900
v 1.172600 21.559299 -0.851900
v 1.375000 20.162100 -0.446800
v 1.377600 21.559299 -0.447600
v 1.428400 20.162100 -0.226100
v 1.446800 20.162100 0.000000
v 1.449400 21.559299 0.000000
v 1.431000 21.559299 -0.226500
v 1.028900 26.306900 -1.028700
v 1.027100 24.909599 -1.026900
v 0.855000 26.306900 -1.176800
v 0.853400 24.909599 -1.174700
v 1.025800 23.234501 -1.025600
v 0.852400 23.234501 -1.173200
v 0.660400 26.306900 -1.296500
v 0.449800 26.306900 -1.384300
v 0.449000 24.909599 -1.381800
v 0.659200 24.909599 -1.294100
v 0.448400 23.234501 -1.380100
v 0.658400 23.234501 -1.292500
v 0.447100 20.162100 -1.375900
v 0.656400 20.162100 -1.288600
v 0.657600 21.559299 -1.291000
v 0.447900 21.559299 -1.378500
v 0.849800 20.162100 -1.169700
v 0.851400 21.559299 -1.171800
v 1.022700 20.162100 -1.022500
v 1.024600 21.559299 -1.024400
v 0.227800 26.306900 -1.437000
v 0.227300 24.909599 -1.434400
v 0.000000 26.306900 -1.454600
v 0.000000 24.909599 -1.452000
v 0.227100 23.234501 -1.432700
v 0.000000 23.234501 -1.450200
v -0.227800 26.306900 -1.437000
v -0.449800 26.306900 -1.384300
v -0.449000 24.909599 -1.381800
v -0.227300 24.909599 -1.434400
v -0.448400 23.234501 -1.380100
v -0.227100 23.234501 -1.432700
v -0.447100 20.162100 -1.375900
v -0.226400 20.162100 -1.428300
v -0.226800 21.559299 -1.431000
v -0.447900 21.559299 -1.378500
v 0.000000 20.162100 -1.445800
v 0.000000 21.559299 -1.448400
v 0.226400 20.162100 -1.428300
v 0.226800 21.559299 -1.431000
v -0.660400 26.306900 -1.296500
v -0.659200 24.909599 -1.294100
v -0.855000 26.306900 -1.176800
v -0.853400 24.909599 -1.174700
v -0.658400 23.234501 -1.292500
v -0.852400 23.234501 -1.173200
v -1.028900 26.306900 -1.028700
v -1.177600 26.306900 -0.855600
v -1.175400 24.909599 -0.854000
v -1.027100 24.909599 -1.026900
v -1.174000 23.234501 -0.853000
v -1.025800 23.234501 -1.025600
v -1.170400 20.162100 -0.850400
v -1.022700 20.162100 -1.022500
v -1.024600 21.559299 -1.024400
v -1.172600 21.559299 -0.851900
v -0.849800 20.162100 -1.169700
v -0.851400 21.559299 -1.171800
v -0.656400 20.162100 -1.288600
v -0.657600 21.559299 -1.291000
v -1.296300 26.306900 -0.660700
v -1.294000 24.909599 -0.659500
v -1.383400 26.306900 -0.449500
v -1.380900 24.909599 -0.448700
v -1.292400 23.234501 -0.658700
v -1.379200 23.234501 -0.448100
v -1.437100 26.306900 -0.227500
v -1.455600 26.306900 0.000000
v -1.452900 24.909599 0.000000
v -1.434500 24.909599 -0.227100
v -1.451200 23.234501 0.000000
v -1.432700 23.234501 -0.226800
v -1.446800 20.162100 0.000000
v -1.428400 20.162100 -0.226100
v -1.431000 21.559299 -0.226500
v -1.449400 21.559299 0.000000
v -1.375000 20.162100 -0.446800
v -1.377600 21.559299 -0.447600
v -1.288500 20.162100 -0.656700
v -1.290800 21.559299 -0.657900
v -1.437100 26.306900 0.227500
v -1.434500 24.909599 0.227100
v -1.383400 26.306900 0.449500
v -1.380900 24.909599 0.448700
v -1.432700 23.234501 0.226800
v -1.379200 23.234501 0.448100
v -1.296300 26.306900 0.660700
v -1.177600 26.306900 0.855600
v -1.175400 24.909599 0.854000
v -1.294000 24.909599 0.659500
v -1.174000 23.234501 0.853000
v -1.292400 23.234501 0.658700
v -1.170400 20.162100 0.850400
v -1.288500 20.162100 0.656700
v -1.290800 21.559299 0.657900
v -1.172600 21.559299 0.851900
v -1.375000 20.162100 0.446800
v -1.377600 21.559299 0.447600
v -1.428400 20.162100 0.226100
v -1.431000 21.559299 0.226500
v -1.028900 26.306900 1.028700
v -1.027100 24.909599 1.026900
v -0.855000 26.306900 1.176800
v -0.853400 24.909599 1.174700
v -1.025800 23.234501 1.025600
v -0.852400 23.234501 1.173200
v -0.660400 26.306900 1.296500
v -0.449800 26.306900 1.384300
v -0.449000 24.909599 1.381800
v -0.659200 24.909599 1.294100
v -0.448400 23.234501 1.380100
v -0.658400 23.234501 1.292500
v -0.447100 20.162100 1.375900
v -0.656400 20.162100 1.288600
v -0.657600 21.559299 1.291000
v -0.447900 21.559299 1.378500
v -0.849800 20.162100 1.169700
v -0.851400 21.559299 1.171800
v -1.022700 20.162100 1.022500
v -1.024600 21.559299 1.024400
v -0.227800 26.306900 1.437000
v -0.227300 24.909599 1.434400
v 0.000000 26.306900 1.454600
v 0.000000 24.909599 1.452000
v -0.227100 23.234501 1.432700
v 0.000000 23.234501 1.450200
v 0.227800 26.306900 1.437000
v 0.449800 26.306900 1.384300
v 0.449000 24.909599 1.381800
v 0.227300 24.909599 1.434400
v 0.448400 23.234501 1.380100
v 0.227100 23.234501 1.432700
v 0.447100 20.162100 1.375900
v 0.226400 20.162100 1.428300
v 0.226800 21.559299 1.431000
v 0.447900 21.559299 1.378500
v 0.000000 20.162100 1.445800
v 0.000000 21.559299 1.448400
v -0.226400 20.162100 1.428300
v -0.226800 21.559299 1.431000
v 0.660400 26.306900 1.296500
v 0.659200 24.909599 1.294100
v 0.855000 26.306900 1.176800
v 0.853400 24.909599 1.174700
v 0.658400 23.234501 1.292500
v 0.852400 23.234501 1.173200
v 1.028900 26.306900 1.028700
v 1.177600 26.306900 0.855600
v 1.175400 24.909599 0.854000
v 1.027100 24.909599 1.026900
v 1.174000 23.234501 0.853000
v 1.025800 23.234501 1.025600
v 1.170400 20.162100 0.850400
v 1.022700 20.162100 1.022500
v 1.024600 21.559299 1.024400
v 1.172600 21.559299 0.851900
v 0.849800 20.162100 1.169700
v 0.851400 21.559299 1.171800
v 0.656400 20.162100 1.288600
v 0.657600 21.559299 1.291000
v 1.296300 26.306900 0.660700
v 1.294000 24.909599 0.659500
v 1.383400 26.306900 0.449500
v 1.380900 24.909599 0.448700
v 1.292400 23.234501 0.658700
v 1.379200 23.234501 0.448100
v 1.437100 26.306900 0.227500
v 1.434500 24.909599 0.227100
v 1.432700 23.234501 0.226800
v 1.428400 20.162100 0.226100
v 1.431000 21.559299 0.226500
v 1.375000 20.162100 0.446800
v 1.377600 21.559299 0.447600
v 1.288500 20.162100 0.656700
v 1.290800 21.559299 0.657900
v 1.249600 18.747000 0.000000
v 1.243200 18.747000 -0.199900
v 1.074500 18.744200 -0.176300
v 1.069200 18.744200 0.000000
v 1.206800 18.747000 -0.392100
v 1.054500 18.744200 -0.342600
v 0.856800 18.742800 -0.167400
v 0.822200 18.742800 0.000000
v 0.906500 18.743200 -0.294500
v 1.123300 18.747000 -0.569000
v 1.010900 18.747000 -0.734500
v 0.865000 18.744200 -0.628400
v 0.973000 18.744200 -0.489000
v 0.665200 18.742800 -0.483300
v 0.791600 18.742800 -0.368200
v 0.000000 18.742399 0.000000
v 0.511400 18.742399 0.000000
v 0.605600 18.742399 -0.196800
v 0.413800 18.742399 -0.300600
v 0.888300 18.747000 -0.892400
v 0.765700 18.744200 -0.774200
v 0.745900 18.747000 -1.026600
v 0.651700 18.744200 -0.897000
v 0.594800 18.742800 -0.639000
v 0.560200 18.743200 -0.771100
v 0.574300 18.747000 -1.120600
v 0.386100 18.747000 -1.188400
v 0.330400 18.744200 -1.016800
v 0.499700 18.744200 -0.967500
v 0.254100 18.742800 -0.781900
v 0.424000 18.742800 -0.763100
v 0.374300 18.742399 -0.515100
v 0.158000 18.742399 -0.486400
v 0.194100 18.747000 -1.244100
v 0.164400 18.744200 -1.076400
v 0.000000 18.747000 -1.268900
v 0.000000 18.744200 -1.108800
v 0.105600 18.742800 -0.866600
v 0.000000 18.743200 -0.953100
v -0.194100 18.747000 -1.244100
v -0.386100 18.747000 -1.188400
v -0.330400 18.744200 -1.016800
v -0.164400 18.744200 -1.076400
v -0.254100 18.742800 -0.781900
v -0.105600 18.742800 -0.866600
v 0.000000 18.742399 -0.636700
v -0.158000 18.742399 -0.486400
v -0.574300 18.747000 -1.120600
v -0.499700 18.744200 -0.967500
v -0.745900 18.747000 -1.026600
v -0.651700 18.744200 -0.897000
v -0.424000 18.742800 -0.763100
v -0.560200 18.743200 -0.771100
v -0.888300 18.747000 -0.892400
v -1.010900 18.747000 -0.734500
v -0.865000 18.744200 -0.628400
v -0.765700 18.744200 -0.774200
v -0.665200 18.742800 -0.483300
v -0.594800 18.742800 -0.639000
v -0.374300 18.742399 -0.515100
v -0.413800 18.742399 -0.300600
v -1.123300 18.747000 -0.569000
v -0.973000 18.744200 -0.489000
v -1.206800 18.747000 -0.392100
v -1.054500 18.744200 -0.342600
v -0.791600 18.742800 -0.368200
v -0.906500 18.743200 -0.294500
v -1.243200 18.747000 -0.199900
v -1.249600 18.747000 0.000000
v -1.069200 18.744200 0.000000
v -1.074500 18.744200 -0.176300
v -0.822200 18.742800 0.000000
v -0.856800 18.742800 -0.167400
v -0.605600 18.742399 -0.196800
v -0.511400 18.742399 0.000000
v -1.243200 18.747000 0.199900
v -1.074500 18.744200 0.176300
v -1.206800 18.747000 0.392100
v -1.054500 18.744200 0.342600
v -0.856800 18.742800 0.167400
v -0.906500 18.743200 0.294500
v -1.123300 18.747000 0.569000
v -1.010900 18.747000 0.734500
v -0.865000 18.744200 0.628400
v -0.973000 18.744200 0.489000
v -0.665200 18.742800 0.483300
v -0.791600 18.742800 0.368200
v -0.605600 18.742399 0.196800
v -0.413800 18.742399 0.300600
v -0.888300 18.747000 0.892400
v -0.765700 18.744200 0.774200
v -0.745900 18.747000 1.026600
v -0.651700 18.744200 0.897000
v -0.594800 18.742800 0.639000
v -0.560200 18.743200 0.771100
v -0.574300 18.747000 1.120600
v -0.386100 18.747000 1.188400
v -0.330400 18.744200 1.016800
v -0.499700 18.744200 0.967500
v -0.254100 18.742800 0.781900
v -0.424000 18.742800 0.763100
v -0.374300 18.742399 0.515100
v -0.158000 18.742399 0.486400
v -0.194100 18.747000 1.244100
v -0.164400 18.744200 1.076400
v 0.000000 18.747000 1.268900
v 0.000000 18.744200 1.108800
v -0.105600 18.742800 0.866600
v 0.000000 18.743200 0.953100
v 0.194100 18.747000 1.244100
v 0.386100 18.747000 1.188400
v 0.330400 18.744200 1.016800
v 0.164400 18.744200 1.076400
v 0.254100 18.742800 0.781900
v 0.105600 18.742800 0.866600
v 0.000000 18.742399 0.636700
v 0.158000 18.742399 0.486400
v 0.574300 18.747000 1.120600
v 0.499700 18.744200 0.967500
v 0.745900 18.747000 1.026600
v 0.651700 18.744200 0.897000
v 0.424000 18.742800 0.763100
v 0.560200 18.743200 0.771100
v 0.888300 18.747000 0.892400
v 1.010900 18.747000 0.734500
v 0.865000 18.744200 0.628400
v 0.765700 18.744200 0.774200
v 0.665200 18.742800 0.483300
v 0.594800 18.742800 0.639000
v 0.374300 18.742399 0.515100
v 0.413800 18.742399 0.300600
v 1.123300 18.747000 0.569000
v 0.973000 18.744200 0.489000
v 1.206800 18.747000 0.392100
v 1.054500 18.744200 0.342600
v 0.791600 18.742800 0.368200
v 0.906500 18.743200 0.294500
v 1.243200 18.747000 0.199900
v 1.074500 18.744200 0.176300
v 0.856800 18.742800 0.167400
v 0.605600 18.742399 0.196800
v 1.917000 27.384501 -1.392800
v 2.110300 27.384501 -1.075500
v 1.911800 27.631100 -1.389000
v 2.104600 27.631100 -1.072600
v 2.252000 27.384501 -0.731700
v 2.246000 27.631100 -0.729800
v 1.877400 27.717100 -1.364000
v 2.066700 27.717100 -1.053300
v 2.205600 27.717100 -0.716600
v 2.320600 27.717100 0.000000
v 2.291100 27.717100 -0.362600
v 2.363100 27.631100 0.000000
v 2.333100 27.631100 -0.369300
v 2.369500 27.384501 0.000000
v 2.339400 27.384501 -0.370300
v 0.732200 27.384501 -2.253500
v 1.075100 27.384501 -2.110500
v 0.730200 27.631100 -2.247400
v 1.072200 27.631100 -2.104800
v 1.391800 27.384501 -1.915700
v 1.388100 27.631100 -1.910500
v 0.717100 27.717100 -2.207000
v 1.052900 27.717100 -2.066900
v 1.363100 27.717100 -1.876200
v 1.640400 27.717100 -1.640100
v 1.670400 27.631100 -1.670100
v 1.675000 27.384501 -1.674600
v -0.732200 27.384501 -2.253500
v -0.370800 27.384501 -2.339300
v -0.730200 27.631100 -2.247400
v -0.369800 27.631100 -2.333000
v 0.000000 27.384501 -2.367900
v 0.000000 27.631100 -2.361500
v -0.717100 27.717100 -2.207000
v -0.363100 27.717100 -2.291100
v 0.000000 27.717100 -2.319100
v 0.363100 27.717100 -2.291100
v 0.369800 27.631100 -2.333000
v 0.370800 27.384501 -2.339300
v -1.917000 27.384501 -1.392800
v -1.675000 27.384501 -1.674600
v -1.911800 27.631100 -1.389000
v -1.670400 27.631100 -1.670100
v -1.391800 27.384501 -1.915700
v -1.388100 27.631100 -1.910500
v -1.877400 27.717100 -1.364000
v -1.640400 27.717100 -1.640100
v -1.363100 27.717100 -1.876200
v -1.052900 27.717100 -2.066900
v -1.072200 27.631100 -2.104800
v -1.075100 27.384501 -2.110500
v -2.369500 27.384501 0.000000
v -2.339400 27.384501 -0.370300
v -2.363100 27.631100 0.000000
v -2.333100 27.631100 -0.369300
v -2.252000 27.384501 -0.731700
v -2.246000 27.631100 -0.729800
v -2.320600 27.717100 0.000000
v -2.291100 27.717100 -0.362600
v -2.205600 27.717100 -0.716600
v -2.066700 27.717100 -1.053300
v -2.104600 27.631100 -1.072600
v -2.110300 27.384501 -1.075500
v -1.917000 27.384501 1.392800
v -2.110300 27.384501 1.075500
v -1.911800 27.631100 1.389000
v -2.104600 27.631100 1.072600
v -2.252000 27.384501 0.731700
v -2.246000 27.631100 0.729800
v -1.877400 27.717100 1.364000
v -2.066700 27.717100 1.053300
v -2.205600 27.717100 0.716600
v -2.291100 27.717100 0.362600
v -2.333100 27.631100 0.369300
v -2.339400 27.384501 0.370300
v -0.732200 27.384501 2.253500
v -1.075100 27.384501 2.110500
v -0.730200 27.631100 2.247400
v -1.072200 27.631100 2.104800
v -1.391800 27.384501 1.915700
v -1.388100 27.631100 1.910500
v -0.717100 27.717100 2.207000
v -1.052900 27.717100 2.066900
v -1.363100 27.717100 1.876200
v -1.640400 27.717100 1.640100
v -1.670400 27.631100 1.670100
v -1.675000 27.384501 1.674600
v 0.732200 27.384501 2.253500
v 0.370800 27.384501 2.339300
v 0.730200 27.631100 2.247400
v 0.369800 27.631100 2.333000
v 0.000000 27.384501 2.367900
v 0.000000 27.631100 2.361500
v 0.717100 27.717100 2.207000
v 0.363100 27.717100 2.291100
v 0.000000 27.717100 2.319100
v -0.363100 27.717100 2.291100
v -0.369800 27.631100 2.333000
v -0.370800 27.384501 2.339300
v 1.917000 27.384501 1.392800
v 1.675000 27.384501 1.674600
v 1.911800 27.631100 1.389000
v 1.670400 27.631100 1.670100
v 1.391800 27.384501 1.915700
v 1.388100 27.631100 1.910500
v 1.877400 27.717100 1.364000
v 1.640400 27.717100 1.640100
v 1.363100 27.717100 1.876200
v 1.052900 27.717100 2.066900
v 1.072200 27.631100 2.104800
v 1.075100 27.384501 2.110500
v 2.339400 27.384501 0.370300
v 2.333100 27.631100 0.369300
v 2.252000 27.384501 0.731700
v 2.246000 27.631100 0.729800
v 2.291100 27.717100 0.362600
v 2.205600 27.717100 0.716600
v 2.066700 27.717100 1.053300
v 2.104600 27.631100 1.072600
v 2.110300 27.384501 1.075500
v 1.234600 27.717199 -0.897000
v 1.359100 27.717199 -0.692700
v 1.196700 27.572100 -0.869400
v 1.317300 27.572100 -0.671400
v 1.450400 27.717199 -0.471300
v 1.405800 27.572100 -0.456800
v 1.181100 27.148199 -0.858200
v 1.300300 27.148199 -0.662700
v 1.387600 27.148199 -0.450900
v 1.460000 27.148199 0.000000
v 1.441400 27.148199 -0.228200
v 1.479100 27.572100 0.000000
v 1.460400 27.572100 -0.231200
v 1.526100 27.717199 0.000000
v 1.506700 27.717199 -0.238500
v 0.471600 27.717199 -1.451400
v 0.692400 27.717199 -1.359300
v 0.457100 27.572100 -1.406800
v 0.671100 27.572100 -1.317500
v 0.896400 27.717199 -1.233800
v 0.868900 27.572100 -1.195900
v 0.451200 27.148199 -1.388500
v 0.662400 27.148199 -1.300400
v 0.857600 27.148199 -1.180400
v 1.032000 27.148199 -1.031800
v 1.045600 27.572100 -1.045400
v 1.078800 27.717199 -1.078600
v -0.471600 27.717199 -1.451400
v -0.238800 27.717199 -1.506700
v -0.457100 27.572100 -1.406800
v -0.231400 27.572100 -1.460300
v 0.000000 27.717199 -1.525100
v 0.000000 27.572100 -1.478200
v -0.451200 27.148199 -1.388500
v -0.228400 27.148199 -1.441400
v 0.000000 27.148199 -1.459000
v 0.228400 27.148199 -1.441400
v 0.231400 27.572100 -1.460300
v 0.238800 27.717199 -1.506700
v -1.234600 27.717199 -0.897000
v -1.078800 27.717199 -1.078600
v -1.196700 27.572100 -0.869400
v -1.045600 27.572100 -1.045400
v -0.896400 27.717199 -1.233800
v -0.868900 27.572100 -1.195900
v -1.181100 27.148199 -0.858200
v -1.032000 27.148199 -1.031800
v -0.857600 27.148199 -1.180400
v -0.662400 27.148199 -1.300400
v -0.671100 27.572100 -1.317500
v -0.692400 27.717199 -1.359300
v -1.526100 27.717199 0.000000
v -1.506700 27.717199 -0.238500
v -1.479100 27.572100 0.000000
v -1.460400 27.572100 -0.231200
v -1.450400 27.717199 -0.471300
v -1.405800 27.572100 -0.456800
v -1.460000 27.148199 0.000000
v -1.441400 27.148199 -0.228200
v -1.387600 27.148199 -0.450900
v -1.300300 27.148199 -0.662700
v -1.317300 27.572100 -0.671400
v -1.359100 27.717199 -0.692700
v -1.234600 27.717199 0.897000
v -1.359100 27.717199 0.692700
v -1.196700 27.572100 0.869400
v -1.317300 27.572100 0.671400
v -1.450400 27.717199 0.471300
v -1.405800 27.572100 0.456800
v -1.181100 27.148199 0.858200
v -1.300300 27.148199 0.662700
v -1.387600 27.148199 0.450900
v -1.441400 27.148199 0.228200
v -1.460400 27.572100 0.231200
v -1.506700 27.717199 0.238500
v -0.471600 27.717199 1.451400
v -0.692400 27.717199 1.359300
v -0.457100 27.572100 1.406800
v -0.671100 27.572100 1.317500
v -0.896400 27.717199 1.233800
v -0.868900 27.572100 1.195900
v -0.451200 27.148199 1.388500
v -0.662400 27.148199 1.300400
v -0.857600 27.148199 1.180400
v -1.032000 27.148199 1.031800
v -1.045600 27.572100 1.045400
v -1.078800 27.717199 1.078600
v 0.471600 27.717199 1.451400
v 0.238800 27.717199 1.506700
v 0.457100 27.572100 1.406800
v 0.231400 27.572100 1.460300
v 0.000000 27.717199 1.525100
v 0.000000 27.572100 1.478200
v 0.451200 27.148199 1.388500
v 0.228400 27.148199 1.441400
v 0.000000 27.148199 1.459000
v -0.228400 27.148199 1.441400
v -0.231400 27.572100 1.460300
v -0.238800 27.717199 1.506700
v 1.234600 27.717199 0.897000
v 1.078800 27.717199 1.078600
v 1.196700 27.572100 0.869400
v 1.045600 27.572100 1.045400
v 0.896400 27.717199 1.233800
v 0.868900 27.572100 1.195900
v 1.181100 27.148199 0.858200
v 1.032000 27.148199 1.031800
v 0.857600 27.148199 1.180400
v 0.662400 27.148199 1.300400
v 0.671100 27.572100 1.317500
v 0.692400 27.717199 1.359300
v 1.506700 27.717199 0.238500
v 1.460400 27.572100 0.231200
v 1.450400 27.717199 0.471300
v 1.405800 27.572100 0.456800
v 1.441400 27.148199 0.228200
v 1.387600 27.148199 0.450900
v 1.300300 27.148199 0.662700
v 1.317300 27.572100 0.671400
v 1.359100 27.717199 0.692700
v 1.166900 19.320700 -0.847800
v 1.284600 19.320700 -0.654700
v 1.148200 18.896799 -0.834200
v 1.265000 18.896799 -0.644400
v 1.370900 19.320700 -0.445400
v 1.350800 18.896799 -0.438900
v 1.100800 18.751699 -0.799800
v 1.216000 18.751699 -0.618300
v 1.300900 18.751699 -0.422700
v 1.360700 18.751699 0.000000
v 1.347200 18.751699 -0.214500
v 1.419300 18.896799 0.000000
v 1.402200 18.896799 -0.222300
v 1.442300 19.320700 0.000000
v 1.424000 19.320700 -0.225400
v 0.445700 19.320700 -1.371700
v 0.654400 19.320700 -1.284700
v 0.438600 18.896799 -1.349800
v 0.644700 18.896799 -1.264900
v 0.847200 19.320700 -1.166100
v 0.834900 18.896799 -1.149100
v 0.420500 18.751699 -1.294100
v 0.620300 18.751699 -1.215000
v 0.804000 18.751699 -1.106600
v 0.963800 18.751699 -0.965400
v 1.003800 18.896799 -1.004000
v 1.019600 19.320700 -1.019400
v -0.445700 19.320700 -1.371700
v -0.225700 19.320700 -1.424000
v -0.438600 18.896799 -1.349800
v -0.221900 18.896799 -1.402300
v 0.000000 19.320700 -1.441400
v 0.000000 18.896799 -1.420400
v -0.420500 18.751699 -1.294100
v -0.212300 18.751699 -1.347500
v 0.000000 18.751699 -1.367800
v 0.212300 18.751699 -1.347500
v 0.221900 18.896799 -1.402300
v 0.225700 19.320700 -1.424000
v -1.166900 19.320700 -0.847800
v -1.019600 19.320700 -1.019400
v -1.148200 18.896799 -0.834200
v -1.003800 18.896799 -1.004000
v -0.847200 19.320700 -1.166100
v -0.834900 18.896799 -1.149100
v -1.100800 18.751699 -0.799800
v -0.963800 18.751699 -0.965400
v -0.804000 18.751699 -1.106600
v -0.620300 18.751699 -1.215000
v -0.644700 18.896799 -1.264900
v -0.654400 19.320700 -1.284700
v -1.442300 19.320700 0.000000
v -1.424000 19.320700 -0.225400
v -1.419300 18.896799 0.000000
v -1.402200 18.896799 -0.222300
v -1.370900 19.320700 -0.445400
v -1.350900 18.896799 -0.438900
v -1.360700 18.751699 0.000000
v -1.347200 18.751699 -0.214500
v -1.300900 18.751699 -0.422700
v -1.216000 18.751699 -0.618300
v -1.265000 18.896799 -0.644400
v -1.284600 19.320700 -0.654700
v -1.166900 19.320700 0.847800
v -1.284600 19.320700 0.654700
v -1.148200 18.896799 0.834200
v -1.265000 18.896799 0.644400
v -1.370900 19.320700 0.445400
v -1.350800 18.896799 0.438900
v -1.100800 18.751699 0.799800
v -1.216000 18.751699 0.618300
v -1.300900 18.751699 0.422700
v -1.347200 18.751699 0.214500
v -1.402200 18.896799 0.222300
v -1.424000 19.320700 0.225400
v -0.445700 19.320700 1.371700
v -0.654400 19.320700 1.284700
v -0.438600 18.896799 1.349800
v -0.644700 18.896799 1.264900
v -0.847200 19.320700 1.166100
v -0.834900 18.896799 1.149100
v -0.420500 18.751699 1.294100
v -0.620300 18.751699 1.215000
v -0.804000 18.751699 1.106600
v -0.963800 18.751699 0.965400
v -1.003800 18.896799 1.004000
v -1.019600 19.320700 1.019400
v 0.445700 19.320700 1.371700
v 0.225700 19.320700 1.424000
v 0.438600 18.896799 1.349800
v 0.221900 18.896799 1.402300
v 0.000000 19.320700 1.441400
v 0.000000 18.896799 1.420400
v 0.420500 18.751699 1.294100
v 0.212300 18.751699 1.347500
v 0.000000 18.751699 1.367800
v -0.212300 18.751699 1.347500
v -0.221900 18.896799 1.402300
v -0.225700 19.320700 1.424000
v 1.166900 19.320700 0.847800
v 1.019600 19.320700 1.019400
v 1.148200 18.896799 0.834200
v 1.003800 18.896799 1.004000
v 0.847200 19.320700 1.166100
v 0.834900 18.896799 1.149100
v 1.100800 18.751699 0.799800
v 0.963800 18.751699 0.965400
v 0.804000 18.751699 1.106600
v 0.620300 18.751699 1.215000
v 0.644700 18.896799 1.264900
v 0.654400 19.320700 1.284700
v 1.424000 19.320700 0.225400
v 1.402200 18.896799 0.222300
v 1.370900 19.320700 0.445400
v 1.350900 18.896799 0.438900
v 1.347200 18.751699 0.214500
v 1.300900 18.751699 0.422700
v 1.216000 18.751699 0.618300
v 1.265000 18.896799 0.644400
v 1.284600 19.320700 0.654700
v 3.875100 0.254500 0.000000
v 3.825900 0.254500 -0.605600
v 3.704100 0.071700 0.000000
v 3.659500 0.071700 -0.580000
v 3.683000 0.254500 -1.196700
v 3.525500 0.071700 -1.145500
v 3.518600 0.007700 0.000000
v 3.483800 0.007700 -0.554700
v 3.364100 0.007700 -1.093100
v 2.846600 0.007700 -2.068200
v 3.144500 0.007700 -1.599000
v 2.996700 0.071700 -2.177200
v 3.301500 0.071700 -1.681700
v 3.135000 0.254500 -2.277700
v 3.451100 0.254500 -1.758900
v 2.739300 0.254500 -2.738700
v 2.619700 0.071700 -2.620300
v 2.276200 0.254500 -3.133000
v 2.178800 0.071700 -2.998900
v 2.492400 0.007700 -2.496400
v 2.079100 0.007700 -2.861700
v 1.087300 0.007700 -3.346400
v 1.604100 0.007700 -3.141900
v 1.144600 0.071700 -3.522800
v 1.682500 0.071700 -3.301200
v 1.197500 0.254500 -3.685400
v 1.758200 0.254500 -3.451500
v 0.606300 0.254500 -3.825800
v 0.579200 0.071700 -3.659600
v 0.000000 0.254500 -3.872500
v 0.000000 0.071700 -3.706900
v 0.549000 0.007700 -3.484700
v 0.000000 0.007700 -3.537200
v -1.087300 0.007700 -3.346400
v -0.549000 0.007700 -3.484700
v -1.144600 0.071700 -3.522800
v -0.579200 0.071700 -3.659600
v -1.197500 0.254500 -3.685400
v -0.606300 0.254500 -3.825800
v -1.758200 0.254500 -3.451500
v -1.682500 0.071700 -3.301200
v -2.276200 0.254500 -3.133000
v -2.178800 0.071700 -2.998900
v -1.604100 0.007700 -3.141900
v -2.079100 0.007700 -2.861700
v -2.846600 0.007700 -2.068200
v -2.492400 0.007700 -2.496400
v -2.996700 0.071700 -2.177200
v -2.619700 0.071700 -2.620300
v -3.135000 0.254500 -2.277700
v -2.739300 0.254500 -2.738700
v -3.451100 0.254500 -1.758900
v -3.301500 0.071700 -1.681700
v -3.683000 0.254500 -1.196700
v -3.525500 0.071700 -1.145500
v -3.144500 0.007700 -1.599000
v -3.364100 0.007700 -1.093100
v -3.518600 0.007700 0.000000
v -3.483800 0.007700 -0.554700
v -3.704100 0.071700 0.000000
v -3.659500 0.071700 -0.580000
v -3.875100 0.254500 0.000000
v -3.825900 0.254500 -0.605600
v -3.825900 0.254500 0.605600
v -3.659500 0.071700 0.580000
v -3.683000 0.254500 1.196700
v -3.525500 0.071700 1.145500
v -3.483800 0.007700 0.554700
v -3.364100 0.007700 1.093100
v -2.846600 0.007700 2.068200
v -3.144500 0.007700 1.599000
v -2.996700 0.071700 2.177200
v -3.301500 0.071700 1.681700
v -3.135000 0.254500 2.277700
v -3.451100 0.254500 1.758900
v -2.739300 0.254500 2.738700
v -2.619700 0.071700 2.620300
v -2.276200 0.254500 3.133000
v -2.178800 0.071700 2.998900
v -2.492400 0.007700 2.496400
v -2.079100 0.007700 2.861700
v -1.087300 0.007700 3.346400
v -1.604100 0.007700 3.141900
v -1.144600 0.071700 3.522800
v -1.682500 0.071700 3.301200
v -1.197500 0.254500 3.685400
v -1.758200 0.254500 3.451500
v -0.606300 0.254500 3.825800
v -0.579200 0.071700 3.659600
v 0.000000 0.254500 3.872500
v 0.000000 0.071700 3.706900
v -0.549000 0.007700 3.484700
v 0.000000 0.007700 3.537200
v 1.087300 0.007700 3.346400
v 0.549000 0.007700 3.484700
v 1.144600 0.071700 3.522800
v 0.579200 0.071700 3.659600
v 1.197500 0.254500 3.685400
v 0.606300 0.254500 3.825800
v 1.758200 0.254500 3.451500
v 1.682500 0.071700 3.301200
v 2.276200 0.254500 3.133000
v 2.178800 0.071700 2.998900
v 1.604100 0.007700 3.141900
v 2.079100 0.007700 2.861700
v 2.846600 0.007700 2.068200
v 2.492400 0.007700 2.496400
v 2.996700 0.071700 2.177200
v 2.619700 0.071700 2.620300
v 3.135000 0.254500 2.277700
v 2.739300 0.254500 2.738700
v 3.451100 0.254500 1.758900
v 3.301500 0.071700 1.681700
v 3.683000 0.254500 1.196700
v 3.525500 0.071700 1.145500
v 3.144500 0.007700 1.599000
v 3.364100 0.007700 1.093100
v 3.483800 0.007700 0.554700
v 3.659500 0.071700 0.580000
v 3.825900 0.254500 0.605600
vn 0.8337 -0.5523 -0.0000
vn 0.8309 -0.5402 -0.1333
vn 0.8415 -0.5403 -0.0000
vn 0.8232 -0.5522 -0.1321
vn 0.8004 -0.5401 -0.2600
vn 0.8457 -0.5161 -0.1357
vn 0.8564 -0.5163 -0.0000
vn 0.8147 -0.5160 -0.2647
vn 0.6744 -0.5524 -0.4900
vn 0.7506 -0.5402 -0.3805
vn 0.7436 -0.5522 -0.3769
vn 0.6808 -0.5403 -0.4946
vn 0.7639 -0.5161 -0.3873
vn 0.7930 -0.5521 -0.2577
vn 0.8031 -0.4351 -0.4071
vn 0.7088 -0.4821 -0.5149
vn 0.7284 -0.4352 -0.5292
vn 0.8564 -0.4350 -0.2782
vn 0.7815 -0.4820 -0.3962
vn 0.6929 -0.5162 -0.5034
vn 0.8333 -0.4819 -0.2708
vn 0.8890 -0.4351 -0.1426
vn 0.8761 -0.4821 -0.0000
vn 0.8651 -0.4820 -0.1388
vn 0.5939 -0.5402 -0.5963
vn 0.5883 -0.5522 -0.5907
vn 0.4947 -0.5401 -0.6809
vn 0.6044 -0.5161 -0.6069
vn 0.5035 -0.5160 -0.6930
vn 0.2576 -0.5524 -0.7928
vn 0.3836 -0.5402 -0.7490
vn 0.3800 -0.5522 -0.7421
vn 0.2600 -0.5403 -0.8003
vn 0.3904 -0.5161 -0.7624
vn 0.4901 -0.5521 -0.6746
vn 0.4104 -0.4351 -0.8014
vn 0.2707 -0.4821 -0.8333
vn 0.2782 -0.4352 -0.8563
vn 0.5293 -0.4350 -0.7284
vn 0.3994 -0.4820 -0.7799
vn 0.2646 -0.5163 -0.8145
vn 0.5151 -0.4819 -0.7089
vn 0.6354 -0.4351 -0.6380
vn 0.6183 -0.4820 -0.6208
vn 0.1300 -0.5402 -0.8314
vn 0.1287 -0.5522 -0.8237
vn -0.0000 -0.5401 -0.8416
vn 0.1323 -0.5161 -0.8463
vn -0.0000 -0.5160 -0.8566
vn -0.2576 -0.5524 -0.7928
vn -0.1300 -0.5402 -0.8314
vn -0.1287 -0.5522 -0.8237
vn -0.2600 -0.5403 -0.8003
vn -0.1323 -0.5161 -0.8463
vn -0.0000 -0.5521 -0.8338
vn -0.1390 -0.4351 -0.8896
vn -0.2707 -0.4821 -0.8333
vn -0.2782 -0.4352 -0.8563
vn -0.0000 -0.4350 -0.9004
vn -0.1353 -0.4820 -0.8657
vn -0.2646 -0.5163 -0.8145
vn -0.0000 -0.4819 -0.8762
vn 0.1390 -0.4351 -0.8896
vn 0.1353 -0.4820 -0.8657
vn -0.3836 -0.5402 -0.7490
vn -0.3800 -0.5522 -0.7421
vn -0.4947 -0.5401 -0.6809
vn -0.3904 -0.5161 -0.7624
vn -0.5035 -0.5160 -0.6930
vn -0.6744 -0.5524 -0.4900
vn -0.5939 -0.5402 -0.5963
vn -0.5883 -0.5522 -0.5907
vn -0.6808 -0.5403 -0.4946
vn -0.6044 -0.5161 -0.6069
vn -0.4901 -0.5521 -0.6746
vn -0.6354 -0.4351 -0.6380
vn -0.7088 -0.4821 -0.5149
vn -0.7284 -0.4352 -0.5292
vn -0.5293 -0.4350 -0.7284
vn -0.6183 -0.4820 -0.6208
vn -0.6929 -0.5162 -0.5034
vn -0.5151 -0.4819 -0.7089
vn -0.4104 -0.4351 -0.8014
vn -0.3994 -0.4820 -0.7799
vn -0.7506 -0.5402 -0.3805
vn -0.7436 -0.5522 -0.3769
vn -0.8004 -0.5401 -0.2600
vn -0.7639 -0.5161 -0.3873
vn -0.8147 -0.5160 -0.2647
vn -0.8337 -0.5523 -0.0000
vn -0.8309 -0.5402 -0.1333
vn -0.8232 -0.5522 -0.1321
vn -0.8415 -0.5403 -0.0000
vn -0.8457 -0.5161 -0.1357
vn -0.7930 -0.5521 -0.2577
vn -0.8890 -0.4351 -0.1426
vn -0.8761 -0.4821 -0.0000
vn -0.9003 -0.4352 -0.0000
vn -0.8564 -0.4350 -0.2782
vn -0.8651 -0.4820 -0.1388
vn -0.8564 -0.5163 -0.0000
vn -0.8333 -0.4819 -0.2708
vn -0.8031 -0.4351 -0.4071
vn -0.7815 -0.4820 -0.3962
vn -0.8309 -0.5402 0.1333
vn -0.8232 -0.5522 0.1321
vn -0.8004 -0.5401 0.2600
vn -0.8457 -0.5161 0.1357
vn -0.8147 -0.5160 0.2647
vn -0.6744 -0.5524 0.4900
vn -0.7506 -0.5402 0.3805
vn -0.7436 -0.5522 0.3769
vn -0.6808 -0.5403 0.4946
vn -0.7639 -0.5161 0.3873
vn -0.7930 -0.5521 0.2577
vn -0.8031 -0.4351 0.4071
vn -0.7088 -0.4821 0.5149
vn -0.7284 -0.4352 0.5292
vn -0.8564 -0.4350 0.2782
vn -0.7815 -0.4820 0.3962
vn -0.6929 -0.5162 0.5034
vn -0.8333 -0.4819 0.2708
vn -0.8890 -0.4351 0.1426
vn -0.8651 -0.4820 0.1388
vn -0.5939 -0.5402 0.5963
vn -0.5883 -0.5522 0.5907
vn -0.4947 -0.5401 0.6809
vn -0.6044 -0.5161 0.6069
vn -0.5035 -0.5160 0.6930
vn -0.2576 -0.5524 0.7928
vn -0.3836 -0.5402 0.7490
vn -0.3800 -0.5522 0.7421
vn -0.2600 -0.5403 0.8003
vn -0.3904 -0.5161 0.7624
vn -0.4901 -0.5521 0.6746
vn -0.4104 -0.4351 0.8014
vn -0.2707 -0.4821 0.8333
vn -0.2782 -0.4352 0.8563
vn -0.5293 -0.4350 0.7285
vn -0.3994 -0.4820 0.7799
vn -0.2646 -0.5163 0.8145
vn -0.5151 -0.4819 0.7089
vn -0.6354 -0.4351 0.6380
vn -0.6183 -0.4820 0.6208
vn -0.1300 -0.5402 0.8314
vn -0.1287 -0.5522 0.8237
vn -0.0000 -0.5401 0.8416
vn -0.1323 -0.5161 0.8463
vn -0.0000 -0.5160 0.8566
vn 0.2576 -0.5524 0.7928
vn 0.1300 -0.5402 0.8314
vn 0.1287 -0.5522 0.8237
vn 0.2600 -0.5403 0.8003
vn 0.1323 -0.5161 0.8463
vn -0.0000 -0.5521 0.8338
vn 0.1390 -0.4351 0.8896
vn 0.2707 -0.4821 0.8333
vn 0.2782 -0.4352 0.8563
vn -0.0000 -0.4350 0.9004
vn 0.1353 -0.4820 0.8657
vn 0.2646 -0.5163 0.8145
vn -0.0000 -0.4819 0.8762
vn -0.1390 -0.4351 0.8896
vn -0.1353 -0.4820 0.8657
vn 0.3836 -0.5402 0.7490
vn 0.3800 -0.5522 0.7421
vn 0.4947 -0.5401 0.6809
vn 0.3904 -0.5161 0.7624
vn 0.5035 -0.5160 0.6930
vn 0.6744 -0.5524 0.4900
vn 0.5939 -0.5402 0.5963
vn 0.5883 -0.5522 0.5907
vn 0.6808 -0.5403 0.4946
vn 0.6044 -0.5161 0.6069
vn 0.4901 -0.5521 0.6746
vn 0.6354 -0.4351 0.6380
vn 0.7088 -0.4821 0.5150
vn 0.7284 -0.4352 0.5292
vn 0.5293 -0.4350 0.7284
vn 0.6183 -0.4820 0.6208
vn 0.6929 -0.5163 0.5034
vn 0.5151 -0.4819 0.7089
vn 0.4104 -0.4351 0.8014
vn 0.3994 -0.4820 0.7799
vn 0.7506 -0.5402 0.3805
vn 0.7436 -0.5522 0.3769
vn 0.8004 -0.5401 0.2600
vn 0.7639 -0.5161 0.3873
vn 0.8147 -0.5160 0.2647
vn 0.8309 -0.5402 0.1333
vn 0.8232 -0.5522 0.1321
vn 0.8457 -0.5161 0.1357
vn 0.7930 -0.5521 0.2577
vn 0.8890 -0.4351 0.1426
vn 0.9003 -0.4352 -0.0000
vn 0.8564 -0.4350 0.2782
vn 0.8651 -0.4820 0.1388
vn 0.8333 -0.4819 0.2708
vn 0.8031 -0.4351 0.4071
vn 0.7815 -0.4820 0.3962
vn 0.8241 -0.3825 -0.4178
vn 0.7475 -0.3826 -0.5431
vn 0.8418 -0.3304 -0.4268
vn 0.8788 -0.3824 -0.2855
vn 0.8977 -0.3304 -0.2917
vn 0.7781 -0.2737 -0.5653
vn 0.8730 -0.2048 -0.4426
vn 0.8579 -0.2736 -0.4349
vn 0.9309 -0.2047 -0.3025
vn 0.9148 -0.2735 -0.2972
vn 0.7636 -0.3305 -0.5547
vn 0.9618 -0.2737 -0.0000
vn 0.9665 -0.2048 -0.1551
vn 0.9788 -0.2048 -0.0000
vn 0.9438 -0.3305 -0.0000
vn 0.9497 -0.2736 -0.1524
vn 0.9319 -0.3304 -0.1495
vn 0.9123 -0.3825 -0.1464
vn 0.9239 -0.3826 -0.0000
vn 0.4211 -0.3825 -0.8224
vn 0.2855 -0.3826 -0.8787
vn 0.4302 -0.3304 -0.8401
vn 0.5431 -0.3824 -0.7475
vn 0.5548 -0.3304 -0.7636
vn 0.2972 -0.2737 -0.9147
vn 0.4461 -0.2048 -0.8712
vn 0.4384 -0.2736 -0.8561
vn 0.5753 -0.2047 -0.7919
vn 0.5654 -0.2735 -0.7782
vn 0.2916 -0.3305 -0.8976
vn 0.6907 -0.2048 -0.6935
vn 0.7919 -0.2048 -0.5753
vn 0.6788 -0.2736 -0.6815
vn 0.6660 -0.3304 -0.6687
vn 0.6520 -0.3825 -0.6547
vn -0.1427 -0.3825 -0.9129
vn -0.2855 -0.3826 -0.8787
vn -0.1458 -0.3304 -0.9325
vn -0.0000 -0.3824 -0.9240
vn -0.0000 -0.3303 -0.9439
vn -0.2972 -0.2737 -0.9147
vn -0.1512 -0.2048 -0.9671
vn -0.1486 -0.2736 -0.9503
vn -0.0000 -0.2047 -0.9788
vn -0.0000 -0.2735 -0.9619
vn -0.2916 -0.3305 -0.8976
vn 0.1512 -0.2048 -0.9671
vn 0.3025 -0.2048 -0.9309
vn 0.1486 -0.2736 -0.9503
vn 0.1458 -0.3304 -0.9325
vn 0.1427 -0.3825 -0.9129
vn -0.6520 -0.3825 -0.6547
vn -0.7475 -0.3826 -0.5431
vn -0.6660 -0.3304 -0.6687
vn -0.5431 -0.3824 -0.7475
vn -0.5548 -0.3304 -0.7636
vn -0.7781 -0.2737 -0.5653
vn -0.6907 -0.2048 -0.6935
vn -0.6788 -0.2736 -0.6815
vn -0.5753 -0.2047 -0.7919
vn -0.5654 -0.2735 -0.7782
vn -0.7636 -0.3305 -0.5547
vn -0.4461 -0.2048 -0.8712
vn -0.3025 -0.2048 -0.9309
vn -0.4384 -0.2736 -0.8561
vn -0.4302 -0.3304 -0.8401
vn -0.4211 -0.3825 -0.8224
vn -0.9123 -0.3825 -0.1464
vn -0.9239 -0.3826 -0.0000
vn -0.9319 -0.3304 -0.1495
vn -0.8788 -0.3824 -0.2855
vn -0.8977 -0.3303 -0.2917
vn -0.9618 -0.2737 -0.0000
vn -0.9665 -0.2048 -0.1551
vn -0.9497 -0.2736 -0.1524
vn -0.9309 -0.2047 -0.3025
vn -0.9148 -0.2735 -0.2972
vn -0.9438 -0.3305 -0.0000
vn -0.8730 -0.2048 -0.4426
vn -0.7919 -0.2048 -0.5753
vn -0.8579 -0.2736 -0.4349
vn -0.8418 -0.3304 -0.4268
vn -0.8241 -0.3825 -0.4178
vn -0.8241 -0.3825 0.4178
vn -0.7475 -0.3826 0.5431
vn -0.8418 -0.3304 0.4268
vn -0.8788 -0.3824 0.2855
vn -0.8977 -0.3304 0.2917
vn -0.7781 -0.2737 0.5653
vn -0.8730 -0.2048 0.4426
vn -0.8579 -0.2736 0.4349
vn -0.9309 -0.2047 0.3025
vn -0.9148 -0.2735 0.2972
vn -0.7636 -0.3305 0.5547
vn -0.9665 -0.2048 0.1551
vn -0.9788 -0.2048 -0.0000
vn -0.9497 -0.2736 0.1524
vn -0.9319 -0.3304 0.1495
vn -0.9123 -0.3825 0.1464
vn -0.4211 -0.3825 0.8224
vn -0.2855 -0.3826 0.8787
vn -0.4302 -0.3304 0.8401
vn -0.5431 -0.3824 0.7475
vn -0.5548 -0.3304 0.7636
vn -0.2972 -0.2737 0.9147
vn -0.4461 -0.2048 0.8712
vn -0.4384 -0.2736 0.8561
vn -0.5753 -0.2047 0.7919
vn -0.5654 -0.2735 0.7782
vn -0.2916 -0.3305 0.8976
vn -0.6907 -0.2048 0.6935
vn -0.7919 -0.2048 0.5753
vn -0.6788 -0.2736 0.6815
vn -0.6660 -0.3304 0.6687
vn -0.6520 -0.3825 0.6547
vn 0.1427 -0.3825 0.9129
vn 0.2855 -0.3826 0.8787
vn 0.1458 -0.3304 0.9325
vn -0.0000 -0.3824 0.9240
vn -0.0000 -0.3303 0.9439
vn 0.2972 -0.2737 0.9147
vn 0.1512 -0.2048 0.9671
vn 0.1486 -0.2736 0.9503
vn -0.0000 -0.2047 0.9788
vn -0.0000 -0.2735 0.9619
vn 0.2916 -0.3305 0.8976
vn -0.1512 -0.2048 0.9671
vn -0.3025 -0.2048 0.9309
vn -0.1486 -0.2736 0.9503
vn -0.1458 -0.3304 0.9325
vn -0.1427 -0.3825 0.9129
vn 0.6520 -0.3825 0.6547
vn 0.7475 -0.3826 0.5431
vn 0.6660 -0.3304 0.6687
vn 0.5431 -0.3824 0.7475
vn 0.5548 -0.3304 0.7636
vn 0.7781 -0.2737 0.5653
vn 0.6907 -0.2047 0.6935
vn 0.6788 -0.2736 0.6815
vn 0.5753 -0.2047 0.7919
vn 0.5654 -0.2735 0.7782
vn 0.7636 -0.3305 0.5547
vn 0.4461 -0.2048 0.8712
vn 0.3025 -0.2048 0.9309
vn 0.4384 -0.2736 0.8561
vn 0.4302 -0.3304 0.8401
vn 0.4211 -0.3825 0.8224
vn 0.9123 -0.3825 0.1464
vn 0.9319 -0.3304 0.1495
vn 0.8788 -0.3824 0.2855
vn 0.8977 -0.3303 0.2917
vn 0.9665 -0.2048 0.1551
vn 0.9497 -0.2736 0.1524
vn 0.9309 -0.2047 0.3025
vn 0.9148 -0.2735 0.2972
vn 0.8730 -0.2048 0.4426
vn 0.7919 -0.2048 0.5753
vn 0.8579 -0.2736 0.4349
vn 0.8418 -0.3304 0.4268
vn 0.8241 -0.3825 0.4178
vn 0.8859 -0.1163 -0.4491
vn 0.8035 -0.1163 -0.5838
vn 0.8919 -0.0033 -0.4522
vn 0.9446 -0.1163 -0.3069
vn 0.9510 -0.0033 -0.3090
vn 0.7726 0.2966 -0.5614
vn 0.8836 0.1358 -0.4480
vn 0.8015 0.1359 -0.5823
vn 0.8518 0.2965 -0.4319
vn 0.9422 0.1358 -0.3062
vn 0.8090 -0.0033 -0.5878
vn 0.9550 0.2966 -0.0000
vn 0.9782 0.1358 -0.1570
vn 0.9430 0.2965 -0.1513
vn 0.9907 0.1359 -0.0000
vn 0.9874 -0.0033 -0.1584
vn 0.9083 0.2965 -0.2951
vn 0.9807 -0.1163 -0.1574
vn 0.9932 -0.1164 -0.0000
vn 1.0000 -0.0033 -0.0000
vn 0.4527 -0.1163 -0.8841
vn 0.3069 -0.1163 -0.9446
vn 0.4558 -0.0033 -0.8901
vn 0.5838 -0.1163 -0.8035
vn 0.5878 -0.0033 -0.8090
vn 0.2951 0.2965 -0.9083
vn 0.4516 0.1358 -0.8818
vn 0.3062 0.1358 -0.9422
vn 0.4353 0.2965 -0.8501
vn 0.5823 0.1358 -0.8015
vn 0.3090 -0.0033 -0.9510
vn 0.6991 0.1359 -0.7020
vn 0.6739 0.2965 -0.6767
vn 0.7057 -0.0033 -0.7085
vn 0.5614 0.2964 -0.7727
vn 0.7009 -0.1163 -0.7037
vn -0.1534 -0.1163 -0.9813
vn -0.3069 -0.1163 -0.9446
vn -0.1545 -0.0033 -0.9880
vn -0.0000 -0.1163 -0.9932
vn -0.0000 -0.0033 -1.0000
vn -0.2951 0.2965 -0.9083
vn -0.1530 0.1358 -0.9788
vn -0.3062 0.1358 -0.9422
vn -0.1475 0.2965 -0.9436
vn -0.0000 0.1358 -0.9907
vn -0.3090 -0.0033 -0.9510
vn 0.1530 0.1358 -0.9788
vn 0.1475 0.2965 -0.9436
vn 0.1545 -0.0033 -0.9880
vn -0.0000 0.2964 -0.9551
vn 0.1534 -0.1163 -0.9813
vn -0.7009 -0.1163 -0.7037
vn -0.8035 -0.1163 -0.5838
vn -0.7057 -0.0033 -0.7085
vn -0.5838 -0.1163 -0.8035
vn -0.5878 -0.0033 -0.8090
vn -0.7726 0.2966 -0.5614
vn -0.6991 0.1359 -0.7020
vn -0.8015 0.1359 -0.5823
vn -0.6739 0.2965 -0.6767
vn -0.5823 0.1358 -0.8015
vn -0.8090 -0.0033 -0.5878
vn -0.4516 0.1358 -0.8818
vn -0.4353 0.2965 -0.8501
vn -0.4558 -0.0033 -0.8901
vn -0.5614 0.2964 -0.7727
vn -0.4527 -0.1163 -0.8841
vn -0.9807 -0.1163 -0.1574
vn -0.9932 -0.1164 -0.0000
vn -0.9874 -0.0033 -0.1584
vn -0.9446 -0.1163 -0.3069
vn -0.9510 -0.0033 -0.3090
vn -0.9550 0.2966 -0.0000
vn -0.9782 0.1358 -0.1570
vn -0.9907 0.1359 -0.0000
vn -0.9430 0.2965 -0.1513
vn -0.9422 0.1358 -0.3062
vn -1.0000 -0.0033 -0.0000
vn -0.8836 0.1358 -0.4480
vn -0.8518 0.2965 -0.4319
vn -0.8919 -0.0033 -0.4522
vn -0.9083 0.2965 -0.2951
vn -0.8859 -0.1163 -0.4491
vn -0.8859 -0.1163 0.4491
vn -0.8035 -0.1163 0.5838
vn -0.8919 -0.0033 0.4522
vn -0.9446 -0.1163 0.3069
vn -0.9510 -0.0033 0.3090
vn -0.7726 0.2966 0.5614
vn -0.8836 0.1358 0.4480
vn -0.8015 0.1359 0.5823
vn -0.8518 0.2965 0.4319
vn -0.9422 0.1358 0.3062
vn -0.8090 -0.0033 0.5878
vn -0.9782 0.1358 0.1570
vn -0.9430 0.2965 0.1513
vn -0.9874 -0.0033 0.1584
vn -0.9083 0.2965 0.2951
vn -0.9807 -0.1163 0.1574
vn -0.4527 -0.1163 0.8841
vn -0.3069 -0.1163 0.9446
vn -0.4558 -0.0033 0.8901
vn -0.5838 -0.1163 0.8035
vn -0.5878 -0.0033 0.8090
vn -0.2951 0.2965 0.9083
vn -0.4516 0.1358 0.8818
vn -0.3062 0.1358 0.9422
vn -0.4353 0.2965 0.8501
vn -0.5823 0.1358 0.8015
vn -0.3090 -0.0033 0.9510
vn -0.6991 0.1359 0.7020
vn -0.6739 0.2965 0.6767
vn -0.7057 -0.0033 0.7085
vn -0.5614 0.2964 0.7727
vn -0.7009 -0.1163 0.7037
vn 0.1534 -0.1163 0.9813
vn 0.3069 -0.1163 0.9446
vn 0.1545 -0.0033 0.9880
vn -0.0000 -0.1163 0.9932
vn -0.0000 -0.0033 1.0000
vn 0.2951 0.2965 0.9083
vn 0.1530 0.1358 0.9788
vn 0.3062 0.1358 0.9422
vn 0.1475 0.2965 0.9436
vn -0.0000 0.1358 0.9907
vn 0.3090 -0.0033 0.9510
vn -0.1530 0.1358 0.9788
vn -0.1475 0.2965 0.9436
vn -0.1545 -0.0033 0.9880
vn -0.0000 0.2964 0.9551
vn -0.1534 -0.1163 0.9813
vn 0.7009 -0.1163 0.7037
vn 0.8035 -0.1163 0.5838
vn 0.7057 -0.0033 0.7085
vn 0.5838 -0.1163 0.8035
vn 0.5878 -0.0033 0.8090
vn 0.7726 0.2966 0.5614
vn 0.6991 0.1359 0.7020
vn 0.8015 0.1359 0.5823
vn 0.6739 0.2965 0.6767
vn 0.5823 0.1358 0.8015
vn 0.8090 -0.0033 0.5878
vn 0.4516 0.1358 0.8818
vn 0.4353 0.2965 0.8501
vn 0.4558 -0.0033 0.8901
vn 0.5614 0.2964 0.7727
vn 0.4527 -0.1163 0.8840
vn 0.9807 -0.1163 0.1574
vn 0.9874 -0.0033 0.1584
vn 0.9446 -0.1163 0.3069
vn 0.9510 -0.0033 0.3090
vn 0.9782 0.1358 0.1570
vn 0.9430 0.2965 0.1513
vn 0.9422 0.1358 0.3062
vn 0.8836 0.1358 0.4480
vn 0.8518 0.2965 0.4319
vn 0.8919 -0.0033 0.4522
vn 0.9083 0.2965 0.2951
vn 0.8859 -0.1163 0.4491
vn 0.7203 0.4553 -0.5233
vn 0.6541 0.5886 -0.4752
vn 0.7941 0.4553 -0.4026
vn 0.7211 0.5885 -0.3656
vn 0.8468 0.4552 -0.2752
vn 0.5206 0.7655 -0.3782
vn 0.6446 0.6911 -0.3268
vn 0.5846 0.6912 -0.4248
vn 0.5740 0.7654 -0.2910
vn 0.6874 0.6911 -0.2234
vn 0.7690 0.5884 -0.2499
vn 0.6435 0.7655 -0.0000
vn 0.7136 0.6912 -0.1145
vn 0.6354 0.7654 -0.1020
vn 0.7226 0.6912 -0.0000
vn 0.7983 0.5885 -0.1281
vn 0.6121 0.7653 -0.1989
vn 0.8903 0.4553 -0.0000
vn 0.8791 0.4552 -0.1410
vn 0.8085 0.5886 -0.0000
vn 0.2751 0.4553 -0.8468
vn 0.2498 0.5886 -0.7689
vn 0.4058 0.4552 -0.7925
vn 0.3685 0.5885 -0.7197
vn 0.5234 0.4552 -0.7204
vn 0.1988 0.7655 -0.6120
vn 0.3294 0.6912 -0.6433
vn 0.2233 0.6912 -0.6873
vn 0.2933 0.7654 -0.5728
vn 0.4248 0.6911 -0.5847
vn 0.4753 0.5884 -0.6541
vn 0.5100 0.6911 -0.5121
vn 0.4542 0.7654 -0.4560
vn 0.5705 0.5885 -0.5729
vn 0.3783 0.7653 -0.5207
vn 0.6283 0.4552 -0.6309
vn -0.2751 0.4553 -0.8468
vn -0.2498 0.5886 -0.7689
vn -0.1375 0.4552 -0.8797
vn -0.1249 0.5885 -0.7988
vn -0.0000 0.4551 -0.8904
vn -0.1988 0.7655 -0.6120
vn -0.1116 0.6911 -0.7140
vn -0.2233 0.6912 -0.6873
vn -0.0994 0.7654 -0.6358
vn -0.0000 0.6911 -0.7228
vn -0.0000 0.5884 -0.8085
vn 0.1116 0.6911 -0.7140
vn 0.0994 0.7654 -0.6358
vn 0.1249 0.5885 -0.7988
vn -0.0000 0.7653 -0.6436
vn 0.1375 0.4552 -0.8797
vn -0.7203 0.4553 -0.5233
vn -0.6541 0.5886 -0.4752
vn -0.6283 0.4552 -0.6309
vn -0.5705 0.5885 -0.5729
vn -0.5234 0.4552 -0.7204
vn -0.5206 0.7655 -0.3782
vn -0.5100 0.6911 -0.5121
vn -0.5846 0.6912 -0.4248
vn -0.4542 0.7654 -0.4560
vn -0.4248 0.6911 -0.5847
vn -0.4753 0.5884 -0.6541
vn -0.3294 0.6912 -0.6433
vn -0.2933 0.7654 -0.5728
vn -0.3685 0.5885 -0.7197
vn -0.3783 0.7653 -0.5207
vn -0.4058 0.4552 -0.7925
vn -0.8903 0.4553 -0.0000
vn -0.8085 0.5886 -0.0000
vn -0.8791 0.4552 -0.1410
vn -0.7983 0.5885 -0.1281
vn -0.8468 0.4552 -0.2752
vn -0.6435 0.7655 -0.0000
vn -0.7136 0.6912 -0.1145
vn -0.7226 0.6912 -0.0000
vn -0.6354 0.7654 -0.1020
vn -0.6874 0.6911 -0.2234
vn -0.7690 0.5884 -0.2499
vn -0.6446 0.6911 -0.3268
vn -0.5740 0.7654 -0.2910
vn -0.7211 0.5885 -0.3656
vn -0.6121 0.7653 -0.1989
vn -0.7941 0.4553 -0.4026
vn -0.7203 0.4553 0.5233
vn -0.6540 0.5886 0.4752
vn -0.7941 0.4552 0.4026
vn -0.7211 0.5885 0.3656
vn -0.8468 0.4552 0.2751
vn -0.5206 0.7655 0.3782
vn -0.6446 0.6911 0.3268
vn -0.5846 0.6912 0.4248
vn -0.5740 0.7654 0.2910
vn -0.6874 0.6911 0.2234
vn -0.7690 0.5884 0.2499
vn -0.7136 0.6912 0.1145
vn -0.6354 0.7654 0.1020
vn -0.7983 0.5885 0.1281
vn -0.6121 0.7653 0.1989
vn -0.8791 0.4552 0.1410
vn -0.2751 0.4553 0.8468
vn -0.2498 0.5886 0.7689
vn -0.4058 0.4552 0.7925
vn -0.3685 0.5885 0.7197
vn -0.5234 0.4551 0.7204
vn -0.1988 0.7655 0.6120
vn -0.3294 0.6912 0.6433
vn -0.2233 0.6912 0.6873
vn -0.2933 0.7654 0.5728
vn -0.4248 0.6911 0.5847
vn -0.4753 0.5884 0.6541
vn -0.5100 0.6911 0.5121
vn -0.4541 0.7654 0.4560
vn -0.5705 0.5885 0.5728
vn -0.3783 0.7653 0.5207
vn -0.6283 0.4552 0.6309
vn 0.2751 0.4553 0.8468
vn 0.2498 0.5886 0.7689
vn 0.1375 0.4552 0.8797
vn 0.1249 0.5885 0.7988
vn -0.0000 0.4551 0.8904
vn 0.1988 0.7655 0.6120
vn 0.1116 0.6911 0.7140
vn 0.2233 0.6912 0.6873
vn 0.0994 0.7654 0.6358
vn -0.0000 0.6911 0.7228
vn -0.0000 0.5884 0.8085
vn -0.1116 0.6911 0.7140
vn -0.0994 0.7654 0.6358
vn -0.1249 0.5885 0.7988
vn -0.0000 0.7653 0.6436
vn -0.1375 0.4552 0.8797
vn 0.7203 0.4553 0.5233
vn 0.6541 0.5886 0.4752
vn 0.6283 0.4552 0.6309
vn 0.5705 0.5885 0.5729
vn 0.5234 0.4552 0.7204
vn 0.5206 0.7655 0.3782
vn 0.5100 0.6911 0.5121
vn 0.5846 0.6912 0.4248
vn 0.4542 0.7654 0.4560
vn 0.4248 0.6911 0.5847
vn 0.4753 0.5884 0.6541
vn 0.3294 0.6912 0.6433
vn 0.2933 0.7654 0.5728
vn 0.3685 0.5885 0.7197
vn 0.3783 0.7653 0.5207
vn 0.4058 0.4552 0.7925
vn 0.8791 0.4552 0.1410
vn 0.7983 0.5885 0.1281
vn 0.8468 0.4552 0.2752
vn 0.7136 0.6912 0.1145
vn 0.6354 0.7654 0.1020
vn 0.6874 0.6911 0.2234
vn 0.7690 0.5884 0.2499
vn 0.6446 0.6911 0.3268
vn 0.5740 0.7654 0.2910
vn 0.7211 0.5885 0.3656
vn 0.6121 0.7653 0.1989
vn 0.7941 0.4553 0.4026
vn 0.6677 0.5647 -0.4851
vn 0.6411 0.6953 -0.3250
vn 0.5813 0.6955 -0.4223
vn 0.7336 0.4215 -0.5330
vn 0.7362 0.5645 -0.3733
vn 0.6836 0.6952 -0.2222
vn 0.8089 0.4214 -0.4100
vn 0.7851 0.5644 -0.2551
vn 0.7948 0.1868 -0.5774
vn 0.8536 0.2900 -0.4327
vn 0.7742 0.2902 -0.5624
vn 0.8762 0.1867 -0.4442
vn 0.9102 0.2899 -0.2958
vn 0.8625 0.4212 -0.2803
vn 0.9824 0.1868 -0.0000
vn 0.9449 0.2900 -0.1516
vn 0.9700 0.1867 -0.1557
vn 0.9570 0.2902 -0.0000
vn 0.8954 0.4213 -0.1437
vn 0.9344 0.1866 -0.3036
vn 0.8253 0.5647 -0.0000
vn 0.7096 0.6953 -0.1138
vn 0.8150 0.5645 -0.1308
vn 0.9068 0.4215 -0.0000
vn 0.2550 0.5647 -0.7849
vn 0.3276 0.6953 -0.6397
vn 0.2220 0.6955 -0.6834
vn 0.2802 0.4215 -0.8624
vn 0.3762 0.5645 -0.7347
vn 0.4225 0.6952 -0.5816
vn 0.4134 0.4213 -0.8072
vn 0.4852 0.5644 -0.6679
vn 0.3035 0.1868 -0.9343
vn 0.4362 0.2900 -0.8518
vn 0.2957 0.2902 -0.9102
vn 0.4478 0.1867 -0.8744
vn 0.5626 0.2900 -0.7742
vn 0.5331 0.4212 -0.7337
vn 0.6753 0.2900 -0.6781
vn 0.6933 0.1867 -0.6961
vn 0.6400 0.4213 -0.6426
vn 0.5774 0.1866 -0.7948
vn 0.5072 0.6953 -0.5093
vn 0.5825 0.5645 -0.5849
vn -0.2550 0.5647 -0.7849
vn -0.1110 0.6953 -0.7101
vn -0.2220 0.6955 -0.6834
vn -0.2802 0.4215 -0.8624
vn -0.1275 0.5645 -0.8155
vn -0.0000 0.6952 -0.7188
vn -0.1400 0.4213 -0.8960
vn -0.0000 0.5644 -0.8255
vn -0.3035 0.1868 -0.9343
vn -0.1478 0.2900 -0.9455
vn -0.2957 0.2902 -0.9102
vn -0.1518 0.1867 -0.9706
vn -0.0000 0.2899 -0.9570
vn -0.0000 0.4212 -0.9070
vn 0.1478 0.2900 -0.9455
vn 0.1518 0.1867 -0.9706
vn 0.1400 0.4213 -0.8960
vn -0.0000 0.1866 -0.9824
vn 0.1110 0.6953 -0.7101
vn 0.1275 0.5645 -0.8155
vn -0.6677 0.5647 -0.4851
vn -0.5072 0.6953 -0.5093
vn -0.5813 0.6955 -0.4223
vn -0.7336 0.4215 -0.5330
vn -0.5825 0.5645 -0.5849
vn -0.4225 0.6952 -0.5816
vn -0.6400 0.4213 -0.6426
vn -0.4852 0.5644 -0.6679
vn -0.7948 0.1868 -0.5774
vn -0.6753 0.2900 -0.6781
vn -0.7742 0.2902 -0.5624
vn -0.6933 0.1867 -0.6961
vn -0.5626 0.2900 -0.7742
vn -0.5331 0.4212 -0.7337
vn -0.4362 0.2900 -0.8518
vn -0.4478 0.1867 -0.8744
vn -0.4134 0.4213 -0.8072
vn -0.5774 0.1866 -0.7948
vn -0.3276 0.6953 -0.6397
vn -0.3762 0.5645 -0.7347
vn -0.8253 0.5647 -0.0000
vn -0.7096 0.6953 -0.1138
vn -0.7185 0.6955 -0.0000
vn -0.9068 0.4215 -0.0000
vn -0.8150 0.5645 -0.1308
vn -0.6836 0.6952 -0.2222
vn -0.8954 0.4213 -0.1437
vn -0.7851 0.5644 -0.2551
vn -0.9824 0.1868 -0.0000
vn -0.9449 0.2900 -0.1516
vn -0.9570 0.2902 -0.0000
vn -0.9700 0.1867 -0.1557
vn -0.9102 0.2899 -0.2958
vn -0.8625 0.4212 -0.2803
vn -0.8536 0.2900 -0.4327
vn -0.8762 0.1867 -0.4442
vn -0.8089 0.4214 -0.4100
vn -0.9344 0.1866 -0.3036
vn -0.6411 0.6953 -0.3250
vn -0.7362 0.5645 -0.3733
vn -0.6677 0.5647 0.4851
vn -0.6411 0.6953 0.3250
vn -0.5813 0.6955 0.4223
vn -0.7336 0.4215 0.5330
vn -0.7362 0.5645 0.3733
vn -0.6836 0.6952 0.2222
vn -0.8089 0.4214 0.4100
vn -0.7851 0.5644 0.2551
vn -0.7948 0.1868 0.5774
vn -0.8536 0.2900 0.4327
vn -0.7742 0.2902 0.5624
vn -0.8762 0.1867 0.4442
vn -0.9102 0.2899 0.2958
vn -0.8625 0.4212 0.2803
vn -0.9449 0.2900 0.1516
vn -0.9700 0.1867 0.1557
vn -0.8954 0.4213 0.1437
vn -0.9344 0.1866 0.3036
vn -0.7096 0.6953 0.1138
vn -0.8150 0.5645 0.1308
vn -0.2550 0.5647 0.7849
vn -0.3276 0.6953 0.6397
vn -0.2220 0.6955 0.6834
vn -0.2802 0.4215 0.8624
vn -0.3762 0.5645 0.7347
vn -0.4225 0.6952 0.5816
vn -0.4134 0.4213 0.8072
vn -0.4852 0.5644 0.6679
vn -0.3035 0.1868 0.9343
vn -0.4362 0.2900 0.8518
vn -0.2957 0.2902 0.9102
vn -0.4478 0.1867 0.8744
vn -0.5626 0.2900 0.7742
vn -0.5331 0.4212 0.7337
vn -0.6753 0.2900 0.6781
vn -0.6933 0.1867 0.6961
vn -0.6400 0.4213 0.6426
vn -0.5774 0.1866 0.7948
vn -0.5072 0.6953 0.5093
vn -0.5825 0.5645 0.5849
vn 0.2550 0.5647 0.7849
vn 0.1110 0.6953 0.7101
vn 0.2220 0.6955 0.6834
vn 0.2802 0.4215 0.8624
vn 0.1275 0.5645 0.8155
vn -0.0000 0.6952 0.7188
vn 0.1400 0.4213 0.8960
vn -0.0000 0.5644 0.8255
vn 0.3035 0.1868 0.9343
vn 0.1478 0.2900 0.9455
vn 0.2957 0.2902 0.9102
vn 0.1518 0.1867 0.9706
vn -0.0000 0.2899 0.9570
vn -0.0000 0.4212 0.9070
vn -0.1478 0.2900 0.9455
vn -0.1518 0.1867 0.9706
vn -0.1400 0.4213 0.8960
vn -0.0000 0.1866 0.9824
vn -0.1110 0.6953 0.7101
vn -0.1275 0.5645 0.8155
vn 0.6677 0.5647 0.4851
vn 0.5072 0.6953 0.5093
vn 0.5813 0.6955 0.4223
vn 0.7336 0.4215 0.5330
vn 0.5825 0.5645 0.5849
vn 0.4225 0.6952 0.5816
vn 0.6400 0.4213 0.6426
vn 0.4852 0.5644 0.6679
vn 0.7948 0.1868 0.5774
vn 0.6753 0.2900 0.6781
vn 0.7742 0.2902 0.5624
vn 0.6933 0.1867 0.6961
vn 0.5626 0.2900 0.7742
vn 0.5331 0.4212 0.7337
vn 0.4362 0.2900 0.8518
vn 0.4478 0.1867 0.8744
vn 0.4134 0.4213 0.8072
vn 0.5774 0.1866 0.7948
vn 0.3276 0.6953 0.6397
vn 0.3762 0.5645 0.7347
vn 0.7096 0.6953 0.1138
vn 0.7185 0.6955 -0.0000
vn 0.8150 0.5645 0.1308
vn 0.6836 0.6952 0.2222
vn 0.8954 0.4213 0.1437
vn 0.7851 0.5644 0.2551
vn 0.9449 0.2900 0.1516
vn 0.9700 0.1867 0.1557
vn 0.9102 0.2899 0.2958
vn 0.8625 0.4212 0.2803
vn 0.8536 0.2900 0.4327
vn 0.8762 0.1867 0.4442
vn 0.8089 0.4214 0.4100
vn 0.9344 0.1866 0.3036
vn 0.6411 0.6953 0.3250
vn 0.7362 0.5645 0.3733
vn 0.8089 -0.0104 -0.5878
vn 0.8916 -0.0290 -0.4520
vn 0.8918 -0.0104 -0.4522
vn 0.8087 -0.0290 -0.5875
vn 0.8912 -0.0404 -0.4518
vn 0.9506 -0.0290 -0.3089
vn 0.9510 -0.0104 -0.3089
vn 0.9503 -0.0404 -0.3088
vn 0.8081 -0.0466 -0.5872
vn 0.8910 -0.0455 -0.4518
vn 0.8910 -0.0466 -0.4516
vn 0.9501 -0.0455 -0.3086
vn 0.9500 -0.0466 -0.3086
vn 0.8083 -0.0405 -0.5873
vn 0.9989 -0.0466 -0.0000
vn 0.9863 -0.0455 -0.1583
vn 0.9990 -0.0455 -0.0000
vn 0.9992 -0.0404 -0.0000
vn 0.9863 -0.0466 -0.1583
vn 0.9866 -0.0404 -0.1583
vn 0.9999 -0.0104 -0.0000
vn 0.9869 -0.0291 -0.1584
vn 0.9996 -0.0291 -0.0000
vn 0.9873 -0.0104 -0.1584
vn 0.3090 -0.0104 -0.9510
vn 0.4556 -0.0290 -0.8897
vn 0.4557 -0.0104 -0.8901
vn 0.3089 -0.0290 -0.9506
vn 0.4554 -0.0404 -0.8894
vn 0.5875 -0.0290 -0.8087
vn 0.5878 -0.0104 -0.8089
vn 0.5873 -0.0404 -0.8083
vn 0.3086 -0.0466 -0.9500
vn 0.4554 -0.0455 -0.8891
vn 0.4553 -0.0466 -0.8891
vn 0.5872 -0.0455 -0.8082
vn 0.5872 -0.0465 -0.8081
vn 0.3088 -0.0404 -0.9503
vn 0.7050 -0.0455 -0.7078
vn 0.8082 -0.0455 -0.5872
vn 0.7049 -0.0466 -0.7078
vn 0.7051 -0.0404 -0.7080
vn 0.7054 -0.0290 -0.7082
vn 0.7056 -0.0104 -0.7085
vn -0.3090 -0.0104 -0.9510
vn -0.1544 -0.0290 -0.9876
vn -0.1545 -0.0104 -0.9879
vn -0.3089 -0.0290 -0.9506
vn -0.1543 -0.0404 -0.9872
vn -0.0000 -0.0290 -0.9996
vn -0.0000 -0.0104 -0.9999
vn -0.0000 -0.0404 -0.9992
vn -0.3086 -0.0466 -0.9500
vn -0.1542 -0.0455 -0.9870
vn -0.1542 -0.0466 -0.9869
vn -0.0000 -0.0455 -0.9990
vn -0.0000 -0.0466 -0.9989
vn -0.3088 -0.0404 -0.9503
vn 0.1542 -0.0455 -0.9870
vn 0.3086 -0.0455 -0.9501
vn 0.1542 -0.0466 -0.9869
vn 0.1543 -0.0404 -0.9872
vn 0.1544 -0.0290 -0.9876
vn 0.1545 -0.0104 -0.9879
vn -0.8089 -0.0104 -0.5878
vn -0.7054 -0.0290 -0.7082
vn -0.7056 -0.0104 -0.7085
vn -0.8087 -0.0290 -0.5875
vn -0.7051 -0.0404 -0.7080
vn -0.5875 -0.0290 -0.8087
vn -0.5878 -0.0104 -0.8089
vn -0.5873 -0.0404 -0.8083
vn -0.8081 -0.0466 -0.5872
vn -0.7050 -0.0455 -0.7078
vn -0.7049 -0.0465 -0.7078
vn -0.5872 -0.0455 -0.8081
vn -0.5872 -0.0465 -0.8081
vn -0.8083 -0.0405 -0.5873
vn -0.4554 -0.0455 -0.8891
vn -0.3086 -0.0455 -0.9501
vn -0.4553 -0.0466 -0.8891
vn -0.4554 -0.0404 -0.8894
vn -0.4556 -0.0290 -0.8897
vn -0.4557 -0.0104 -0.8901
vn -0.9999 -0.0104 -0.0000
vn -0.9869 -0.0291 -0.1584
vn -0.9873 -0.0104 -0.1584
vn -0.9996 -0.0291 -0.0000
vn -0.9866 -0.0404 -0.1583
vn -0.9506 -0.0290 -0.3089
vn -0.9510 -0.0104 -0.3089
vn -0.9503 -0.0404 -0.3088
vn -0.9989 -0.0466 -0.0000
vn -0.9863 -0.0455 -0.1583
vn -0.9863 -0.0466 -0.1583
vn -0.9501 -0.0455 -0.3086
vn -0.9500 -0.0466 -0.3086
vn -0.9992 -0.0404 -0.0000
vn -0.8910 -0.0455 -0.4518
vn -0.8081 -0.0455 -0.5872
vn -0.8910 -0.0466 -0.4516
vn -0.8912 -0.0404 -0.4518
vn -0.8916 -0.0290 -0.4520
vn -0.8918 -0.0104 -0.4522
vn -0.8089 -0.0104 0.5878
vn -0.8916 -0.0290 0.4520
vn -0.8918 -0.0104 0.4522
vn -0.8087 -0.0290 0.5875
vn -0.8912 -0.0404 0.4518
vn -0.9506 -0.0290 0.3089
vn -0.9510 -0.0104 0.3089
vn -0.9503 -0.0404 0.3088
vn -0.8081 -0.0466 0.5872
vn -0.8910 -0.0455 0.4518
vn -0.8910 -0.0466 0.4516
vn -0.9501 -0.0455 0.3086
vn -0.9500 -0.0466 0.3086
vn -0.8083 -0.0405 0.5873
vn -0.9863 -0.0455 0.1583
vn -0.9990 -0.0455 -0.0000
vn -0.9863 -0.0466 0.1583
vn -0.9866 -0.0404 0.1583
vn -0.9869 -0.0291 0.1584
vn -0.9873 -0.0104 0.1584
vn -0.3090 -0.0104 0.9510
vn -0.4556 -0.0290 0.8897
vn -0.4557 -0.0104 0.8901
vn -0.3089 -0.0290 0.9506
vn -0.4554 -0.0404 0.8894
vn -0.5875 -0.0290 0.8087
vn -0.5878 -0.0104 0.8089
vn -0.5873 -0.0404 0.8083
vn -0.3086 -0.0466 0.9500
vn -0.4554 -0.0455 0.8891
vn -0.4553 -0.0466 0.8891
vn -0.5872 -0.0455 0.8082
vn -0.5872 -0.0465 0.8081
vn -0.3088 -0.0404 0.9503
vn -0.7050 -0.0455 0.7078
vn -0.8082 -0.0455 0.5872
vn -0.7049 -0.0466 0.7078
vn -0.7051 -0.0404 0.7080
vn -0.7054 -0.0290 0.7082
vn -0.7056 -0.0104 0.7085
vn 0.3090 -0.0104 0.9510
vn 0.1544 -0.0290 0.9876
vn 0.1545 -0.0104 0.9879
vn 0.3089 -0.0290 0.9506
vn 0.1543 -0.0404 0.9872
vn -0.0000 -0.0290 0.9996
vn -0.0000 -0.0104 0.9999
vn -0.0000 -0.0404 0.9992
vn 0.3086 -0.0466 0.9500
vn 0.1542 -0.0455 0.9870
vn 0.1542 -0.0466 0.9869
vn -0.0000 -0.0455 0.9990
vn -0.0000 -0.0466 0.9989
vn 0.3088 -0.0404 0.9503
vn -0.1542 -0.0455 0.9870
vn -0.3086 -0.0455 0.9501
vn -0.1542 -0.0466 0.9869
vn -0.1543 -0.0404 0.9872
vn -0.1544 -0.0290 0.9876
vn -0.1545 -0.0104 0.9879
vn 0.8089 -0.0104 0.5878
vn 0.7054 -0.0290 0.7082
vn 0.7056 -0.0104 0.7085
vn 0.8087 -0.0290 0.5875
vn 0.7051 -0.0404 0.7080
vn 0.5875 -0.0290 0.8087
vn 0.5878 -0.0104 0.8089
vn 0.5873 -0.0404 0.8083
vn 0.8081 -0.0466 0.5872
vn 0.7050 -0.0455 0.7078
vn 0.7049 -0.0465 0.7078
vn 0.5872 -0.0455 0.8081
vn 0.5872 -0.0465 0.8081
vn 0.8083 -0.0405 0.5873
vn 0.4554 -0.0455 0.8891
vn 0.3086 -0.0455 0.9501
vn 0.4553 -0.0466 0.8891
vn 0.4554 -0.0404 0.8894
vn 0.4556 -0.0290 0.8897
vn 0.4557 -0.0104 0.8901
vn 0.9869 -0.0291 0.1584
vn 0.9873 -0.0104 0.1584
vn 0.9866 -0.0404 0.1583
vn 0.9506 -0.0290 0.3089
vn 0.9510 -0.0104 0.3089
vn 0.9503 -0.0404 0.3088
vn 0.9863 -0.0455 0.1583
vn 0.9863 -0.0466 0.1583
vn 0.9501 -0.0455 0.3086
vn 0.9500 -0.0466 0.3086
vn 0.8910 -0.0455 0.4518
vn 0.8081 -0.0455 0.5872
vn 0.8910 -0.0466 0.4516
vn 0.8912 -0.0404 0.4518
vn 0.8916 -0.0290 0.4520
vn 0.8918 -0.0104 0.4522
vn 0.4783 0.8065 -0.3475
vn 0.4734 0.8110 -0.3439
vn 0.5275 0.8064 -0.2674
vn 0.5220 0.8108 -0.2646
vn 0.5625 0.8063 -0.1828
vn 0.5594 0.7789 -0.2836
vn 0.5072 0.7791 -0.3685
vn 0.5966 0.7788 -0.1939
vn 0.5567 0.8108 -0.1809
vn 0.6192 0.7789 -0.0993
vn 0.6269 0.7791 -0.0000
vn 0.5779 0.8108 -0.0927
vn 0.5913 0.8065 -0.0000
vn 0.5839 0.8064 -0.0937
vn 0.5851 0.8110 -0.0000
vn 0.1827 0.8065 -0.5623
vn 0.1808 0.8110 -0.5565
vn 0.2696 0.8064 -0.5264
vn 0.2668 0.8108 -0.5210
vn 0.3477 0.8063 -0.4785
vn 0.2858 0.7789 -0.5582
vn 0.1937 0.7791 -0.5963
vn 0.3687 0.7788 -0.5074
vn 0.3441 0.8108 -0.4736
vn 0.4425 0.7789 -0.4444
vn 0.4130 0.8108 -0.4147
vn 0.4173 0.8064 -0.4190
vn -0.1827 0.8065 -0.5623
vn -0.1808 0.8110 -0.5565
vn -0.0913 0.8064 -0.5843
vn -0.0904 0.8108 -0.5783
vn -0.0000 0.8063 -0.5915
vn -0.0969 0.7789 -0.6196
vn -0.1937 0.7791 -0.5963
vn -0.0000 0.7788 -0.6272
vn -0.0000 0.8108 -0.5854
vn 0.0969 0.7789 -0.6196
vn 0.0904 0.8108 -0.5783
vn 0.0913 0.8064 -0.5843
vn -0.4783 0.8065 -0.3475
vn -0.4734 0.8110 -0.3439
vn -0.4173 0.8064 -0.4190
vn -0.4130 0.8108 -0.4147
vn -0.3477 0.8063 -0.4785
vn -0.4425 0.7789 -0.4444
vn -0.5072 0.7791 -0.3685
vn -0.3687 0.7788 -0.5074
vn -0.3441 0.8108 -0.4736
vn -0.2858 0.7789 -0.5582
vn -0.2668 0.8108 -0.5210
vn -0.2696 0.8064 -0.5264
vn -0.5913 0.8065 -0.0000
vn -0.5851 0.8110 -0.0000
vn -0.5839 0.8064 -0.0937
vn -0.5779 0.8108 -0.0927
vn -0.5625 0.8063 -0.1828
vn -0.6192 0.7789 -0.0993
vn -0.6269 0.7791 -0.0000
vn -0.5966 0.7788 -0.1939
vn -0.5567 0.8108 -0.1809
vn -0.5594 0.7789 -0.2836
vn -0.5220 0.8108 -0.2646
vn -0.5275 0.8064 -0.2674
vn -0.4783 0.8065 0.3475
vn -0.4734 0.8110 0.3439
vn -0.5275 0.8064 0.2674
vn -0.5220 0.8108 0.2646
vn -0.5625 0.8063 0.1828
vn -0.5594 0.7789 0.2836
vn -0.5072 0.7791 0.3685
vn -0.5966 0.7788 0.1939
vn -0.5567 0.8108 0.1809
vn -0.6192 0.7789 0.0993
vn -0.5779 0.8108 0.0927
vn -0.5839 0.8064 0.0937
vn -0.1827 0.8065 0.5623
vn -0.1808 0.8110 0.5565
vn -0.2696 0.8064 0.5264
vn -0.2668 0.8108 0.5210
vn -0.3477 0.8063 0.4785
vn -0.2858 0.7789 0.5582
vn -0.1937 0.7791 0.5963
vn -0.3687 0.7788 0.5074
vn -0.3441 0.8108 0.4736
vn -0.4425 0.7789 0.4444
vn -0.4130 0.8108 0.4147
vn -0.4173 0.8064 0.4190
vn 0.1827 0.8065 0.5623
vn 0.1808 0.8110 0.5565
vn 0.0913 0.8064 0.5843
vn 0.0904 0.8108 0.5783
vn -0.0000 0.8063 0.5915
vn 0.0969 0.7789 0.6196
vn 0.1937 0.7791 0.5963
vn -0.0000 0.7788 0.6272
vn -0.0000 0.8108 0.5854
vn -0.0969 0.7789 0.6196
vn -0.0904 0.8108 0.5783
vn -0.0913 0.8064 0.5843
vn 0.4783 0.8065 0.3475
vn 0.4734 0.8110 0.3439
vn 0.4173 0.8064 0.4190
vn 0.4130 0.8108 0.4147
vn 0.3477 0.8063 0.4785
vn 0.4425 0.7789 0.4444
vn 0.5072 0.7791 0.3685
vn 0.3687 0.7788 0.5074
vn 0.3441 0.8108 0.4736
vn 0.2858 0.7789 0.5582
vn 0.2668 0.8108 0.5210
vn 0.2696 0.8064 0.5264
vn 0.5839 0.8064 0.0937
vn 0.5779 0.8108 0.0927
vn 0.5625 0.8063 0.1828
vn 0.6192 0.7789 0.0993
vn 0.5966 0.7788 0.1939
vn 0.5567 0.8108 0.1809
vn 0.5594 0.7789 0.2836
vn 0.5220 0.8108 0.2646
vn 0.5275 0.8064 0.2674
vn 0.8040 0.1116 -0.5841
vn 0.8077 0.0570 -0.5868
vn 0.8863 0.1115 -0.4494
vn 0.8906 0.0571 -0.4513
vn 0.9452 0.1115 -0.3070
vn 0.8918 0.0176 -0.4522
vn 0.8089 0.0176 -0.5877
vn 0.9509 0.0176 -0.3090
vn 0.9495 0.0570 -0.3085
vn 0.9872 0.0176 -0.1584
vn 0.9998 0.0176 -0.0000
vn 0.9858 0.0570 -0.1581
vn 0.9938 0.1116 -0.0000
vn 0.9812 0.1115 -0.1574
vn 0.9984 0.0570 -0.0000
vn 0.3071 0.1116 -0.9451
vn 0.3085 0.0570 -0.9495
vn 0.4530 0.1115 -0.8845
vn 0.4550 0.0570 -0.8887
vn 0.5841 0.1115 -0.8040
vn 0.3089 0.0176 -0.9509
vn 0.4557 0.0176 -0.8900
vn 0.5877 0.0176 -0.8089
vn 0.5868 0.0570 -0.8077
vn 0.7046 0.0570 -0.7074
vn 0.7056 0.0176 -0.7084
vn 0.7013 0.1115 -0.7041
vn -0.3071 0.1116 -0.9451
vn -0.3085 0.0570 -0.9495
vn -0.1534 0.1115 -0.9818
vn -0.1542 0.0570 -0.9864
vn -0.0000 0.1115 -0.9938
vn -0.1544 0.0176 -0.9879
vn -0.3089 0.0176 -0.9509
vn -0.0000 0.0176 -0.9998
vn -0.0000 0.0570 -0.9984
vn 0.1544 0.0176 -0.9879
vn 0.1542 0.0570 -0.9864
vn 0.1534 0.1115 -0.9818
vn -0.8040 0.1116 -0.5841
vn -0.8077 0.0570 -0.5868
vn -0.7013 0.1115 -0.7041
vn -0.7046 0.0570 -0.7074
vn -0.5841 0.1115 -0.8040
vn -0.8089 0.0176 -0.5877
vn -0.7056 0.0176 -0.7084
vn -0.5877 0.0176 -0.8089
vn -0.5868 0.0570 -0.8077
vn -0.4550 0.0570 -0.8887
vn -0.4557 0.0176 -0.8900
vn -0.4530 0.1115 -0.8845
vn -0.9938 0.1116 -0.0000
vn -0.9984 0.0570 -0.0000
vn -0.9812 0.1115 -0.1574
vn -0.9858 0.0570 -0.1581
vn -0.9452 0.1115 -0.3070
vn -0.9872 0.0176 -0.1584
vn -0.9998 0.0176 -0.0000
vn -0.9509 0.0176 -0.3090
vn -0.9495 0.0570 -0.3085
vn -0.8918 0.0176 -0.4522
vn -0.8906 0.0570 -0.4512
vn -0.8863 0.1115 -0.4494
vn -0.8040 0.1116 0.5841
vn -0.8077 0.0570 0.5868
vn -0.8863 0.1115 0.4494
vn -0.8906 0.0571 0.4513
vn -0.9452 0.1115 0.3070
vn -0.8918 0.0176 0.4522
vn -0.8089 0.0176 0.5877
vn -0.9509 0.0176 0.3090
vn -0.9495 0.0570 0.3085
vn -0.9872 0.0176 0.1584
vn -0.9858 0.0570 0.1581
vn -0.9812 0.1115 0.1574
vn -0.3071 0.1116 0.9451
vn -0.3085 0.0570 0.9495
vn -0.4530 0.1115 0.8845
vn -0.4550 0.0570 0.8887
vn -0.5841 0.1115 0.8040
vn -0.3089 0.0176 0.9509
vn -0.4557 0.0176 0.8900
vn -0.5877 0.0176 0.8089
vn -0.5868 0.0570 0.8077
vn -0.7046 0.0570 0.7074
vn -0.7056 0.0176 0.7084
vn -0.7013 0.1115 0.7041
vn 0.3071 0.1116 0.9451
vn 0.3085 0.0570 0.9495
vn 0.1534 0.1115 0.9818
vn 0.1542 0.0570 0.9864
vn -0.0000 0.1115 0.9938
vn 0.1544 0.0176 0.9879
vn 0.3089 0.0176 0.9509
vn -0.0000 0.0176 0.9998
vn -0.0000 0.0570 0.9984
vn -0.1544 0.0176 0.9879
vn -0.1542 0.0570 0.9864
vn -0.1534 0.1115 0.9818
vn 0.8040 0.1116 0.5841
vn 0.8077 0.0570 0.5868
vn 0.7013 0.1115 0.7041
vn 0.7046 0.0570 0.7074
vn 0.5841 0.1115 0.8040
vn 0.8089 0.0176 0.5877
vn 0.7056 0.0176 0.7084
vn 0.5877 0.0176 0.8089
vn 0.5868 0.0570 0.8077
vn 0.4550 0.0570 0.8887
vn 0.4557 0.0176 0.8900
vn 0.4530 0.1115 0.8845
vn 0.9812 0.1115 0.1574
vn 0.9858 0.0570 0.1581
vn 0.9452 0.1115 0.3070
vn 0.9872 0.0176 0.1584
vn 0.9509 0.0176 0.3090
vn 0.9495 0.0570 0.3085
vn 0.8918 0.0176 0.4522
vn 0.8906 0.0570 0.4512
vn 0.8863 0.1115 0.4494
vn 0.0077 -1.0000 -0.0056
vn 0.0031 -1.0000 -0.0020
vn 0.0027 -1.0000 -0.0020
vn 0.0088 -0.9999 -0.0050
vn 0.0037 -1.0000 -0.0012
vn 0.0010 -1.0000 -0.0007
vn 0.0009 -1.0000 -0.0006
vn 0.0017 -1.0000 -0.0005
vn 0.0095 -1.0000 -0.0000
vn 0.0036 -1.0000 -0.0002
vn 0.0100 -0.9999 -0.0011
vn 0.0034 -1.0000 -0.0000
vn 0.0013 -1.0000 -0.0000
vn 0.0102 -0.9999 -0.0033
vn 0.0001 -1.0000 -0.0001
vn 0.0002 -1.0000 -0.0000
vn -0.0000 -1.0000 -0.0000
vn 0.0003 -1.0000 -0.0001
vn 0.0011 -1.0000 -0.0000
vn 0.0371 0.9993 -0.0060
vn 0.0132 0.9999 -0.0000
vn 0.0376 0.9993 -0.0000
vn 0.0357 0.9993 -0.0121
vn 0.0131 0.9999 -0.0021
vn 0.0003 1.0000 -0.0000
vn 0.0126 0.9999 -0.0041
vn 0.0335 0.9993 -0.0170
vn 0.0107 0.9999 -0.0078
vn 0.0118 0.9999 -0.0060
vn 0.0002 1.0000 -0.0002
vn 0.0003 1.0000 -0.0001
vn -0.0286 0.9994 0.0208
vn -0.0109 0.9999 0.0055
vn -0.0098 0.9999 0.0072
vn -0.0316 0.9994 0.0160
vn -0.0116 0.9999 0.0038
vn -0.0355 0.9994 0.0003
vn -0.0120 0.9999 0.0019
vn -0.0350 0.9994 0.0056
vn -0.0122 0.9999 -0.0000
vn -0.0338 0.9994 0.0110
vn 0.0029 -1.0000 -0.0091
vn 0.0013 -1.0000 -0.0034
vn 0.0010 -1.0000 -0.0032
vn 0.0042 -0.9999 -0.0092
vn 0.0026 -1.0000 -0.0033
vn 0.0004 -1.0000 -0.0012
vn 0.0003 -1.0000 -0.0010
vn 0.0010 -1.0000 -0.0014
vn 0.0028 -1.0000 -0.0023
vn 0.0072 -1.0000 -0.0066
vn 0.0010 -1.0000 -0.0008
vn 0.0063 -0.9999 -0.0087
vn 0.0001 -1.0000 -0.0002
vn 0.0002 -1.0000 -0.0003
vn 0.0265 0.9993 -0.0266
vn 0.0304 0.9993 -0.0221
vn 0.0220 0.9993 -0.0308
vn 0.0093 0.9999 -0.0094
vn 0.0078 0.9999 -0.0107
vn 0.0172 0.9993 -0.0338
vn 0.0041 0.9999 -0.0126
vn 0.0060 0.9999 -0.0118
vn 0.0001 1.0000 -0.0003
vn -0.0001 1.0000 -0.0004
vn -0.0109 0.9994 0.0337
vn -0.0056 0.9999 0.0108
vn -0.0038 0.9999 0.0116
vn -0.0165 0.9994 0.0316
vn -0.0072 0.9999 0.0099
vn -0.0086 0.9999 0.0086
vn -0.0250 0.9994 0.0251
vn -0.0209 0.9994 0.0287
vn -0.0031 -1.0000 -0.0087
vn -0.0009 -1.0000 -0.0035
vn -0.0010 -1.0000 -0.0032
vn -0.0020 -0.9999 -0.0099
vn -0.0000 -1.0000 -0.0039
vn -0.0004 -1.0000 -0.0012
vn -0.0003 -1.0000 -0.0010
vn -0.0000 -1.0000 -0.0018
vn 0.0009 -1.0000 -0.0035
vn 0.0020 -0.9999 -0.0099
vn -0.0000 -0.9999 -0.0108
vn -0.0001 -1.0000 -0.0002
vn -0.0000 -1.0000 -0.0004
vn 0.0058 0.9993 -0.0371
vn 0.0119 0.9993 -0.0356
vn -0.0000 0.9993 -0.0376
vn 0.0020 0.9999 -0.0131
vn -0.0000 0.9999 -0.0132
vn -0.0000 1.0000 -0.0003
vn -0.0058 0.9993 -0.0371
vn -0.0041 0.9999 -0.0126
vn -0.0020 0.9999 -0.0131
vn -0.0001 1.0000 -0.0003
vn 0.0109 0.9994 0.0337
vn 0.0019 0.9999 0.0120
vn 0.0038 0.9999 0.0116
vn 0.0055 0.9994 0.0351
vn -0.0000 0.9999 0.0122
vn -0.0019 0.9999 0.0120
vn -0.0055 0.9994 0.0351
vn -0.0000 0.9994 0.0355
vn -0.0077 -1.0000 -0.0056
vn -0.0028 -1.0000 -0.0023
vn -0.0027 -1.0000 -0.0020
vn -0.0075 -0.9999 -0.0068
vn -0.0023 -1.0000 -0.0031
vn -0.0010 -1.0000 -0.0008
vn -0.0009 -1.0000 -0.0006
vn -0.0010 -1.0000 -0.0014
vn -0.0013 -1.0000 -0.0034
vn -0.0042 -0.9999 -0.0092
vn -0.0063 -0.9999 -0.0087
vn -0.0001 -1.0000 -0.0001
vn -0.0002 -1.0000 -0.0003
vn -0.0171 0.9993 -0.0335
vn -0.0113 0.9993 -0.0360
vn -0.0224 0.9993 -0.0303
vn -0.0060 0.9999 -0.0118
vn -0.0078 0.9999 -0.0107
vn -0.0265 0.9993 -0.0266
vn -0.0107 0.9999 -0.0078
vn -0.0093 0.9999 -0.0094
vn -0.0002 1.0000 -0.0002
vn -0.0004 1.0000 -0.0000
vn 0.0286 0.9994 0.0208
vn 0.0086 0.9999 0.0086
vn 0.0098 0.9999 0.0072
vn 0.0250 0.9994 0.0251
vn 0.0072 0.9999 0.0099
vn 0.0056 0.9999 0.0108
vn 0.0162 0.9994 0.0316
vn 0.0209 0.9994 0.0287
vn -0.0095 -1.0000 -0.0000
vn -0.0036 -1.0000 -0.0002
vn -0.0034 -1.0000 -0.0000
vn -0.0100 -0.9999 -0.0011
vn -0.0037 -1.0000 -0.0012
vn -0.0013 -1.0000 -0.0000
vn -0.0011 -1.0000 -0.0000
vn -0.0017 -1.0000 -0.0005
vn -0.0031 -1.0000 -0.0020
vn -0.0088 -0.9999 -0.0050
vn -0.0010 -1.0000 -0.0007
vn -0.0102 -0.9999 -0.0033
vn -0.0002 -1.0000 -0.0000
vn -0.0003 -1.0000 -0.0001
vn -0.0335 0.9993 -0.0170
vn -0.0304 0.9993 -0.0221
vn -0.0360 0.9993 -0.0114
vn -0.0118 0.9999 -0.0060
vn -0.0126 0.9999 -0.0041
vn -0.0003 1.0000 -0.0001
vn -0.0371 0.9993 -0.0060
vn -0.0132 0.9999 -0.0000
vn -0.0131 0.9999 -0.0021
vn -0.0003 1.0000 -0.0000
vn 0.0357 0.9994 -0.0002
vn 0.0120 0.9999 0.0019
vn 0.0122 0.9999 -0.0000
vn 0.0350 0.9994 0.0056
vn 0.0116 0.9999 0.0038
vn 0.0109 0.9999 0.0055
vn 0.0316 0.9994 0.0160
vn 0.0338 0.9994 0.0110
vn -0.0077 -1.0000 0.0056
vn -0.0031 -1.0000 0.0020
vn -0.0027 -1.0000 0.0020
vn -0.0088 -0.9999 0.0050
vn -0.0037 -1.0000 0.0012
vn -0.0010 -1.0000 0.0007
vn -0.0009 -1.0000 0.0006
vn -0.0017 -1.0000 0.0005
vn -0.0036 -1.0000 0.0002
vn -0.0100 -0.9999 0.0011
vn -0.0102 -0.9999 0.0033
vn -0.0001 -1.0000 0.0001
vn -0.0003 -1.0000 0.0001
vn -0.0371 0.9993 0.0060
vn -0.0376 0.9993 -0.0000
vn -0.0357 0.9993 0.0121
vn -0.0131 0.9999 0.0021
vn -0.0126 0.9999 0.0041
vn -0.0335 0.9993 0.0170
vn -0.0107 0.9999 0.0078
vn -0.0118 0.9999 0.0060
vn -0.0002 1.0000 0.0002
vn -0.0003 1.0000 0.0001
vn 0.0286 0.9994 -0.0208
vn 0.0109 0.9999 -0.0055
vn 0.0098 0.9999 -0.0072
vn 0.0316 0.9994 -0.0160
vn 0.0116 0.9999 -0.0038
vn 0.0120 0.9999 -0.0019
vn 0.0350 0.9994 -0.0056
vn 0.0338 0.9994 -0.0110
vn -0.0029 -1.0000 0.0091
vn -0.0013 -1.0000 0.0034
vn -0.0010 -1.0000 0.0032
vn -0.0042 -0.9999 0.0092
vn -0.0026 -1.0000 0.0033
vn -0.0004 -1.0000 0.0012
vn -0.0003 -1.0000 0.0010
vn -0.0010 -1.0000 0.0014
vn -0.0028 -1.0000 0.0023
vn -0.0072 -1.0000 0.0066
vn -0.0010 -1.0000 0.0008
vn -0.0063 -0.9999 0.0087
vn -0.0001 -1.0000 0.0002
vn -0.0002 -1.0000 0.0003
vn -0.0265 0.9993 0.0266
vn -0.0304 0.9993 0.0221
vn -0.0220 0.9993 0.0308
vn -0.0093 0.9999 0.0094
vn -0.0078 0.9999 0.0107
vn -0.0172 0.9993 0.0338
vn -0.0041 0.9999 0.0126
vn -0.0060 0.9999 0.0118
vn -0.0001 1.0000 0.0003
vn 0.0001 1.0000 0.0004
vn 0.0109 0.9994 -0.0337
vn 0.0056 0.9999 -0.0108
vn 0.0038 0.9999 -0.0116
vn 0.0165 0.9994 -0.0316
vn 0.0072 0.9999 -0.0099
vn 0.0086 0.9999 -0.0086
vn 0.0250 0.9994 -0.0251
vn 0.0209 0.9994 -0.0287
vn 0.0031 -1.0000 0.0087
vn 0.0009 -1.0000 0.0035
vn 0.0010 -1.0000 0.0032
vn 0.0020 -0.9999 0.0099
vn -0.0000 -1.0000 0.0039
vn 0.0004 -1.0000 0.0012
vn 0.0003 -1.0000 0.0010
vn -0.0000 -1.0000 0.0018
vn -0.0009 -1.0000 0.0035
vn -0.0020 -0.9999 0.0099
vn -0.0000 -0.9999 0.0108
vn 0.0001 -1.0000 0.0002
vn -0.0000 -1.0000 0.0004
vn -0.0058 0.9993 0.0371
vn -0.0119 0.9993 0.0356
vn -0.0000 0.9993 0.0376
vn -0.0020 0.9999 0.0131
vn -0.0000 0.9999 0.0132
vn -0.0000 1.0000 0.0003
vn 0.0058 0.9993 0.0371
vn 0.0041 0.9999 0.0126
vn 0.0020 0.9999 0.0131
vn 0.0001 1.0000 0.0003
vn -0.0109 0.9994 -0.0337
vn -0.0019 0.9999 -0.0120
vn -0.0038 0.9999 -0.0116
vn -0.0055 0.9994 -0.0351
vn -0.0000 0.9999 -0.0122
vn 0.0019 0.9999 -0.0120
vn 0.0055 0.9994 -0.0351
vn -0.0000 0.9994 -0.0355
vn 0.0077 -1.0000 0.0056
vn 0.0028 -1.0000 0.0023
vn 0.0027 -1.0000 0.0020
vn 0.0075 -0.9999 0.0068
vn 0.0023 -1.0000 0.0031
vn 0.0010 -1.0000 0.0008
vn 0.0009 -1.0000 0.0006
vn 0.0010 -1.0000 0.0014
vn 0.0013 -1.0000 0.0034
vn 0.0042 -0.9999 0.0092
vn 0.0063 -0.9999 0.0087
vn 0.0001 -1.0000 0.0001
vn 0.0002 -1.0000 0.0003
vn 0.0171 0.9993 0.0335
vn 0.0113 0.9993 0.0360
vn 0.0224 0.9993 0.0303
vn 0.0060 0.9999 0.0118
vn 0.0078 0.9999 0.0107
vn 0.0265 0.9993 0.0266
vn 0.0107 0.9999 0.0078
vn 0.0093 0.9999 0.0094
vn 0.0002 1.0000 0.0002
vn 0.0004 1.0000 -0.0000
vn -0.0286 0.9994 -0.0208
vn -0.0086 0.9999 -0.0086
vn -0.0098 0.9999 -0.0072
vn -0.0250 0.9994 -0.0251
vn -0.0072 0.9999 -0.0099
vn -0.0056 0.9999 -0.0108
vn -0.0162 0.9994 -0.0316
vn -0.0209 0.9994 -0.0287
vn 0.0036 -1.0000 0.0002
vn 0.0100 -0.9999 0.0011
vn 0.0037 -1.0000 0.0012
vn 0.0017 -1.0000 0.0005
vn 0.0031 -1.0000 0.0020
vn 0.0088 -0.9999 0.0050
vn 0.0010 -1.0000 0.0007
vn 0.0102 -0.9999 0.0033
vn 0.0003 -1.0000 0.0001
vn 0.0335 0.9993 0.0170
vn 0.0304 0.9993 0.0221
vn 0.0360 0.9993 0.0114
vn 0.0118 0.9999 0.0060
vn 0.0126 0.9999 0.0041
vn 0.0003 1.0000 0.0001
vn 0.0371 0.9993 0.0060
vn 0.0131 0.9999 0.0021
vn -0.0120 0.9999 -0.0019
vn -0.0350 0.9994 -0.0056
vn -0.0116 0.9999 -0.0038
vn -0.0109 0.9999 -0.0055
vn -0.0316 0.9994 -0.0160
vn -0.0338 0.9994 -0.0110
vn -0.9873 0.0035 0.1586
vn -1.0000 0.0015 -0.0000
vn -1.0000 0.0036 -0.0000
vn -0.9510 0.0035 0.3091
vn -0.9874 0.0012 0.1584
vn -0.9873 0.0010 0.1586
vn -1.0000 0.0010 -0.0000
vn -0.9511 0.0010 0.3089
vn -0.8920 0.0036 0.4521
vn -0.8090 0.0014 0.5877
vn -0.8919 0.0015 0.4523
vn -0.8920 0.0010 0.4521
vn -0.9511 0.0015 0.3090
vn -0.8919 0.0035 0.4522
vn -0.8091 0.0015 0.5877
vn -0.8090 0.0036 0.5878
vn -0.9510 0.0035 0.3090
vn -0.8090 0.0010 0.5878
vn -0.9510 0.0015 0.3091
vn -0.9874 0.0015 0.1584
vn -0.9873 0.0036 0.1586
vn -0.7056 0.0035 0.7086
vn -0.5879 0.0036 0.8089
vn -0.7057 0.0015 0.7085
vn -0.5877 0.0011 0.8090
vn -0.7056 0.0011 0.7086
vn -0.4558 0.0036 0.8901
vn -0.3090 0.0015 0.9511
vn -0.4558 0.0015 0.8901
vn -0.4558 0.0010 0.8901
vn -0.5876 0.0015 0.8091
vn -0.3090 0.0036 0.9511
vn -0.4559 0.0015 0.8900
vn -0.3091 0.0015 0.9510
vn -0.5877 0.0036 0.8090
vn -0.4557 0.0036 0.8901
vn -0.3091 0.0010 0.9510
vn -0.5877 0.0015 0.8090
vn -0.7057 0.0036 0.7085
vn -0.1545 0.0036 0.9880
vn -0.3089 0.0036 0.9511
vn -0.0000 0.0036 1.0000
vn -0.1545 0.0015 0.9880
vn -0.1545 0.0010 0.9880
vn -0.0000 0.0010 1.0000
vn 0.1545 0.0036 0.9880
vn 0.3090 0.0015 0.9511
vn 0.1545 0.0015 0.9880
vn 0.1545 0.0010 0.9880
vn -0.0000 0.0015 1.0000
vn 0.3091 0.0015 0.9510
vn 0.3090 0.0036 0.9511
vn 0.1543 0.0015 0.9880
vn 0.3091 0.0010 0.9510
vn -0.1543 0.0015 0.9880
vn 0.4558 0.0036 0.8901
vn 0.3089 0.0036 0.9511
vn 0.5876 0.0015 0.8091
vn 0.4558 0.0015 0.8901
vn 0.4558 0.0010 0.8901
vn 0.7056 0.0035 0.7086
vn 0.8090 0.0014 0.5877
vn 0.7057 0.0015 0.7085
vn 0.8090 0.0010 0.5878
vn 0.7056 0.0011 0.7086
vn 0.5879 0.0036 0.8089
vn 0.5877 0.0011 0.8090
vn 0.8090 0.0036 0.5878
vn 0.8091 0.0015 0.5877
vn 0.7057 0.0036 0.7085
vn 0.5877 0.0015 0.8090
vn 0.4559 0.0015 0.8900
vn 0.4557 0.0036 0.8901
vn 0.5877 0.0036 0.8090
vn 0.8920 0.0036 0.4521
vn 0.9510 0.0035 0.3091
vn 0.8919 0.0015 0.4523
vn 0.8920 0.0010 0.4521
vn 0.9511 0.0015 0.3090
vn 0.9873 0.0035 0.1586
vn 1.0000 0.0015 -0.0000
vn 0.9874 0.0015 0.1581
vn 0.9873 0.0010 0.1586
vn 0.9511 0.0010 0.3089
vn 1.0000 0.0036 -0.0000
vn 0.9874 0.0015 0.1584
vn 0.9873 0.0036 0.1586
vn 0.9510 0.0015 0.3091
vn 1.0000 0.0010 -0.0000
vn 0.8919 0.0035 0.4522
vn 0.9510 0.0035 0.3090
vn 0.9873 0.0035 -0.1586
vn 0.9510 0.0035 -0.3091
vn 0.9874 0.0012 -0.1584
vn 0.9873 0.0010 -0.1586
vn 0.9511 0.0010 -0.3089
vn 0.8920 0.0036 -0.4521
vn 0.8090 0.0014 -0.5877
vn 0.8919 0.0015 -0.4523
vn 0.8920 0.0010 -0.4521
vn 0.9511 0.0015 -0.3090
vn 0.8919 0.0035 -0.4522
vn 0.8091 0.0015 -0.5877
vn 0.8090 0.0036 -0.5878
vn 0.9510 0.0035 -0.3090
vn 0.8090 0.0010 -0.5878
vn 0.9510 0.0015 -0.3091
vn 0.9874 0.0015 -0.1584
vn 0.9873 0.0036 -0.1586
vn 0.7056 0.0035 -0.7086
vn 0.5879 0.0036 -0.8089
vn 0.7057 0.0015 -0.7085
vn 0.5877 0.0011 -0.8090
vn 0.7056 0.0011 -0.7086
vn 0.4558 0.0036 -0.8901
vn 0.3090 0.0015 -0.9511
vn 0.4558 0.0015 -0.8901
vn 0.4558 0.0010 -0.8901
vn 0.5876 0.0015 -0.8091
vn 0.3090 0.0036 -0.9511
vn 0.4559 0.0015 -0.8900
vn 0.3091 0.0015 -0.9510
vn 0.5877 0.0036 -0.8090
vn 0.4557 0.0036 -0.8901
vn 0.3091 0.0010 -0.9510
vn 0.5877 0.0015 -0.8090
vn 0.7057 0.0036 -0.7085
vn 0.1545 0.0036 -0.9880
vn 0.3089 0.0036 -0.9511
vn -0.0000 0.0036 -1.0000
vn 0.1545 0.0015 -0.9880
vn 0.1545 0.0010 -0.9880
vn -0.0000 0.0010 -1.0000
vn -0.1545 0.0036 -0.9880
vn -0.3090 0.0015 -0.9511
vn -0.1545 0.0015 -0.9880
vn -0.1545 0.0010 -0.9880
vn -0.0000 0.0015 -1.0000
vn -0.3091 0.0015 -0.9510
vn -0.3090 0.0036 -0.9511
vn -0.1543 0.0015 -0.9880
vn -0.3091 0.0010 -0.9510
vn 0.1543 0.0015 -0.9880
vn -0.4558 0.0036 -0.8901
vn -0.3089 0.0036 -0.9511
vn -0.5876 0.0015 -0.8091
vn -0.4558 0.0015 -0.8901
vn -0.4558 0.0010 -0.8901
vn -0.7056 0.0035 -0.7086
vn -0.8090 0.0014 -0.5877
vn -0.7057 0.0015 -0.7085
vn -0.8090 0.0010 -0.5878
vn -0.7056 0.0011 -0.7086
vn -0.5879 0.0036 -0.8089
vn -0.5877 0.0011 -0.8090
vn -0.8090 0.0036 -0.5878
vn -0.8091 0.0015 -0.5877
vn -0.7057 0.0036 -0.7085
vn -0.5877 0.0015 -0.8090
vn -0.4559 0.0015 -0.8900
vn -0.4557 0.0036 -0.8901
vn -0.5877 0.0036 -0.8090
vn -0.8920 0.0036 -0.4521
vn -0.9510 0.0035 -0.3091
vn -0.8919 0.0015 -0.4523
vn -0.8920 0.0010 -0.4521
vn -0.9511 0.0015 -0.3090
vn -0.9873 0.0035 -0.1586
vn -0.9874 0.0015 -0.1581
vn -0.9873 0.0010 -0.1586
vn -0.9511 0.0010 -0.3089
vn -0.9874 0.0015 -0.1584
vn -0.9873 0.0036 -0.1586
vn -0.9510 0.0015 -0.3091
vn -0.8919 0.0035 -0.4522
vn -0.9510 0.0035 -0.3090
vn -0.0289 0.9996 -0.0003
vn -0.0115 0.9999 0.0006
vn -0.0107 0.9999 -0.0000
vn -0.0312 0.9995 0.0033
vn -0.0117 0.9999 0.0038
vn -0.0041 1.0000 0.0001
vn -0.0033 1.0000 -0.0000
vn -0.0057 1.0000 0.0021
vn -0.0236 0.9996 0.0167
vn -0.0097 0.9999 0.0063
vn -0.0266 0.9995 0.0151
vn -0.0084 0.9999 0.0061
vn -0.0033 1.0000 0.0023
vn -0.0317 0.9995 0.0096
vn -0.0005 1.0000 -0.0000
vn -0.0004 1.0000 0.0003
vn -0.0000 1.0000 -0.0000
vn -0.0009 1.0000 0.0003
vn -0.0027 1.0000 0.0019
vn -0.0090 0.9999 0.0073
vn -0.0230 0.9995 0.0211
vn -0.0072 0.9999 0.0103
vn -0.0032 1.0000 0.0024
vn -0.0034 1.0000 0.0047
vn -0.0092 0.9996 0.0274
vn -0.0042 0.9999 0.0108
vn -0.0129 0.9995 0.0284
vn -0.0033 0.9999 0.0097
vn -0.0013 1.0000 0.0038
vn -0.0201 0.9995 0.0263
vn -0.0001 1.0000 0.0004
vn -0.0005 1.0000 0.0008
vn -0.0010 1.0000 0.0031
vn -0.0030 0.9999 0.0112
vn -0.0062 0.9995 0.0306
vn 0.0002 0.9999 0.0125
vn -0.0009 1.0000 0.0039
vn -0.0000 1.0000 0.0059
vn 0.0087 0.9996 0.0277
vn 0.0030 0.9999 0.0112
vn 0.0062 0.9995 0.0306
vn 0.0032 0.9999 0.0099
vn 0.0012 1.0000 0.0039
vn -0.0007 0.9995 0.0331
vn 0.0003 1.0000 0.0009
vn 0.0010 1.0000 0.0031
vn 0.0042 0.9999 0.0108
vn 0.0127 0.9995 0.0287
vn 0.0013 1.0000 0.0038
vn 0.0034 1.0000 0.0047
vn 0.0232 0.9996 0.0172
vn 0.0090 0.9999 0.0073
vn 0.0228 0.9995 0.0208
vn 0.0087 0.9999 0.0063
vn 0.0032 1.0000 0.0024
vn 0.0190 0.9995 0.0271
vn 0.0004 1.0000 0.0003
vn 0.0005 1.0000 0.0008
vn 0.0027 1.0000 0.0019
vn 0.0097 0.9999 0.0063
vn 0.0271 0.9995 0.0157
vn 0.0120 0.9999 0.0036
vn 0.0033 1.0000 0.0023
vn 0.0056 1.0000 0.0018
vn 0.0289 0.9996 0.0004
vn 0.0115 0.9999 0.0006
vn 0.0307 0.9995 0.0034
vn 0.0107 0.9999 -0.0000
vn 0.0041 1.0000 0.0001
vn 0.0313 0.9995 0.0109
vn 0.0005 1.0000 -0.0000
vn 0.0009 1.0000 0.0003
vn 0.0033 1.0000 -0.0000
vn 0.0115 0.9999 -0.0006
vn 0.0312 0.9995 -0.0033
vn 0.0117 0.9999 -0.0038
vn 0.0041 1.0000 -0.0001
vn 0.0057 1.0000 -0.0021
vn 0.0236 0.9996 -0.0167
vn 0.0097 0.9999 -0.0063
vn 0.0266 0.9995 -0.0151
vn 0.0084 0.9999 -0.0061
vn 0.0033 1.0000 -0.0023
vn 0.0317 0.9995 -0.0096
vn 0.0004 1.0000 -0.0003
vn 0.0009 1.0000 -0.0003
vn 0.0027 1.0000 -0.0019
vn 0.0090 0.9999 -0.0073
vn 0.0230 0.9995 -0.0211
vn 0.0072 0.9999 -0.0103
vn 0.0032 1.0000 -0.0024
vn 0.0034 1.0000 -0.0047
vn 0.0092 0.9996 -0.0274
vn 0.0042 0.9999 -0.0108
vn 0.0129 0.9995 -0.0284
vn 0.0033 0.9999 -0.0097
vn 0.0013 1.0000 -0.0038
vn 0.0201 0.9995 -0.0263
vn 0.0001 1.0000 -0.0004
vn 0.0005 1.0000 -0.0008
vn 0.0010 1.0000 -0.0031
vn 0.0030 0.9999 -0.0112
vn 0.0062 0.9995 -0.0306
vn -0.0002 0.9999 -0.0125
vn 0.0009 1.0000 -0.0039
vn -0.0000 1.0000 -0.0059
vn -0.0087 0.9996 -0.0277
vn -0.0030 0.9999 -0.0112
vn -0.0062 0.9995 -0.0306
vn -0.0032 0.9999 -0.0099
vn -0.0012 1.0000 -0.0039
vn 0.0007 0.9995 -0.0331
vn -0.0003 1.0000 -0.0009
vn -0.0010 1.0000 -0.0031
vn -0.0042 0.9999 -0.0108
vn -0.0127 0.9995 -0.0287
vn -0.0013 1.0000 -0.0038
vn -0.0034 1.0000 -0.0047
vn -0.0232 0.9996 -0.0172
vn -0.0090 0.9999 -0.0073
vn -0.0228 0.9995 -0.0208
vn -0.0087 0.9999 -0.0063
vn -0.0032 1.0000 -0.0024
vn -0.0190 0.9995 -0.0271
vn -0.0004 1.0000 -0.0003
vn -0.0005 1.0000 -0.0008
vn -0.0027 1.0000 -0.0019
vn -0.0097 0.9999 -0.0063
vn -0.0271 0.9995 -0.0157
vn -0.0120 0.9999 -0.0036
vn -0.0033 1.0000 -0.0023
vn -0.0056 1.0000 -0.0018
vn -0.0115 0.9999 -0.0006
vn -0.0307 0.9995 -0.0034
vn -0.0041 1.0000 -0.0001
vn -0.0313 0.9995 -0.0109
vn -0.0009 1.0000 -0.0003
vn 0.8919 -0.0084 -0.4521
vn 0.7858 0.2377 -0.5710
vn 0.8090 -0.0084 -0.5878
vn 0.9510 -0.0085 -0.3089
vn 0.9239 0.2375 -0.3001
vn 0.5059 0.8236 -0.2565
vn 0.4594 0.8231 -0.3338
vn 0.5394 0.8236 -0.1752
vn 0.8661 0.2379 -0.4395
vn 0.5600 0.8236 -0.0899
vn 0.5679 0.8231 -0.0000
vn 0.9591 0.2377 -0.1539
vn 0.9873 -0.0084 -0.1585
vn 1.0000 -0.0084 -0.0000
vn 0.9714 0.2375 -0.0000
vn 0.4558 -0.0083 -0.8901
vn 0.3001 0.2374 -0.9239
vn 0.3090 -0.0082 -0.9510
vn 0.5878 -0.0083 -0.8090
vn 0.4427 0.2377 -0.8646
vn 0.2586 0.8236 -0.5048
vn 0.1755 0.8230 -0.5402
vn 0.3335 0.8235 -0.4590
vn 0.5710 0.2374 -0.7858
vn 0.4006 0.8233 -0.4022
vn 0.6855 0.2374 -0.6883
vn 0.7056 -0.0083 -0.7086
vn -0.1544 -0.0083 -0.9880
vn -0.3001 0.2374 -0.9239
vn -0.3090 -0.0082 -0.9510
vn -0.0000 -0.0083 -1.0000
vn -0.1503 0.2376 -0.9597
vn -0.0876 0.8233 -0.5608
vn -0.1755 0.8230 -0.5402
vn -0.0000 0.8234 -0.5675
vn -0.0000 0.2372 -0.9714
vn 0.0876 0.8233 -0.5608
vn 0.1500 0.2377 -0.9597
vn 0.1544 -0.0083 -0.9880
vn -0.7056 -0.0083 -0.7086
vn -0.7858 0.2377 -0.5710
vn -0.8090 -0.0084 -0.5878
vn -0.5878 -0.0083 -0.8090
vn -0.6855 0.2374 -0.6883
vn -0.4006 0.8233 -0.4022
vn -0.4594 0.8231 -0.3338
vn -0.3335 0.8235 -0.4590
vn -0.5710 0.2374 -0.7858
vn -0.2586 0.8236 -0.5048
vn -0.4427 0.2377 -0.8646
vn -0.4558 -0.0083 -0.8901
vn -0.9873 -0.0084 -0.1585
vn -0.9714 0.2375 -0.0000
vn -1.0000 -0.0084 -0.0000
vn -0.9511 -0.0085 -0.3089
vn -0.9591 0.2377 -0.1539
vn -0.5600 0.8236 -0.0899
vn -0.5679 0.8231 -0.0000
vn -0.5394 0.8236 -0.1752
vn -0.9239 0.2375 -0.3001
vn -0.5062 0.8234 -0.2565
vn -0.8663 0.2374 -0.4394
vn -0.8919 -0.0084 -0.4521
vn -0.8919 -0.0084 0.4521
vn -0.7858 0.2377 0.5710
vn -0.8090 -0.0084 0.5878
vn -0.9511 -0.0085 0.3089
vn -0.9239 0.2375 0.3001
vn -0.5059 0.8236 0.2565
vn -0.4594 0.8231 0.3338
vn -0.5394 0.8236 0.1752
vn -0.8661 0.2379 0.4395
vn -0.5600 0.8236 0.0899
vn -0.9591 0.2377 0.1539
vn -0.9873 -0.0084 0.1585
vn -0.4558 -0.0083 0.8901
vn -0.3001 0.2374 0.9239
vn -0.3090 -0.0082 0.9510
vn -0.5878 -0.0083 0.8090
vn -0.4427 0.2377 0.8646
vn -0.2586 0.8236 0.5048
vn -0.1755 0.8230 0.5402
vn -0.3335 0.8235 0.4590
vn -0.5710 0.2374 0.7858
vn -0.4006 0.8233 0.4022
vn -0.6855 0.2374 0.6883
vn -0.7056 -0.0083 0.7086
vn 0.1544 -0.0083 0.9880
vn 0.3001 0.2374 0.9239
vn 0.3090 -0.0082 0.9510
vn -0.0000 -0.0083 1.0000
vn 0.1503 0.2376 0.9597
vn 0.0876 0.8233 0.5608
vn 0.1755 0.8230 0.5402
vn -0.0000 0.8234 0.5675
vn -0.0000 0.2372 0.9714
vn -0.0876 0.8233 0.5608
vn -0.1500 0.2377 0.9597
vn -0.1544 -0.0083 0.9880
vn 0.7056 -0.0083 0.7086
vn 0.7858 0.2377 0.5710
vn 0.8090 -0.0084 0.5878
vn 0.5878 -0.0083 0.8090
vn 0.6855 0.2374 0.6883
vn 0.4006 0.8233 0.4022
vn 0.4594 0.8231 0.3338
vn 0.3335 0.8235 0.4590
vn 0.5710 0.2374 0.7858
vn 0.2586 0.8236 0.5048
vn 0.4427 0.2377 0.8646
vn 0.4558 -0.0083 0.8901
vn 0.9873 -0.0084 0.1585
vn 0.9510 -0.0085 0.3089
vn 0.9591 0.2377 0.1539
vn 0.5600 0.8236 0.0899
vn 0.5394 0.8236 0.1752
vn 0.9239 0.2375 0.3001
vn 0.5062 0.8234 0.2565
vn 0.8663 0.2374 0.4394
vn 0.8919 -0.0084 0.4521
vn -0.4779 0.8069 0.3471
vn -0.7960 0.1792 0.5782
vn -0.5276 0.8063 0.2675
vn -0.8775 0.1791 0.4448
vn -0.5629 0.8060 0.1830
vn -0.8916 0.0252 0.4521
vn -0.8086 0.0252 0.5878
vn -0.9508 0.0252 0.3088
vn -0.9357 0.1791 0.3041
vn -0.9870 0.0253 0.1585
vn -0.9997 0.0253 -0.0000
vn -0.9714 0.1791 0.1559
vn -0.5905 0.8070 -0.0003
vn -0.5841 0.8062 0.0937
vn -0.9838 0.1793 -0.0000
vn -0.1826 0.8068 0.5620
vn -0.3039 0.1793 0.9357
vn -0.2697 0.8063 0.5265
vn -0.4485 0.1792 0.8757
vn -0.3483 0.8059 0.4788
vn -0.3089 0.0253 0.9508
vn -0.4556 0.0252 0.8898
vn -0.5877 0.0253 0.8087
vn -0.5783 0.1789 0.7959
vn -0.6942 0.1793 0.6971
vn -0.7055 0.0253 0.7083
vn -0.4173 0.8064 0.4191
vn 0.1826 0.8068 0.5620
vn 0.3039 0.1793 0.9357
vn 0.1518 0.1793 0.9720
vn -0.0000 0.8061 0.5918
vn 0.3089 0.0253 0.9508
vn 0.1544 0.0252 0.9877
vn -0.0000 0.0253 0.9997
vn -0.0000 0.1791 0.9838
vn -0.1518 0.1793 0.9720
vn -0.1544 0.0252 0.9877
vn -0.0912 0.8066 0.5841
vn 0.4778 0.8069 0.3472
vn 0.7960 0.1792 0.5782
vn 0.4173 0.8064 0.4191
vn 0.6942 0.1793 0.6971
vn 0.3480 0.8059 0.4789
vn 0.8086 0.0252 0.5878
vn 0.7055 0.0253 0.7083
vn 0.5877 0.0253 0.8087
vn 0.5783 0.1789 0.7959
vn 0.4485 0.1792 0.8757
vn 0.4556 0.0252 0.8898
vn 0.2697 0.8063 0.5265
vn 0.5902 0.8073 0.0001
vn 0.9838 0.1793 -0.0000
vn 0.5841 0.8062 0.0937
vn 0.9714 0.1791 0.1559
vn 0.5629 0.8060 0.1830
vn 0.9870 0.0253 0.1585
vn 0.9997 0.0253 -0.0000
vn 0.9508 0.0252 0.3088
vn 0.9357 0.1791 0.3041
vn 0.8916 0.0252 0.4521
vn 0.8775 0.1791 0.4448
vn 0.5276 0.8063 0.2675
vn 0.4779 0.8069 -0.3471
vn 0.7960 0.1792 -0.5782
vn 0.5276 0.8063 -0.2675
vn 0.8775 0.1791 -0.4448
vn 0.5629 0.8060 -0.1830
vn 0.8916 0.0252 -0.4521
vn 0.8086 0.0252 -0.5878
vn 0.9508 0.0252 -0.3088
vn 0.9357 0.1791 -0.3041
vn 0.9870 0.0253 -0.1585
vn 0.9714 0.1791 -0.1559
vn 0.5841 0.8062 -0.0937
vn 0.1826 0.8068 -0.5620
vn 0.3039 0.1793 -0.9357
vn 0.2697 0.8063 -0.5265
vn 0.4485 0.1792 -0.8757
vn 0.3483 0.8059 -0.4788
vn 0.3089 0.0253 -0.9508
vn 0.4556 0.0252 -0.8898
vn 0.5877 0.0253 -0.8087
vn 0.5783 0.1789 -0.7959
vn 0.6942 0.1793 -0.6971
vn 0.7055 0.0253 -0.7083
vn 0.4173 0.8064 -0.4191
vn -0.1826 0.8068 -0.5620
vn -0.3039 0.1793 -0.9357
vn -0.1518 0.1793 -0.9720
vn -0.0000 0.8061 -0.5918
vn -0.3089 0.0253 -0.9508
vn -0.1544 0.0252 -0.9877
vn -0.0000 0.0253 -0.9997
vn -0.0000 0.1791 -0.9838
vn 0.1518 0.1793 -0.9720
vn 0.1544 0.0252 -0.9877
vn 0.0912 0.8066 -0.5841
vn -0.4778 0.8069 -0.3472
vn -0.7960 0.1792 -0.5782
vn -0.4173 0.8064 -0.4191
vn -0.6942 0.1793 -0.6971
vn -0.3480 0.8059 -0.4789
vn -0.8086 0.0252 -0.5878
vn -0.7055 0.0253 -0.7083
vn -0.5877 0.0253 -0.8087
vn -0.5783 0.1789 -0.7959
vn -0.4485 0.1792 -0.8757
vn -0.4556 0.0252 -0.8898
vn -0.2697 0.8063 -0.5265
vn -0.5841 0.8062 -0.0937
vn -0.9714 0.1791 -0.1559
vn -0.5629 0.8060 -0.1830
vn -0.9870 0.0253 -0.1585
vn -0.9508 0.0252 -0.3088
vn -0.9357 0.1791 -0.3041
vn -0.8916 0.0252 -0.4521
vn -0.8775 0.1791 -0.4448
vn -0.5276 0.8063 -0.2675
vn -0.8087 0.0301 0.5875
vn -0.7905 0.2181 0.5723
vn -0.8912 0.0282 0.4527
vn -0.8705 0.2062 0.4469
vn -0.9507 0.0280 0.3090
vn -0.4791 0.8068 0.3458
vn -0.5326 0.7981 0.2818
vn -0.5878 0.7869 0.1879
vn -0.9315 0.1970 0.3056
vn -0.5906 0.8070 0.0012
vn -0.9665 0.2085 0.1495
vn -0.5989 0.7959 0.0886
vn -0.9996 0.0300 0.0002
vn -0.9869 0.0294 0.1586
vn -0.9768 0.2143 0.0037
vn -0.4559 0.0286 0.8896
vn -0.3032 0.2181 0.9277
vn -0.3086 0.0293 0.9507
vn -0.4414 0.2061 0.8733
vn -0.5874 0.0277 0.8088
vn -0.1844 0.8068 0.5614
vn -0.2653 0.7981 0.5410
vn -0.3650 0.7869 0.4975
vn -0.5739 0.1970 0.7949
vn -0.6942 0.2085 0.6890
vn -0.4323 0.7960 0.4237
vn -0.7051 0.0294 0.7085
vn 0.3088 0.0300 0.9507
vn 0.3001 0.2180 0.9287
vn 0.1552 0.0280 0.9875
vn 0.1560 0.2062 0.9660
vn 0.0001 0.0278 0.9996
vn 0.1808 0.8068 0.5625
vn 0.1033 0.7981 0.5936
vn -0.0029 0.7869 0.6171
vn 0.0031 0.1972 0.9804
vn -0.1566 0.2085 0.9654
vn -0.1005 0.7961 0.5968
vn -0.1540 0.0294 0.9876
vn 0.7050 0.0286 0.7087
vn 0.7887 0.2180 0.5749
vn 0.8087 0.0295 0.5875
vn 0.5875 0.0282 0.8087
vn 0.6941 0.2062 0.6897
vn 0.4769 0.8068 0.3488
vn 0.4325 0.7981 0.4195
vn 0.3604 0.7869 0.5009
vn 0.5786 0.1969 0.7915
vn 0.4408 0.2085 0.8731
vn 0.2692 0.7960 0.5422
vn 0.4560 0.0294 0.8895
vn 0.9995 0.0300 0.0001
vn 0.9759 0.2181 0.0017
vn 0.9871 0.0281 0.1575
vn 0.9506 0.0281 0.3091
vn 0.9669 0.2062 0.1500
vn 0.5908 0.8068 0.0018
vn 0.5965 0.7981 0.0851
vn 0.5859 0.7870 0.1934
vn 0.9333 0.1970 0.3003
vn 0.8698 0.2084 0.4473
vn 0.5365 0.7959 0.2804
vn 0.8918 0.0294 0.4516
vn 0.8087 0.0301 -0.5875
vn 0.7905 0.2181 -0.5723
vn 0.8912 0.0282 -0.4527
vn 0.8705 0.2062 -0.4469
vn 0.9507 0.0280 -0.3090
vn 0.4791 0.8068 -0.3458
vn 0.5326 0.7981 -0.2818
vn 0.5878 0.7869 -0.1879
vn 0.9315 0.1970 -0.3056
vn 0.9665 0.2085 -0.1495
vn 0.5989 0.7959 -0.0886
vn 0.9869 0.0294 -0.1586
vn 0.4559 0.0286 -0.8896
vn 0.3032 0.2181 -0.9277
vn 0.3086 0.0293 -0.9507
vn 0.4414 0.2061 -0.8733
vn 0.5874 0.0277 -0.8088
vn 0.1844 0.8068 -0.5614
vn 0.2653 0.7981 -0.5410
vn 0.3650 0.7869 -0.4975
vn 0.5739 0.1970 -0.7949
vn 0.6942 0.2085 -0.6890
vn 0.4323 0.7960 -0.4237
vn 0.7051 0.0294 -0.7085
vn -0.3088 0.0300 -0.9507
vn -0.3001 0.2180 -0.9287
vn -0.1552 0.0280 -0.9875
vn -0.1560 0.2062 -0.9660
vn -0.0001 0.0278 -0.9996
vn -0.1808 0.8068 -0.5625
vn -0.1033 0.7981 -0.5936
vn 0.0029 0.7869 -0.6171
vn -0.0031 0.1972 -0.9804
vn 0.1566 0.2085 -0.9654
vn 0.1005 0.7961 -0.5968
vn 0.1540 0.0294 -0.9876
vn -0.7050 0.0286 -0.7087
vn -0.7887 0.2180 -0.5749
vn -0.8087 0.0295 -0.5875
vn -0.5875 0.0282 -0.8087
vn -0.6941 0.2062 -0.6897
vn -0.4769 0.8068 -0.3488
vn -0.4325 0.7981 -0.4195
vn -0.3604 0.7869 -0.5009
vn -0.5786 0.1969 -0.7915
vn -0.4408 0.2085 -0.8731
vn -0.2692 0.7960 -0.5422
vn -0.4560 0.0294 -0.8895
vn -0.9871 0.0281 -0.1575
vn -0.9506 0.0281 -0.3091
vn -0.9669 0.2062 -0.1500
vn -0.5965 0.7981 -0.0851
vn -0.5859 0.7870 -0.1934
vn -0.9333 0.1970 -0.3003
vn -0.8698 0.2084 -0.4473
vn -0.5366 0.7959 -0.2804
vn -0.8918 0.0294 -0.4516
vn 0.7846 -0.6200 -0.0004
vn 0.5509 -0.8346 -0.0001
vn 0.7778 -0.6162 -0.1237
vn 0.5557 -0.8269 -0.0864
vn 0.7517 -0.6132 -0.2429
vn 0.1760 -0.9844 -0.0020
vn 0.1839 -0.9826 -0.0265
vn 0.1887 -0.9800 -0.0626
vn 0.5453 -0.8203 -0.1725
vn 0.1417 -0.9845 -0.1033
vn 0.4458 -0.8346 -0.3237
vn 0.1659 -0.9824 -0.0864
vn 0.5002 -0.8271 -0.2565
vn 0.6343 -0.6199 -0.4620
vn 0.7019 -0.6167 -0.3564
vn 0.5566 -0.6161 -0.5573
vn 0.3989 -0.8267 -0.3969
vn 0.4654 -0.6133 -0.6382
vn 0.1331 -0.9826 -0.1295
vn 0.1159 -0.9800 -0.1615
vn 0.3399 -0.8203 -0.4599
vn 0.0538 -0.9845 -0.1669
vn 0.1705 -0.8346 -0.5238
vn 0.0835 -0.9823 -0.1674
vn 0.2539 -0.8269 -0.5018
vn 0.2417 -0.6198 -0.7466
vn 0.3584 -0.6165 -0.7010
vn 0.1225 -0.6163 -0.7779
vn 0.0894 -0.8267 -0.5555
vn 0.0015 -0.6132 -0.7899
vn 0.0315 -0.9826 -0.1831
vn -0.0012 -0.9800 -0.1988
vn 0.0046 -0.8202 -0.5720
vn -0.0545 -0.9845 -0.1667
vn -0.1701 -0.8346 -0.5240
vn -0.0309 -0.9824 -0.1844
vn -0.0893 -0.8272 -0.5548
vn -0.2434 -0.6198 -0.7461
vn -0.1220 -0.6167 -0.7777
vn -0.3581 -0.6162 -0.7015
vn -0.2544 -0.8265 -0.5022
vn -0.4631 -0.6133 -0.6398
vn -0.0821 -0.9826 -0.1667
vn -0.1179 -0.9800 -0.1602
vn -0.3324 -0.8203 -0.4654
vn -0.1420 -0.9845 -0.1028
vn -0.4456 -0.8346 -0.3240
vn -0.1333 -0.9824 -0.1312
vn -0.3985 -0.8271 -0.3964
vn -0.6354 -0.6199 -0.4605
vn -0.5560 -0.6166 -0.5574
vn -0.7020 -0.6163 -0.3569
vn -0.5004 -0.8269 -0.2567
vn -0.7509 -0.6132 -0.2455
vn -0.1644 -0.9826 -0.0866
vn -0.1893 -0.9801 -0.0602
vn -0.5426 -0.8202 -0.1811
vn -0.1753 -0.9845 0.0003
vn -0.5509 -0.8346 -0.0002
vn -0.1850 -0.9823 -0.0277
vn -0.5557 -0.8269 -0.0864
vn -0.7847 -0.6198 0.0010
vn -0.7772 -0.6169 -0.1243
vn -0.7778 -0.6162 0.1237
vn -0.5557 -0.8269 0.0864
vn -0.7517 -0.6132 0.2429
vn -0.1839 -0.9826 0.0265
vn -0.1887 -0.9800 0.0626
vn -0.5453 -0.8203 0.1725
vn -0.1417 -0.9845 0.1033
vn -0.4458 -0.8346 0.3237
vn -0.1659 -0.9824 0.0864
vn -0.5002 -0.8271 0.2565
vn -0.6343 -0.6199 0.4620
vn -0.7019 -0.6167 0.3564
vn -0.5566 -0.6161 0.5573
vn -0.3989 -0.8267 0.3969
vn -0.4654 -0.6133 0.6382
vn -0.1331 -0.9826 0.1295
vn -0.1159 -0.9800 0.1615
vn -0.3399 -0.8203 0.4599
vn -0.0538 -0.9845 0.1669
vn -0.1705 -0.8346 0.5238
vn -0.0835 -0.9823 0.1674
vn -0.2539 -0.8269 0.5018
vn -0.2417 -0.6198 0.7466
vn -0.3584 -0.6165 0.7010
vn -0.1225 -0.6163 0.7779
vn -0.0894 -0.8267 0.5555
vn -0.0015 -0.6132 0.7899
vn -0.0315 -0.9826 0.1831
vn 0.0012 -0.9800 0.1988
vn -0.0046 -0.8202 0.5720
vn 0.0545 -0.9845 0.1667
vn 0.1701 -0.8346 0.5240
vn 0.0309 -0.9824 0.1844
vn 0.0893 -0.8272 0.5548
vn 0.2434 -0.6198 0.7461
vn 0.1220 -0.6167 0.7777
vn 0.3581 -0.6162 0.7015
vn 0.2544 -0.8265 0.5022
vn 0.4631 -0.6133 0.6398
vn 0.0821 -0.9826 0.1667
vn 0.1179 -0.9800 0.1602
vn 0.3324 -0.8203 0.4654
vn 0.1420 -0.9845 0.1028
vn 0.4456 -0.8346 0.3240
vn 0.1333 -0.9824 0.1312
vn 0.3985 -0.8271 0.3964
vn 0.6354 -0.6199 0.4605
vn 0.5560 -0.6166 0.5574
vn 0.7020 -0.6163 0.3569
vn 0.5004 -0.8269 0.2567
vn 0.7509 -0.6132 0.2455
vn 0.1644 -0.9826 0.0866
vn 0.1893 -0.9801 0.0602
vn 0.5426 -0.8202 0.1811
vn 0.1850 -0.9823 0.0277
vn 0.5557 -0.8269 0.0864
vn 0.7772 -0.6169 0.1243
vt 0.750100 0.022200
vt 0.775000 0.043700
vt 0.750000 0.043700
vt 0.775100 0.022200
vt 0.800000 0.043700
vt 0.775000 0.072200
vt 0.750000 0.072200
vt 0.800000 0.072200
vt 0.850100 0.022200
vt 0.825100 0.043700
vt 0.825100 0.022200
vt 0.850100 0.043700
vt 0.825000 0.072200
vt 0.800100 0.022200
vt 0.825000 0.144400
vt 0.850000 0.106300
vt 0.850000 0.144400
vt 0.800000 0.144400
vt 0.825000 0.106300
vt 0.850000 0.072200
vt 0.800000 0.106300
vt 0.775000 0.144400
vt 0.750000 0.106300
vt 0.775000 0.106300
vt 0.875100 0.043700
vt 0.875100 0.022200
vt 0.900000 0.043700
vt 0.875000 0.072200
vt 0.900000 0.072200
vt 0.950100 0.022200
vt 0.925000 0.043700
vt 0.925100 0.022200
vt 0.950000 0.043700
vt 0.925000 0.072200
vt 0.900100 0.022200
vt 0.925000 0.144400
vt 0.950000 0.106300
vt 0.950000 0.144400
vt 0.900000 0.144400
vt 0.925000 0.106300
vt 0.950000 0.072200
vt 0.900000 0.106300
vt 0.875000 0.144400
vt 0.875000 0.106300
vt 0.975000 0.043700
vt 0.975000 0.022200
vt 1.000000 0.042600
vt 0.975000 0.072200
vt 1.000000 0.071900
vt 1.050000 0.000900
vt 1.025000 0.039400
vt 1.025000 0.015800
vt 1.050000 0.035200
vt 1.025000 0.070800
vt 1.000000 0.020600
vt 1.025000 0.142500
vt 1.050000 0.103700
vt 1.050000 0.138000
vt 1.000000 0.143900
vt 1.025000 0.105000
vt 1.050000 0.069400
vt 1.000000 0.106000
vt 0.975000 0.144400
vt 0.975000 0.106300
vt 0.050000 0.000900
vt 0.075000 0.039400
vt 0.050000 0.035200
vt 0.075100 0.015800
vt 0.100100 0.042600
vt 0.075000 0.070800
vt 0.050000 0.069400
vt 0.100000 0.071900
vt 0.150100 0.022200
vt 0.125100 0.043700
vt 0.125100 0.022200
vt 0.150000 0.043700
vt 0.125000 0.072200
vt 0.100200 0.020600
vt 0.125000 0.144400
vt 0.150000 0.106300
vt 0.150000 0.144400
vt 0.100000 0.143900
vt 0.125000 0.106300
vt 0.150000 0.072200
vt 0.100000 0.106000
vt 0.075000 0.142500
vt 0.050000 0.103700
vt 0.075000 0.105000
vt 0.175000 0.043700
vt 0.175100 0.022200
vt 0.200000 0.043700
vt 0.175000 0.072200
vt 0.200000 0.072200
vt 0.250000 0.022200
vt 0.225000 0.043700
vt 0.225000 0.022200
vt 0.250000 0.043700
vt 0.225000 0.072200
vt 0.200100 0.022200
vt 0.225000 0.144400
vt 0.250000 0.106300
vt 0.250000 0.144400
vt 0.200000 0.144400
vt 0.225000 0.106300
vt 0.250000 0.072200
vt 0.200000 0.106300
vt 0.175000 0.144400
vt 0.175000 0.106300
vt 0.275000 0.043700
vt 0.275000 0.022200
vt 0.300000 0.043700
vt 0.275000 0.072200
vt 0.300000 0.072200
vt 0.349900 0.022200
vt 0.325000 0.043700
vt 0.324900 0.022200
vt 0.350000 0.043700
vt 0.325000 0.072200
vt 0.299900 0.022200
vt 0.325000 0.144400
vt 0.350000 0.106300
vt 0.350000 0.144400
vt 0.300000 0.144400
vt 0.325000 0.106300
vt 0.350000 0.072200
vt 0.300000 0.106300
vt 0.275000 0.144400
vt 0.275000 0.106300
vt 0.375000 0.043700
vt 0.375000 0.022200
vt 0.400000 0.043700
vt 0.375000 0.072200
vt 0.400000 0.072200
vt 0.450100 0.022200
vt 0.425000 0.043700
vt 0.425100 0.022200
vt 0.450000 0.043700
vt 0.425000 0.072200
vt 0.400000 0.022200
vt 0.425000 0.144400
vt 0.450000 0.106300
vt 0.450000 0.144400
vt 0.400000 0.144400
vt 0.425000 0.106300
vt 0.450000 0.072200
vt 0.400000 0.106300
vt 0.375000 0.144400
vt 0.375000 0.106300
vt 0.475000 0.043700
vt 0.475100 0.022200
vt 0.500000 0.043700
vt 0.475000 0.072200
vt 0.500000 0.072200
vt 0.550100 0.022200
vt 0.525000 0.043700
vt 0.525100 0.022200
vt 0.550000 0.043700
vt 0.525000 0.072200
vt 0.500100 0.022200
vt 0.525000 0.144400
vt 0.550000 0.106300
vt 0.550000 0.144400
vt 0.500000 0.144400
vt 0.525000 0.106300
vt 0.550000 0.072200
vt 0.500000 0.106300
vt 0.475000 0.144400
vt 0.475000 0.106300
vt 0.575000 0.043700
vt 0.575100 0.022200
vt 0.600000 0.043700
vt 0.575000 0.072200
vt 0.600000 0.072200
vt 0.650100 0.022200
vt 0.625100 0.043700
vt 0.625100 0.022200
vt 0.650100 0.043700
vt 0.625000 0.072200
vt 0.600100 0.022200
vt 0.625000 0.144400
vt 0.650000 0.106300
vt 0.650000 0.144400
vt 0.600000 0.144400
vt 0.625000 0.106300
vt 0.650000 0.072200
vt 0.600000 0.106300
vt 0.575000 0.144400
vt 0.575000 0.106300
vt 0.675100 0.043700
vt 0.675100 0.022200
vt 0.700000 0.043700
vt 0.675000 0.072200
vt 0.700000 0.072200
vt 0.725000 0.043700
vt 0.725100 0.022200
vt 0.725000 0.072200
vt 0.700100 0.022200
vt 0.725000 0.144400
vt 0.750000 0.144400
vt 0.700000 0.144400
vt 0.725000 0.106300
vt 0.700000 0.106300
vt 0.675000 0.144400
vt 0.675000 0.106300
vt 0.825000 0.185100
vt 0.850000 0.185100
vt 0.825000 0.226900
vt 0.800000 0.185100
vt 0.800000 0.226900
vt 0.850000 0.268300
vt 0.825000 0.307900
vt 0.825000 0.268300
vt 0.800000 0.307900
vt 0.800000 0.268300
vt 0.850000 0.226900
vt 0.750000 0.268300
vt 0.775000 0.307900
vt 0.750000 0.307900
vt 0.750000 0.226900
vt 0.775000 0.268300
vt 0.775000 0.226900
vt 0.775000 0.185100
vt 0.750000 0.185100
vt 0.925000 0.185100
vt 0.950000 0.185100
vt 0.925000 0.226900
vt 0.900000 0.185100
vt 0.900000 0.226900
vt 0.950000 0.268300
vt 0.925000 0.307900
vt 0.925000 0.268300
vt 0.900000 0.307900
vt 0.900000 0.268300
vt 0.950000 0.226900
vt 0.875000 0.307900
vt 0.850000 0.307900
vt 0.875000 0.268300
vt 0.875000 0.226900
vt 0.875000 0.185100
vt 1.025000 0.183800
vt 1.050000 0.182500
vt 1.025000 0.226900
vt 1.000000 0.184800
vt 1.000000 0.226900
vt 1.050000 0.271600
vt 1.025000 0.310400
vt 1.025000 0.269900
vt 1.000000 0.308500
vt 1.000000 0.268700
vt 1.050000 0.227000
vt 0.975000 0.307900
vt 0.950000 0.307900
vt 0.975000 0.268300
vt 0.975000 0.226900
vt 0.975000 0.185100
vt 0.125000 0.185100
vt 0.150000 0.185100
vt 0.125000 0.226900
vt 0.100000 0.184800
vt 0.100000 0.226900
vt 0.150000 0.268300
vt 0.125000 0.307900
vt 0.125000 0.268300
vt 0.100000 0.308500
vt 0.100000 0.268700
vt 0.150000 0.226900
vt 0.050000 0.271600
vt 0.075000 0.310400
vt 0.050000 0.316100
vt 0.050000 0.227000
vt 0.075000 0.269900
vt 0.075000 0.226900
vt 0.050000 0.138000
vt 0.075000 0.183800
vt 0.050000 0.182500
vt 0.225000 0.185100
vt 0.250000 0.185100
vt 0.225000 0.226900
vt 0.200000 0.185100
vt 0.200000 0.226900
vt 0.250000 0.268300
vt 0.225000 0.307900
vt 0.225000 0.268300
vt 0.200000 0.307900
vt 0.200000 0.268300
vt 0.250000 0.226900
vt 0.175000 0.307900
vt 0.150000 0.307900
vt 0.175000 0.268300
vt 0.175000 0.226900
vt 0.175000 0.185100
vt 0.325000 0.185100
vt 0.350000 0.185100
vt 0.325000 0.226900
vt 0.300000 0.185100
vt 0.300000 0.226900
vt 0.350000 0.268300
vt 0.325000 0.307900
vt 0.325000 0.268300
vt 0.300000 0.307900
vt 0.300000 0.268300
vt 0.350000 0.226900
vt 0.275000 0.307900
vt 0.250000 0.307900
vt 0.275000 0.268300
vt 0.275000 0.226900
vt 0.275000 0.185100
vt 0.425000 0.185100
vt 0.450000 0.185100
vt 0.425000 0.226900
vt 0.400000 0.185100
vt 0.400000 0.226900
vt 0.450000 0.268300
vt 0.425000 0.307900
vt 0.425000 0.268300
vt 0.400000 0.307900
vt 0.400000 0.268300
vt 0.450000 0.226900
vt 0.375000 0.307900
vt 0.350000 0.307900
vt 0.375000 0.268300
vt 0.375000 0.226900
vt 0.375000 0.185100
vt 0.525000 0.185100
vt 0.550000 0.185100
vt 0.525000 0.226900
vt 0.500000 0.185100
vt 0.500000 0.226900
vt 0.550000 0.268300
vt 0.525000 0.307900
vt 0.525000 0.268300
vt 0.500000 0.307900
vt 0.500000 0.268300
vt 0.550000 0.226900
vt 0.475000 0.307900
vt 0.450000 0.307900
vt 0.475000 0.268300
vt 0.475000 0.226900
vt 0.475000 0.185100
vt 0.625000 0.185100
vt 0.650000 0.185100
vt 0.625000 0.226900
vt 0.600000 0.185100
vt 0.600000 0.226900
vt 0.650000 0.268300
vt 0.625000 0.307900
vt 0.625000 0.268300
vt 0.600000 0.307900
vt 0.600000 0.268300
vt 0.650000 0.226900
vt 0.575000 0.307900
vt 0.550000 0.307900
vt 0.575000 0.268300
vt 0.575000 0.226900
vt 0.575000 0.185100
vt 0.725000 0.185100
vt 0.725000 0.226900
vt 0.700000 0.185100
vt 0.700000 0.226900
vt 0.725000 0.307900
vt 0.725000 0.268300
vt 0.700000 0.307900
vt 0.700000 0.268300
vt 0.675000 0.307900
vt 0.650000 0.307900
vt 0.675000 0.268300
vt 0.675000 0.226900
vt 0.675000 0.185100
vt 0.825000 0.344300
vt 0.850000 0.344300
vt 0.825000 0.377500
vt 0.800000 0.344300
vt 0.800000 0.377500
vt 0.850000 0.435200
vt 0.825000 0.407800
vt 0.850000 0.407800
vt 0.825000 0.435200
vt 0.800000 0.407800
vt 0.850000 0.377500
vt 0.750000 0.435200
vt 0.775000 0.407800
vt 0.775000 0.435200
vt 0.750000 0.407800
vt 0.775000 0.377500
vt 0.800000 0.435200
vt 0.775000 0.344300
vt 0.750000 0.344300
vt 0.750000 0.377500
vt 0.925000 0.344300
vt 0.950000 0.344300
vt 0.925000 0.377500
vt 0.900000 0.344300
vt 0.900000 0.377500
vt 0.950000 0.435200
vt 0.925000 0.407800
vt 0.950000 0.407800
vt 0.925000 0.435200
vt 0.900000 0.407800
vt 0.950000 0.377500
vt 0.875000 0.407800
vt 0.875000 0.435200
vt 0.875000 0.377500
vt 0.900000 0.435200
vt 0.875000 0.344300
vt 1.050000 0.316100
vt 1.025000 0.345900
vt 1.050000 0.347600
vt 1.025000 0.378300
vt 1.000000 0.344700
vt 1.000000 0.377700
vt 1.050000 0.442000
vt 1.025000 0.409200
vt 1.050000 0.410500
vt 1.025000 0.437300
vt 1.000000 0.408100
vt 1.050000 0.379000
vt 0.975000 0.407800
vt 0.975000 0.435200
vt 0.975000 0.377500
vt 1.000000 0.435800
vt 0.975000 0.344300
vt 0.125000 0.344300
vt 0.150000 0.344300
vt 0.125000 0.377500
vt 0.100000 0.344700
vt 0.100000 0.377700
vt 0.150000 0.435200
vt 0.125000 0.407800
vt 0.150000 0.407800
vt 0.125000 0.435200
vt 0.100000 0.408100
vt 0.150000 0.377500
vt 0.050000 0.442000
vt 0.075000 0.409200
vt 0.075000 0.437300
vt 0.050000 0.410500
vt 0.075000 0.378300
vt 0.100000 0.435800
vt 0.075000 0.345900
vt 0.050000 0.347600
vt 0.050000 0.379000
vt 0.225000 0.344300
vt 0.250000 0.344300
vt 0.225000 0.377500
vt 0.200000 0.344300
vt 0.200000 0.377500
vt 0.250000 0.435200
vt 0.225000 0.407800
vt 0.250000 0.407800
vt 0.225000 0.435200
vt 0.200000 0.407800
vt 0.250000 0.377500
vt 0.175000 0.407800
vt 0.175000 0.435200
vt 0.175000 0.377500
vt 0.200000 0.435200
vt 0.175000 0.344300
vt 0.325000 0.344300
vt 0.350000 0.344300
vt 0.325000 0.377500
vt 0.300000 0.344300
vt 0.300000 0.377500
vt 0.350000 0.435200
vt 0.325000 0.407800
vt 0.350000 0.407800
vt 0.325000 0.435200
vt 0.300000 0.407800
vt 0.350000 0.377500
vt 0.275000 0.407800
vt 0.275000 0.435200
vt 0.275000 0.377500
vt 0.300000 0.435200
vt 0.275000 0.344300
vt 0.425000 0.344300
vt 0.450000 0.344300
vt 0.425000 0.377500
vt 0.400000 0.344300
vt 0.400000 0.377500
vt 0.450000 0.435200
vt 0.425000 0.407800
vt 0.450000 0.407800
vt 0.425000 0.435200
vt 0.400000 0.407800
vt 0.450000 0.377500
vt 0.375000 0.407800
vt 0.375000 0.435200
vt 0.375000 0.377500
vt 0.400000 0.435200
vt 0.375000 0.344300
vt 0.525000 0.344300
vt 0.550000 0.344300
vt 0.525000 0.377500
vt 0.500000 0.344300
vt 0.500000 0.377500
vt 0.550000 0.435200
vt 0.525000 0.407800
vt 0.550000 0.407800
vt 0.525000 0.435200
vt 0.500000 0.407800
vt 0.550000 0.377500
vt 0.475000 0.407800
vt 0.475000 0.435200
vt 0.475000 0.377500
vt 0.500000 0.435200
vt 0.475000 0.344300
vt 0.625000 0.344300
vt 0.650000 0.344300
vt 0.625000 0.377500
vt 0.600000 0.344300
vt 0.600000 0.377500
vt 0.650000 0.435200
vt 0.625000 0.407800
vt 0.650000 0.407800
vt 0.625000 0.435200
vt 0.600000 0.407800
vt 0.650000 0.377500
vt 0.575000 0.407800
vt 0.575000 0.435200
vt 0.575000 0.377500
vt 0.600000 0.435200
vt 0.575000 0.344300
vt 0.725000 0.344300
vt 0.725000 0.377500
vt 0.700000 0.344300
vt 0.700000 0.377500
vt 0.725000 0.407800
vt 0.725000 0.435200
vt 0.700000 0.407800
vt 0.675000 0.407800
vt 0.675000 0.435200
vt 0.675000 0.377500
vt 0.700000 0.435200
vt 0.675000 0.344300
vt 0.850000 0.460000
vt 0.850000 0.482400
vt 0.825000 0.460000
vt 0.825000 0.482400
vt 0.800000 0.460000
vt 0.850000 0.521000
vt 0.825000 0.502600
vt 0.850000 0.502600
vt 0.825000 0.521000
vt 0.800000 0.502600
vt 0.800000 0.482400
vt 0.750000 0.521000
vt 0.775000 0.502600
vt 0.775000 0.521000
vt 0.750000 0.502600
vt 0.775000 0.482400
vt 0.800000 0.521000
vt 0.750000 0.460000
vt 0.775000 0.460000
vt 0.750000 0.482400
vt 0.950000 0.460000
vt 0.950000 0.482400
vt 0.925000 0.460000
vt 0.925000 0.482400
vt 0.900000 0.460000
vt 0.950000 0.521000
vt 0.925000 0.502600
vt 0.950000 0.502600
vt 0.925000 0.521000
vt 0.900000 0.502600
vt 0.900000 0.482400
vt 0.875000 0.502600
vt 0.875000 0.521000
vt 0.875000 0.482400
vt 0.900000 0.521000
vt 0.875000 0.460000
vt 1.050000 0.462700
vt 1.050000 0.483400
vt 1.025000 0.461300
vt 1.025000 0.482900
vt 1.000000 0.460300
vt 1.050000 0.524900
vt 1.025000 0.503400
vt 1.050000 0.504100
vt 1.025000 0.522200
vt 1.000000 0.502800
vt 1.000000 0.482500
vt 0.975000 0.502600
vt 0.975000 0.521000
vt 0.975000 0.482400
vt 1.000000 0.521300
vt 0.975000 0.460000
vt 0.150000 0.460000
vt 0.150000 0.482400
vt 0.125000 0.460000
vt 0.125000 0.482400
vt 0.100000 0.460300
vt 0.150000 0.521000
vt 0.125000 0.502600
vt 0.150000 0.502600
vt 0.125000 0.521000
vt 0.100000 0.502800
vt 0.100000 0.482500
vt 0.050000 0.524900
vt 0.075000 0.503400
vt 0.075000 0.522200
vt 0.050000 0.504100
vt 0.075000 0.482900
vt 0.100000 0.521300
vt 0.050000 0.462700
vt 0.075000 0.461300
vt 0.050000 0.483400
vt 0.250000 0.460000
vt 0.250000 0.482400
vt 0.225000 0.460000
vt 0.225000 0.482400
vt 0.200000 0.460000
vt 0.250000 0.521000
vt 0.225000 0.502600
vt 0.250000 0.502600
vt 0.225000 0.521000
vt 0.200000 0.502600
vt 0.200000 0.482400
vt 0.175000 0.502600
vt 0.175000 0.521000
vt 0.175000 0.482400
vt 0.200000 0.521000
vt 0.175000 0.460000
vt 0.350000 0.460000
vt 0.350000 0.482400
vt 0.325000 0.460000
vt 0.325000 0.482400
vt 0.300000 0.460000
vt 0.350000 0.521000
vt 0.325000 0.502600
vt 0.350000 0.502600
vt 0.325000 0.521000
vt 0.300000 0.502600
vt 0.300000 0.482400
vt 0.275000 0.502600
vt 0.275000 0.521000
vt 0.275000 0.482400
vt 0.300000 0.521000
vt 0.275000 0.460000
vt 0.450000 0.460000
vt 0.450000 0.482400
vt 0.425000 0.460000
vt 0.425000 0.482400
vt 0.400000 0.460000
vt 0.450000 0.521000
vt 0.425000 0.502600
vt 0.450000 0.502600
vt 0.425000 0.521000
vt 0.400000 0.502600
vt 0.400000 0.482400
vt 0.375000 0.502600
vt 0.375000 0.521000
vt 0.375000 0.482400
vt 0.400000 0.521000
vt 0.375000 0.460000
vt 0.550000 0.460000
vt 0.550000 0.482400
vt 0.525000 0.460000
vt 0.525000 0.482400
vt 0.500000 0.460000
vt 0.550000 0.521000
vt 0.525000 0.502600
vt 0.550000 0.502600
vt 0.525000 0.521000
vt 0.500000 0.502600
vt 0.500000 0.482400
vt 0.475000 0.502600
vt 0.475000 0.521000
vt 0.475000 0.482400
vt 0.500000 0.521000
vt 0.475000 0.460000
vt 0.650000 0.460000
vt 0.650000 0.482400
vt 0.625000 0.460000
vt 0.625000 0.482400
vt 0.600000 0.460000
vt 0.650000 0.521000
vt 0.625000 0.502600
vt 0.650000 0.502600
vt 0.625000 0.521000
vt 0.600000 0.502600
vt 0.600000 0.482400
vt 0.575000 0.502600
vt 0.575000 0.521000
vt 0.575000 0.482400
vt 0.600000 0.521000
vt 0.575000 0.460000
vt 0.725000 0.460000
vt 0.725000 0.482400
vt 0.700000 0.460000
vt 0.725000 0.502600
vt 0.725000 0.521000
vt 0.700000 0.502600
vt 0.700000 0.482400
vt 0.675000 0.502600
vt 0.675000 0.521000
vt 0.675000 0.482400
vt 0.700000 0.521000
vt 0.675000 0.460000
vt 0.850000 0.606400
vt 0.825000 0.587500
vt 0.850000 0.587500
vt 0.850000 0.627500
vt 0.825000 0.606400
vt 0.800000 0.587500
vt 0.825000 0.627500
vt 0.800000 0.606400
vt 0.850000 0.678300
vt 0.825000 0.651300
vt 0.850000 0.651300
vt 0.825000 0.678300
vt 0.800000 0.651300
vt 0.800000 0.627500
vt 0.750000 0.678300
vt 0.775000 0.651300
vt 0.775000 0.678300
vt 0.750000 0.651300
vt 0.775000 0.627500
vt 0.800000 0.678300
vt 0.750000 0.606400
vt 0.775000 0.587500
vt 0.775000 0.606400
vt 0.750000 0.627500
vt 0.950000 0.606400
vt 0.925000 0.587500
vt 0.950000 0.587500
vt 0.950000 0.627500
vt 0.925000 0.606400
vt 0.900000 0.587500
vt 0.925000 0.627500
vt 0.900000 0.606400
vt 0.950000 0.678300
vt 0.925000 0.651300
vt 0.950000 0.651300
vt 0.925000 0.678300
vt 0.900000 0.651300
vt 0.900000 0.627500
vt 0.875000 0.651300
vt 0.875000 0.678300
vt 0.875000 0.627500
vt 0.900000 0.678300
vt 0.875000 0.587500
vt 0.875000 0.606400
vt 1.050000 0.604700
vt 1.025000 0.586200
vt 1.050000 0.583200
vt 1.050000 0.626200
vt 1.025000 0.605600
vt 1.000000 0.587200
vt 1.025000 0.626900
vt 1.000000 0.606200
vt 1.050000 0.669200
vt 1.025000 0.649500
vt 1.050000 0.647700
vt 1.025000 0.675600
vt 1.000000 0.650900
vt 1.000000 0.627400
vt 0.975000 0.651300
vt 0.975000 0.678300
vt 0.975000 0.627500
vt 1.000000 0.677600
vt 0.975000 0.587500
vt 0.975000 0.606400
vt 0.150000 0.606400
vt 0.125000 0.587500
vt 0.150000 0.587500
vt 0.150000 0.627500
vt 0.125000 0.606400
vt 0.100000 0.587200
vt 0.125000 0.627500
vt 0.100000 0.606200
vt 0.150000 0.678300
vt 0.125000 0.651300
vt 0.150000 0.651300
vt 0.125000 0.678300
vt 0.100000 0.650900
vt 0.100000 0.627400
vt 0.050000 0.669200
vt 0.075000 0.649500
vt 0.075000 0.675600
vt 0.050000 0.647700
vt 0.075000 0.626900
vt 0.100000 0.677600
vt 0.050000 0.604700
vt 0.075000 0.586200
vt 0.075000 0.605600
vt 0.050000 0.626200
vt 0.250000 0.606400
vt 0.225000 0.587500
vt 0.250000 0.587500
vt 0.250000 0.627500
vt 0.225000 0.606400
vt 0.200000 0.587500
vt 0.225000 0.627500
vt 0.200000 0.606400
vt 0.250000 0.678300
vt 0.225000 0.651300
vt 0.250000 0.651300
vt 0.225000 0.678300
vt 0.200000 0.651300
vt 0.200000 0.627500
vt 0.175000 0.651300
vt 0.175000 0.678300
vt 0.175000 0.627500
vt 0.200000 0.678300
vt 0.175000 0.587500
vt 0.175000 0.606400
vt 0.350000 0.606400
vt 0.325000 0.587500
vt 0.350000 0.587500
vt 0.350000 0.627500
vt 0.325000 0.606400
vt 0.300000 0.587500
vt 0.325000 0.627500
vt 0.300000 0.606400
vt 0.350000 0.678300
vt 0.325000 0.651300
vt 0.350000 0.651300
vt 0.325000 0.678300
vt 0.300000 0.651300
vt 0.300000 0.627500
vt 0.275000 0.651300
vt 0.275000 0.678300
vt 0.275000 0.627500
vt 0.300000 0.678300
vt 0.275000 0.587500
vt 0.275000 0.606400
vt 0.450000 0.606400
vt 0.425000 0.587500
vt 0.450000 0.587500
vt 0.450000 0.627500
vt 0.425000 0.606400
vt 0.400000 0.587500
vt 0.425000 0.627500
vt 0.400000 0.606400
vt 0.450000 0.678300
vt 0.425000 0.651300
vt 0.450000 0.651300
vt 0.425000 0.678300
vt 0.400000 0.651300
vt 0.400000 0.627500
vt 0.375000 0.651300
vt 0.375000 0.678300
vt 0.375000 0.627500
vt 0.400000 0.678300
vt 0.375000 0.587500
vt 0.375000 0.606400
vt 0.550000 0.606400
vt 0.525000 0.587500
vt 0.550000 0.587500
vt 0.550000 0.627500
vt 0.525000 0.606400
vt 0.500000 0.587500
vt 0.525000 0.627500
vt 0.500000 0.606400
vt 0.550000 0.678300
vt 0.525000 0.651300
vt 0.550000 0.651300
vt 0.525000 0.678300
vt 0.500000 0.651300
vt 0.500000 0.627500
vt 0.475000 0.651300
vt 0.475000 0.678300
vt 0.475000 0.627500
vt 0.500000 0.678300
vt 0.475000 0.587500
vt 0.475000 0.606400
vt 0.650000 0.606400
vt 0.625000 0.587500
vt 0.650000 0.587500
vt 0.650000 0.627500
vt 0.625000 0.606400
vt 0.600000 0.587500
vt 0.625000 0.627500
vt 0.600000 0.606400
vt 0.650000 0.678300
vt 0.625000 0.651300
vt 0.650000 0.651300
vt 0.625000 0.678300
vt 0.600000 0.651300
vt 0.600000 0.627500
vt 0.575000 0.651300
vt 0.575000 0.678300
vt 0.575000 0.627500
vt 0.600000 0.678300
vt 0.575000 0.587500
vt 0.575000 0.606400
vt 0.725000 0.587500
vt 0.750000 0.587500
vt 0.725000 0.606400
vt 0.700000 0.587500
vt 0.725000 0.627500
vt 0.700000 0.606400
vt 0.725000 0.651300
vt 0.725000 0.678300
vt 0.700000 0.651300
vt 0.700000 0.627500
vt 0.675000 0.651300
vt 0.675000 0.678300
vt 0.675000 0.627500
vt 0.700000 0.678300
vt 0.675000 0.587500
vt 0.675000 0.606400
vt 0.850000 0.819900
vt 0.825000 0.862400
vt 0.825000 0.819900
vt 0.850000 0.862400
vt 0.825000 0.904000
vt 0.800000 0.862400
vt 0.800000 0.819900
vt 0.800000 0.904000
vt 0.850000 0.941000
vt 0.825000 0.970100
vt 0.825000 0.941000
vt 0.800000 0.970100
vt 0.800000 0.941000
vt 0.850000 0.904000
vt 0.750000 0.941000
vt 0.775000 0.970100
vt 0.750000 0.970100
vt 0.750000 0.904000
vt 0.775000 0.941000
vt 0.775000 0.904000
vt 0.750000 0.819900
vt 0.775000 0.862400
vt 0.750000 0.862400
vt 0.775000 0.819900
vt 0.950000 0.819900
vt 0.925000 0.862400
vt 0.925000 0.819900
vt 0.950000 0.862400
vt 0.925000 0.904000
vt 0.900000 0.862400
vt 0.900000 0.819900
vt 0.900000 0.904000
vt 0.950000 0.941000
vt 0.925000 0.970100
vt 0.925000 0.941000
vt 0.900000 0.970100
vt 0.900000 0.941000
vt 0.950000 0.904000
vt 0.875000 0.970100
vt 0.850000 0.970100
vt 0.875000 0.941000
vt 0.875000 0.904000
vt 0.875000 0.862400
vt 0.875000 0.819900
vt 1.050000 0.813500
vt 1.025000 0.861100
vt 1.025000 0.818000
vt 1.050000 0.859800
vt 1.025000 0.905100
vt 1.000000 0.862100
vt 1.000000 0.819400
vt 1.000000 0.904200
vt 1.050000 0.952600
vt 1.025000 0.978800
vt 1.025000 0.946800
vt 1.000000 0.972300
vt 1.000000 0.942500
vt 1.050000 0.906200
vt 0.975000 0.970100
vt 0.950000 0.970100
vt 0.975000 0.941000
vt 0.975000 0.904000
vt 0.975000 0.862400
vt 0.975000 0.819900
vt 0.150000 0.819900
vt 0.125000 0.862400
vt 0.125000 0.819900
vt 0.150000 0.862400
vt 0.125000 0.904000
vt 0.100000 0.862100
vt 0.100000 0.819400
vt 0.100000 0.904200
vt 0.150000 0.941000
vt 0.125000 0.970100
vt 0.125000 0.941000
vt 0.100000 0.972300
vt 0.100000 0.942500
vt 0.150000 0.904000
vt 0.050000 0.952600
vt 0.075000 0.978800
vt 0.050000 0.998900
vt 0.050000 0.906200
vt 0.075000 0.946800
vt 0.075000 0.905100
vt 0.050000 0.813500
vt 0.075000 0.861100
vt 0.050000 0.859800
vt 0.075000 0.818000
vt 0.250000 0.819900
vt 0.225000 0.862400
vt 0.225000 0.819900
vt 0.250000 0.862400
vt 0.225000 0.904000
vt 0.200000 0.862400
vt 0.200000 0.819900
vt 0.200000 0.904000
vt 0.250000 0.941000
vt 0.225000 0.970100
vt 0.225000 0.941000
vt 0.200000 0.970100
vt 0.200000 0.941000
vt 0.250000 0.904000
vt 0.175000 0.970100
vt 0.150000 0.970100
vt 0.175000 0.941000
vt 0.175000 0.904000
vt 0.175000 0.862400
vt 0.175000 0.819900
vt 0.350000 0.819900
vt 0.325000 0.862400
vt 0.325000 0.819900
vt 0.350000 0.862400
vt 0.325000 0.904000
vt 0.300000 0.862400
vt 0.300000 0.819900
vt 0.300000 0.904000
vt 0.350000 0.941000
vt 0.325000 0.970100
vt 0.325000 0.941000
vt 0.300000 0.970100
vt 0.300000 0.941000
vt 0.350000 0.904000
vt 0.275000 0.970100
vt 0.250000 0.970100
vt 0.275000 0.941000
vt 0.275000 0.904000
vt 0.275000 0.862400
vt 0.275000 0.819900
vt 0.450000 0.819900
vt 0.425000 0.862400
vt 0.425000 0.819900
vt 0.450000 0.862400
vt 0.425000 0.904000
vt 0.400000 0.862400
vt 0.400000 0.819900
vt 0.400000 0.904000
vt 0.450000 0.941000
vt 0.425000 0.970100
vt 0.425000 0.941000
vt 0.400000 0.970100
vt 0.400000 0.941000
vt 0.450000 0.904000
vt 0.375000 0.970100
vt 0.350000 0.970100
vt 0.375000 0.941000
vt 0.375000 0.904000
vt 0.375000 0.862400
vt 0.375000 0.819900
vt 0.550000 0.819900
vt 0.525000 0.862400
vt 0.525000 0.819900
vt 0.550000 0.862400
vt 0.525000 0.904000
vt 0.500000 0.862400
vt 0.500000 0.819900
vt 0.500000 0.904000
vt 0.550000 0.941000
vt 0.525000 0.970100
vt 0.525000 0.941000
vt 0.500000 0.970100
vt 0.500000 0.941000
vt 0.550000 0.904000
vt 0.475000 0.970100
vt 0.450000 0.970100
vt 0.475000 0.941000
vt 0.475000 0.904000
vt 0.475000 0.862400
vt 0.475000 0.819900
vt 0.650000 0.819900
vt 0.625000 0.862400
vt 0.625000 0.819900
vt 0.650000 0.862400
vt 0.625000 0.904000
vt 0.600000 0.862400
vt 0.600000 0.819900
vt 0.600000 0.904000
vt 0.650000 0.941000
vt 0.625000 0.970100
vt 0.625000 0.941000
vt 0.600000 0.970100
vt 0.600000 0.941000
vt 0.650000 0.904000
vt 0.575000 0.970100
vt 0.550000 0.970100
vt 0.575000 0.941000
vt 0.575000 0.904000
vt 0.575000 0.862400
vt 0.575000 0.819900
vt 0.725000 0.862400
vt 0.725000 0.819900
vt 0.725000 0.904000
vt 0.700000 0.862400
vt 0.700000 0.819900
vt 0.700000 0.904000
vt 0.725000 0.970100
vt 0.725000 0.941000
vt 0.700000 0.970100
vt 0.700000 0.941000
vt 0.675000 0.970100
vt 0.650000 0.970100
vt 0.675000 0.941000
vt 0.675000 0.904000
vt 0.675000 0.862400
vt 0.675000 0.819900
vt 0.850000 0.537900
vt 0.850000 0.554100
vt 0.825000 0.537900
vt 0.825000 0.554100
vt 0.800000 0.537900
vt 0.825000 0.570300
vt 0.850000 0.570300
vt 0.800000 0.570300
vt 0.800000 0.554100
vt 0.775000 0.570300
vt 0.750000 0.570300
vt 0.775000 0.554100
vt 0.750000 0.537900
vt 0.775000 0.537900
vt 0.750000 0.554100
vt 0.950000 0.537900
vt 0.950000 0.554100
vt 0.925000 0.537900
vt 0.925000 0.554100
vt 0.900000 0.537900
vt 0.925000 0.570300
vt 0.950000 0.570300
vt 0.900000 0.570300
vt 0.900000 0.554100
vt 0.875000 0.570300
vt 0.875000 0.554100
vt 0.875000 0.537900
vt 1.050000 0.539500
vt 1.050000 0.554000
vt 1.025000 0.538700
vt 1.025000 0.554100
vt 1.000000 0.538100
vt 1.025000 0.569500
vt 1.050000 0.568600
vt 1.000000 0.570100
vt 1.000000 0.554100
vt 0.975000 0.570300
vt 0.975000 0.554100
vt 0.975000 0.537900
vt 0.150000 0.537900
vt 0.150000 0.554100
vt 0.125000 0.537900
vt 0.125000 0.554100
vt 0.100000 0.538100
vt 0.125000 0.570300
vt 0.150000 0.570300
vt 0.100000 0.570100
vt 0.100000 0.554100
vt 0.050000 0.583200
vt 0.075000 0.569500
vt 0.050000 0.568600
vt 0.075000 0.554100
vt 0.050000 0.539500
vt 0.075000 0.538700
vt 0.050000 0.554000
vt 0.250000 0.537900
vt 0.250000 0.554100
vt 0.225000 0.537900
vt 0.225000 0.554100
vt 0.200000 0.537900
vt 0.225000 0.570300
vt 0.250000 0.570300
vt 0.200000 0.570300
vt 0.200000 0.554100
vt 0.175000 0.570300
vt 0.175000 0.554100
vt 0.175000 0.537900
vt 0.350000 0.537900
vt 0.350000 0.554100
vt 0.325000 0.537900
vt 0.325000 0.554100
vt 0.300000 0.537900
vt 0.325000 0.570300
vt 0.350000 0.570300
vt 0.300000 0.570300
vt 0.300000 0.554100
vt 0.275000 0.570300
vt 0.275000 0.554100
vt 0.275000 0.537900
vt 0.450000 0.537900
vt 0.450000 0.554100
vt 0.425000 0.537900
vt 0.425000 0.554100
vt 0.400000 0.537900
vt 0.425000 0.570300
vt 0.450000 0.570300
vt 0.400000 0.570300
vt 0.400000 0.554100
vt 0.375000 0.570300
vt 0.375000 0.554100
vt 0.375000 0.537900
vt 0.550000 0.537900
vt 0.550000 0.554100
vt 0.525000 0.537900
vt 0.525000 0.554100
vt 0.500000 0.537900
vt 0.525000 0.570300
vt 0.550000 0.570300
vt 0.500000 0.570300
vt 0.500000 0.554100
vt 0.475000 0.570300
vt 0.475000 0.554100
vt 0.475000 0.537900
vt 0.650000 0.537900
vt 0.650000 0.554100
vt 0.625000 0.537900
vt 0.625000 0.554100
vt 0.600000 0.537900
vt 0.625000 0.570300
vt 0.650000 0.570300
vt 0.600000 0.570300
vt 0.600000 0.554100
vt 0.575000 0.570300
vt 0.575000 0.554100
vt 0.575000 0.537900
vt 0.725000 0.537900
vt 0.725000 0.554100
vt 0.700000 0.537900
vt 0.725000 0.570300
vt 0.700000 0.570300
vt 0.700000 0.554100
vt 0.675000 0.570300
vt 0.675000 0.554100
vt 0.675000 0.537900
vt 0.850000 0.708900
vt 0.850000 0.742900
vt 0.825000 0.708900
vt 0.825000 0.742900
vt 0.800000 0.708900
vt 0.825000 0.780000
vt 0.850000 0.780000
vt 0.800000 0.780000
vt 0.800000 0.742900
vt 0.775000 0.780000
vt 0.750000 0.780000
vt 0.775000 0.742900
vt 0.750000 0.708900
vt 0.775000 0.708900
vt 0.750000 0.742900
vt 0.950000 0.708900
vt 0.950000 0.742900
vt 0.925000 0.708900
vt 0.925000 0.742900
vt 0.900000 0.708900
vt 0.950000 0.780000
vt 0.925000 0.780000
vt 0.900000 0.780000
vt 0.900000 0.742900
vt 0.875000 0.742900
vt 0.875000 0.780000
vt 0.875000 0.708900
vt 1.050000 0.705300
vt 1.050000 0.741300
vt 1.025000 0.707100
vt 1.025000 0.742100
vt 1.000000 0.708400
vt 1.025000 0.778700
vt 1.050000 0.777400
vt 1.000000 0.779700
vt 1.000000 0.742700
vt 0.975000 0.780000
vt 0.975000 0.742900
vt 0.975000 0.708900
vt 0.150000 0.708900
vt 0.150000 0.742900
vt 0.125000 0.708900
vt 0.125000 0.742900
vt 0.100000 0.708400
vt 0.150000 0.780000
vt 0.125000 0.780000
vt 0.100000 0.779700
vt 0.100000 0.742700
vt 0.050000 0.777400
vt 0.075000 0.742100
vt 0.075000 0.778700
vt 0.050000 0.705300
vt 0.075000 0.707100
vt 0.050000 0.741300
vt 0.250000 0.708900
vt 0.250000 0.742900
vt 0.225000 0.708900
vt 0.225000 0.742900
vt 0.200000 0.708900
vt 0.225000 0.780000
vt 0.250000 0.780000
vt 0.200000 0.780000
vt 0.200000 0.742900
vt 0.175000 0.780000
vt 0.175000 0.742900
vt 0.175000 0.708900
vt 0.350000 0.708900
vt 0.350000 0.742900
vt 0.325000 0.708900
vt 0.325000 0.742900
vt 0.300000 0.708900
vt 0.325000 0.780000
vt 0.350000 0.780000
vt 0.300000 0.780000
vt 0.300000 0.742900
vt 0.275000 0.780000
vt 0.275000 0.742900
vt 0.275000 0.708900
vt 0.450000 0.708900
vt 0.450000 0.742900
vt 0.425000 0.708900
vt 0.425000 0.742900
vt 0.400000 0.708900
vt 0.450000 0.780000
vt 0.425000 0.780000
vt 0.400000 0.780000
vt 0.400000 0.742900
vt 0.375000 0.742900
vt 0.375000 0.780000
vt 0.375000 0.708900
vt 0.550000 0.708900
vt 0.550000 0.742900
vt 0.525000 0.708900
vt 0.525000 0.742900
vt 0.500000 0.708900
vt 0.525000 0.780000
vt 0.550000 0.780000
vt 0.500000 0.780000
vt 0.500000 0.742900
vt 0.475000 0.780000
vt 0.475000 0.742900
vt 0.475000 0.708900
vt 0.650000 0.708900
vt 0.650000 0.742900
vt 0.625000 0.708900
vt 0.625000 0.742900
vt 0.600000 0.708900
vt 0.650000 0.780000
vt 0.625000 0.780000
vt 0.600000 0.780000
vt 0.600000 0.742900
vt 0.575000 0.742900
vt 0.575000 0.780000
vt 0.575000 0.708900
vt 0.725000 0.708900
vt 0.725000 0.742900
vt 0.700000 0.708900
vt 0.725000 0.780000
vt 0.700000 0.780000
vt 0.700000 0.742900
vt 0.675000 0.780000
vt 0.675000 0.742900
vt 0.675000 0.708900
vt 0.857200 0.000100
vt 0.820700 0.000100
vt 0.840800 0.000100
vt 0.826000 0.000100
vt 0.800900 0.000100
vt 0.811500 0.000000
vt 0.825600 0.000000
vt 0.800100 0.000000
vt 0.756600 0.000100
vt 0.782000 0.000100
vt 0.778700 0.000100
vt 0.762800 0.000100
vt 0.788200 0.000000
vt 0.801500 0.000100
vt 0.812800 0.000000
vt 0.782000 0.000000
vt 0.800000 0.000000
vt 0.799300 0.000000
vt 0.771300 0.000000
vt 0.775000 0.999800
vt 0.750000 0.999900
vt 0.750000 0.999800
vt 0.800000 0.999800
vt 0.775000 0.999900
vt 0.750000 1.000000
vt 0.800000 0.999900
vt 0.775000 1.000000
vt 0.825000 0.999800
vt 0.850000 0.999900
vt 0.825000 0.999900
vt 0.850000 1.000000
vt 0.825000 1.000000
vt 0.800000 1.000000
vt 0.956500 0.000100
vt 0.942300 0.000100
vt 0.962600 0.000100
vt 0.933900 0.000100
vt 0.922800 0.000100
vt 0.951200 0.000000
vt 0.971100 0.000000
vt 0.934800 0.000000
vt 0.906100 0.000100
vt 0.887500 0.000100
vt 0.890800 0.000100
vt 0.930800 0.000000
vt 0.910800 0.000100
vt 0.981900 0.000000
vt 0.962800 0.000000
vt 1.000000 0.000000
vt 0.957600 0.000000
vt 0.925600 0.000000
vt 0.875000 0.999800
vt 0.850000 0.999800
vt 0.900000 0.999800
vt 0.875000 0.999900
vt 0.900000 0.999900
vt 0.875000 1.000000
vt 0.925000 0.999800
vt 0.950000 0.999900
vt 0.925000 0.999900
vt 0.950000 1.000000
vt 0.925000 1.000000
vt 0.900000 1.000000
vt 1.049600 0.000000
vt 1.018600 0.000000
vt 1.037200 0.000000
vt 1.023300 0.000100
vt 1.000100 0.000000
vt 1.010600 0.000000
vt 1.024800 0.000000
vt 0.999500 0.000000
vt 0.981600 0.000100
vt 0.978400 0.000100
vt 0.987900 0.000000
vt 1.000400 0.000100
vt 1.012400 0.000000
vt 0.999000 0.000000
vt 0.975000 0.999800
vt 0.950000 0.999800
vt 1.000000 0.999800
vt 0.975000 0.999900
vt 1.000000 0.999900
vt 0.975000 1.000000
vt 1.025000 0.999900
vt 1.050000 1.000000
vt 1.025000 1.000000
vt 1.000000 1.000000
vt 0.162900 0.000100
vt 0.154300 0.000100
vt 0.175300 0.000100
vt 0.140000 0.000100
vt 0.133800 0.000000
vt 0.170800 0.000000
vt 0.192300 0.000000
vt 0.151700 0.000000
vt 0.051500 0.000000
vt 0.116600 0.000000
vt 0.090100 0.000100
vt 0.101100 0.000000
vt 0.151000 0.000000
vt 0.115800 0.000100
vt 0.213800 0.000000
vt 0.200400 0.000000
vt 0.250000 0.000000
vt 0.185900 0.000000
vt 0.150800 0.000000
vt 0.075000 0.999900
vt 0.050000 1.000000
vt 0.100000 0.999800
vt 0.075000 1.000000
vt 0.100000 0.999900
vt 0.125000 0.999800
vt 0.150000 0.999900
vt 0.125000 0.999900
vt 0.150000 1.000000
vt 0.125000 1.000000
vt 0.100000 1.000000
vt 0.250000 0.000100
vt 0.230300 0.000100
vt 0.227700 0.000100
vt 0.211300 0.000100
vt 0.231100 0.000000
vt 0.216500 0.000000
vt 0.193600 0.000100
vt 0.184500 0.000100
vt 0.207500 0.000000
vt 0.205800 0.000100
vt 0.227300 0.000000
vt 0.175000 0.999800
vt 0.150000 0.999800
vt 0.200000 0.999800
vt 0.175000 0.999900
vt 0.200000 0.999900
vt 0.175000 1.000000
vt 0.225000 0.999800
vt 0.250000 0.999900
vt 0.225000 0.999900
vt 0.250000 1.000000
vt 0.225000 1.000000
vt 0.200000 1.000000
vt 0.337400 0.000100
vt 0.306500 0.000100
vt 0.325000 0.000100
vt 0.315600 0.000100
vt 0.288700 0.000100
vt 0.292600 0.000000
vt 0.308000 0.000000
vt 0.283500 0.000000
vt 0.269700 0.000100
vt 0.272300 0.000100
vt 0.268900 0.000000
vt 0.294200 0.000100
vt 0.286400 0.000000
vt 0.272800 0.000000
vt 0.275000 0.999800
vt 0.250000 0.999800
vt 0.300000 0.999800
vt 0.275000 0.999900
vt 0.300000 0.999900
vt 0.275000 1.000000
vt 0.325000 0.999800
vt 0.350000 0.999900
vt 0.325000 0.999900
vt 0.350000 1.000000
vt 0.325000 1.000000
vt 0.300000 1.000000
vt 0.447200 0.000100
vt 0.384100 0.000100
vt 0.399300 0.000100
vt 0.410300 0.000100
vt 0.367000 0.000100
vt 0.349900 0.000000
vt 0.350600 0.000000
vt 0.349100 0.000000
vt 0.346300 0.000100
vt 0.360600 0.000100
vt 0.329800 0.000000
vt 0.385000 0.000100
vt 0.300300 0.000000
vt 0.314700 0.000000
vt 0.375000 0.999800
vt 0.350000 0.999800
vt 0.400000 0.999800
vt 0.375000 0.999900
vt 0.400000 0.999900
vt 0.375000 1.000000
vt 0.425000 0.999800
vt 0.450000 0.999900
vt 0.425000 0.999900
vt 0.450000 1.000000
vt 0.425000 1.000000
vt 0.400000 1.000000
vt 0.556600 0.000100
vt 0.542400 0.000100
vt 0.562800 0.000100
vt 0.533900 0.000100
vt 0.522300 0.000100
vt 0.551300 0.000000
vt 0.571300 0.000000
vt 0.534600 0.000000
vt 0.504100 0.000100
vt 0.484500 0.000100
vt 0.486800 0.000100
vt 0.530300 0.000000
vt 0.510100 0.000100
vt 0.582000 0.000000
vt 0.562800 0.000000
vt 0.600000 0.000000
vt 0.557600 0.000000
vt 0.525600 0.000000
vt 0.475000 0.999800
vt 0.450000 0.999800
vt 0.500000 0.999800
vt 0.475000 0.999900
vt 0.500000 0.999900
vt 0.475000 1.000000
vt 0.525000 0.999800
vt 0.550000 0.999900
vt 0.525000 0.999900
vt 0.550000 1.000000
vt 0.525000 1.000000
vt 0.500000 1.000000
vt 0.657200 0.000100
vt 0.620700 0.000100
vt 0.640800 0.000100
vt 0.626000 0.000100
vt 0.600900 0.000100
vt 0.611500 0.000000
vt 0.625600 0.000000
vt 0.600100 0.000000
vt 0.582000 0.000100
vt 0.578700 0.000100
vt 0.588200 0.000000
vt 0.601500 0.000100
vt 0.612800 0.000000
vt 0.599300 0.000000
vt 0.575000 0.999800
vt 0.550000 0.999800
vt 0.600000 0.999800
vt 0.575000 0.999900
vt 0.600000 0.999900
vt 0.575000 1.000000
vt 0.625000 0.999800
vt 0.650000 0.999900
vt 0.625000 0.999900
vt 0.650000 1.000000
vt 0.625000 1.000000
vt 0.600000 1.000000
vt 0.742400 0.000100
vt 0.733900 0.000100
vt 0.722800 0.000100
vt 0.751300 0.000000
vt 0.734800 0.000000
vt 0.706100 0.000100
vt 0.687500 0.000100
vt 0.690800 0.000100
vt 0.730800 0.000000
vt 0.710800 0.000100
vt 0.762800 0.000000
vt 0.757600 0.000000
vt 0.725600 0.000000
vt 0.675000 0.999800
vt 0.650000 0.999800
vt 0.700000 0.999800
vt 0.675000 0.999900
vt 0.700000 0.999900
vt 0.675000 1.000000
vt 0.725000 0.999800
vt 0.725000 0.999900
vt 0.725000 1.000000
vt 0.700000 1.000000
vt 0.824900 1.000000
vt 0.824500 1.000000
vt 0.849800 1.000000
vt 0.849400 1.000000
vt 0.799500 1.000000
vt 0.824800 1.000000
vt 0.849900 1.000000
vt 0.799800 1.000000
vt 0.749700 1.000000
vt 0.774800 1.000000
vt 0.774600 1.000000
vt 0.899900 1.000000
vt 0.874900 1.000000
vt 0.924900 1.000000
vt 0.949100 1.000000
vt 0.924700 1.000000
vt 0.949600 1.000000
vt 0.899200 1.000000
vt 0.924200 1.000000
vt 0.949900 1.000000
vt 0.899700 1.000000
vt 0.874700 1.000000
vt 0.874300 1.000000
vt 0.974900 1.000000
vt 0.999900 1.000000
vt 1.024900 1.000000
vt 1.024200 1.000000
vt 0.999000 1.000000
vt 1.024800 1.000000
vt 0.974000 1.000000
vt 0.974600 1.000000
vt 0.999600 1.000000
vt 0.149800 1.000000
vt 0.149900 1.000000
vt 0.124900 1.000000
vt 0.249800 1.000000
vt 0.224900 1.000000
vt 0.249900 1.000000
vt 0.224700 1.000000
vt 0.199900 1.000000
vt 0.174800 1.000000
vt 0.174900 1.000000
vt 0.199700 1.000000
vt 0.325500 1.000000
vt 0.350300 1.000000
vt 0.350700 1.000000
vt 0.300200 1.000000
vt 0.325200 1.000000
vt 0.350100 1.000000
vt 0.300100 1.000000
vt 0.400100 1.000000
vt 0.375100 1.000000
vt 0.425100 1.000000
vt 0.450600 1.000000
vt 0.425300 1.000000
vt 0.450200 1.000000
vt 0.400700 1.000000
vt 0.425700 1.000000
vt 0.450100 1.000000
vt 0.400300 1.000000
vt 0.375300 1.000000
vt 0.375700 1.000000
vt 0.475100 1.000000
vt 0.525400 1.000000
vt 0.550100 1.000000
vt 0.550300 1.000000
vt 0.500500 1.000000
vt 0.525200 1.000000
vt 0.475500 1.000000
vt 0.475200 1.000000
vt 0.500200 1.000000
vt 0.625100 1.000000
vt 0.600100 1.000000
vt 0.575100 1.000000
vt 0.575200 1.000000
vt 0.600200 1.000000
vt 0.724900 1.000000
vt 0.749900 1.000000
vt 0.724800 1.000000
vt 0.699900 1.000000
vt 0.674900 1.000000
vt 0.699800 1.000000
vt 0.736200 1.000000
vt 0.744600 1.000000
vt 0.723900 1.000000
vt 0.758900 1.000000
vt 0.764700 1.000000
vt 0.729300 1.000000
vt 0.707300 1.000000
vt 0.749300 1.000000
vt 0.822500 1.000000
vt 0.781000 1.000000
vt 0.801700 1.000000
vt 0.797800 1.000000
vt 0.752700 1.000000
vt 0.781300 1.000000
vt 0.686800 1.000000
vt 0.723500 1.000000
vt 0.717400 1.000000
vt 0.764600 1.000000
vt 0.819800 1.000000
vt 0.845800 1.000000
vt 0.841200 1.000000
vt 0.790000 1.000000
vt 0.815500 1.000000
vt 0.908700 1.000000
vt 0.856100 1.000000
vt 0.888600 1.000000
vt 0.871800 1.000000
vt 0.813400 1.000000
vt 0.868800 1.000000
vt 0.758300 1.000000
vt 0.762400 1.000000
vt 0.821400 1.000000
vt 0.895000 1.000000
vt 0.932600 1.000000
vt 0.918100 1.000000
vt 0.848600 1.000000
vt 0.877400 1.000000
vt 1.042200 1.000000
vt 0.933100 1.000000
vt 0.988400 1.000000
vt 0.944200 1.000000
vt 0.864300 1.000000
vt 0.959500 1.000000
vt 0.748100 1.000000
vt 0.799100 1.000000
vt 0.846100 1.000000
vt 0.051000 1.000000
vt 0.081600 1.000000
vt 0.063200 1.000000
vt 0.077000 1.000000
vt 0.099900 1.000000
vt 0.089500 1.000000
vt 0.075500 1.000000
vt 0.100500 1.000000
vt 0.143100 1.000000
vt 0.118200 1.000000
vt 0.121400 1.000000
vt 0.137000 1.000000
vt 0.111900 1.000000
vt 0.099600 1.000000
vt 0.087700 1.000000
vt 0.117900 1.000000
vt 0.101000 1.000000
vt 0.128500 1.000000
vt 0.157000 1.000000
vt 0.165500 1.000000
vt 0.177600 1.000000
vt 0.148200 1.000000
vt 0.165000 1.000000
vt 0.265500 1.000000
vt 0.197700 1.000000
vt 0.218700 1.000000
vt 0.217700 1.000000
vt 0.169600 1.000000
vt 0.190100 1.000000
vt 0.136800 1.000000
vt 0.141900 1.000000
vt 0.173500 1.000000
vt 0.364600 1.000000
vt 0.355200 1.000000
vt 0.310600 1.000000
vt 0.378800 1.000000
vt 0.432300 1.000000
vt 0.448500 1.000000
vt 0.419400 1.000000
vt 0.390100 1.000000
vt 0.402500 1.000000
vt 0.364900 1.000000
vt 0.427000 1.000000
vt 0.449000 1.000000
vt 0.337600 1.000000
vt 0.549300 1.000000
vt 0.540800 1.000000
vt 0.498400 1.000000
vt 0.477500 1.000000
vt 0.443400 1.000000
vt 0.410900 1.000000
vt 0.458700 1.000000
vt 0.486200 1.000000
vt 0.484300 1.000000
vt 0.480200 1.000000
vt 0.454200 1.000000
vt 0.502200 1.000000
vt 0.509900 1.000000
vt 0.431100 1.000000
vt 0.576400 1.000000
vt 0.537400 1.000000
vt 0.535400 1.000000
vt 0.519000 1.000000
vt 0.498300 1.000000
vt 0.535300 1.000000
vt 0.547300 1.000000
vt 0.550700 1.000000
vt 0.563800 1.000000
vt 0.555400 1.000000
vt 0.541100 1.000000
vt 0.576100 1.000000
vt 0.570700 1.000000
vt 0.518700 1.000000
vt 0.613200 1.000000
vt 0.582600 1.000000
vt 0.592700 1.000000
vt 0.594200 1.000000
vt 0.585200 1.000000
vt 0.611800 1.000000
vt 0.608000 1.000000
vt 0.616900 1.000000
vt 0.630600 1.000000
vt 0.628000 1.000000
vt 0.631400 1.000000
vt 0.606200 1.000000
vt 0.627500 1.000000
vt 0.669400 1.000000
vt 0.672000 1.000000
vt 0.688200 1.000000
vt 0.668600 1.000000
vt 0.683100 1.000000
vt 0.705800 1.000000
vt 0.714800 1.000000
vt 0.692000 1.000000
vt 0.693800 1.000000
vt 0.672500 1.000000
vt 0.825000 0.987700
vt 0.850000 0.996600
vt 0.850000 0.987700
vt 0.800000 0.987700
vt 0.800000 0.996600
vt 0.825000 0.999700
vt 0.850000 0.999700
vt 0.800000 0.999700
vt 0.825000 0.996600
vt 0.775000 0.999700
vt 0.750000 0.999700
vt 0.775000 0.996600
vt 0.775000 0.987700
vt 0.750000 0.987700
vt 0.750000 0.996600
vt 0.925000 0.987700
vt 0.950000 0.996600
vt 0.950000 0.987700
vt 0.900000 0.987700
vt 0.925000 0.996600
vt 0.925000 0.999700
vt 0.950000 0.999700
vt 0.900000 0.999700
vt 0.900000 0.996600
vt 0.875000 0.999700
vt 0.875000 0.996600
vt 0.875000 0.987700
vt 1.050000 0.998900
vt 1.025000 0.993400
vt 1.050000 0.999500
vt 1.050000 0.999200
vt 1.000000 0.989100
vt 1.025000 0.998000
vt 1.025000 0.999700
vt 1.050000 0.999700
vt 1.000000 0.999700
vt 1.000000 0.996900
vt 0.975000 0.999700
vt 0.975000 0.996600
vt 0.975000 0.987700
vt 0.125000 0.987700
vt 0.150000 0.996600
vt 0.150000 0.987700
vt 0.100000 0.989100
vt 0.125000 0.996600
vt 0.125000 0.999700
vt 0.150000 0.999700
vt 0.100000 0.999700
vt 0.100000 0.996900
vt 0.075000 0.999700
vt 0.050000 0.999700
vt 0.075000 0.998000
vt 0.075000 0.993400
vt 0.050000 0.999200
vt 0.050000 0.999500
vt 0.225000 0.987700
vt 0.250000 0.996600
vt 0.250000 0.987700
vt 0.200000 0.987700
vt 0.225000 0.996600
vt 0.225000 0.999700
vt 0.250000 0.999700
vt 0.200000 0.999700
vt 0.200000 0.996600
vt 0.175000 0.999700
vt 0.175000 0.996600
vt 0.175000 0.987700
vt 0.325000 0.987700
vt 0.350000 0.996600
vt 0.350000 0.987700
vt 0.300000 0.987700
vt 0.300000 0.996600
vt 0.325000 0.999700
vt 0.350000 0.999700
vt 0.300000 0.999700
vt 0.325000 0.996600
vt 0.275000 0.999700
vt 0.275000 0.996600
vt 0.275000 0.987700
vt 0.425000 0.987700
vt 0.450000 0.996600
vt 0.450000 0.987700
vt 0.400000 0.987700
vt 0.425000 0.996600
vt 0.425000 0.999700
vt 0.450000 0.999700
vt 0.400000 0.999700
vt 0.400000 0.996600
vt 0.375000 0.999700
vt 0.375000 0.996600
vt 0.375000 0.987700
vt 0.525000 0.987700
vt 0.550000 0.996600
vt 0.550000 0.987700
vt 0.500000 0.987700
vt 0.525000 0.996600
vt 0.525000 0.999700
vt 0.550000 0.999700
vt 0.500000 0.999700
vt 0.500000 0.996600
vt 0.475000 0.999700
vt 0.475000 0.996600
vt 0.475000 0.987700
vt 0.625000 0.987700
vt 0.650000 0.996600
vt 0.650000 0.987700
vt 0.600000 0.987700
vt 0.625000 0.996600
vt 0.625000 0.999700
vt 0.650000 0.999700
vt 0.600000 0.999700
vt 0.600000 0.996600
vt 0.575000 0.999700
vt 0.575000 0.996600
vt 0.575000 0.987700
vt 0.725000 0.987700
vt 0.700000 0.987700
vt 0.725000 0.996600
vt 0.725000 0.999700
vt 0.700000 0.999700
vt 0.700000 0.996600
vt 0.675000 0.999700
vt 0.675000 0.996600
vt 0.675000 0.987700
vt 0.848800 1.000000
vt 0.845600 1.000000
vt 0.823900 1.000000
vt 0.821300 1.000000
vt 0.837600 1.000000
vt 0.814500 1.000000
vt 0.791500 1.000000
vt 0.796900 1.000000
vt 0.743800 1.000000
vt 0.772400 1.000000
vt 0.767700 1.000000
vt 0.749400 1.000000
vt 0.774200 1.000000
vt 0.747800 1.000000
vt 0.923300 1.000000
vt 0.943400 1.000000
vt 0.948200 1.000000
vt 0.919100 1.000000
vt 0.898500 1.000000
vt 0.931400 1.000000
vt 0.908600 1.000000
vt 0.885800 1.000000
vt 0.894900 1.000000
vt 0.870300 1.000000
vt 0.861800 1.000000
vt 0.873600 1.000000
vt 1.048100 1.000000
vt 1.046100 1.000000
vt 1.023000 1.000000
vt 1.019600 1.000000
vt 0.997900 1.000000
vt 1.044200 1.000000
vt 1.012600 1.000000
vt 0.982600 1.000000
vt 0.993400 1.000000
vt 0.968100 1.000000
vt 0.955800 1.000000
vt 0.973000 1.000000
vt 0.124800 1.000000
vt 0.148900 1.000000
vt 0.149700 1.000000
vt 0.124400 1.000000
vt 0.146900 1.000000
vt 0.123400 1.000000
vt 0.099700 1.000000
vt 0.050700 1.000000
vt 0.075200 1.000000
vt 0.075400 1.000000
vt 0.075100 1.000000
vt 0.050200 1.000000
vt 0.050500 1.000000
vt 0.249600 1.000000
vt 0.250900 1.000000
vt 0.224400 1.000000
vt 0.199400 1.000000
vt 0.255400 1.000000
vt 0.196200 1.000000
vt 0.198500 1.000000
vt 0.173400 1.000000
vt 0.170700 1.000000
vt 0.174500 1.000000
vt 0.351300 1.000000
vt 0.355700 1.000000
vt 0.325900 1.000000
vt 0.330200 1.000000
vt 0.300500 1.000000
vt 0.367500 1.000000
vt 0.342000 1.000000
vt 0.314600 1.000000
vt 0.304100 1.000000
vt 0.277600 1.000000
vt 0.285500 1.000000
vt 0.426400 1.000000
vt 0.454400 1.000000
vt 0.451200 1.000000
vt 0.429700 1.000000
vt 0.401500 1.000000
vt 0.462400 1.000000
vt 0.438200 1.000000
vt 0.414100 1.000000
vt 0.405100 1.000000
vt 0.380500 1.000000
vt 0.391000 1.000000
vt 0.376500 1.000000
vt 0.550600 1.000000
vt 0.552200 1.000000
vt 0.525800 1.000000
vt 0.527600 1.000000
vt 0.500900 1.000000
vt 0.556200 1.000000
vt 0.532300 1.000000
vt 0.508500 1.000000
vt 0.503100 1.000000
vt 0.478700 1.000000
vt 0.485500 1.000000
vt 0.476100 1.000000
vt 0.625200 1.000000
vt 0.600300 1.000000
vt 0.625500 1.000000
vt 0.626400 1.000000
vt 0.602800 1.000000
vt 0.601000 1.000000
vt 0.576600 1.000000
vt 0.579600 1.000000
vt 0.575500 1.000000
vt 0.724500 1.000000
vt 0.699700 1.000000
vt 0.723400 1.000000
vt 0.720400 1.000000
vt 0.697200 1.000000
vt 0.699000 1.000000
vt 0.674500 1.000000
vt 0.673600 1.000000
vt 0.674800 1.000000
vt 0.750200 0.009200
vt 0.750900 0.002600
vt 0.775200 0.009200
vt 0.775700 0.002600
vt 0.800200 0.009200
vt 0.752900 0.000300
vt 0.776700 0.000300
vt 0.801100 0.000300
vt 0.800500 0.002600
vt 0.853000 0.000300
vt 0.851100 0.002600
vt 0.826800 0.000300
vt 0.825700 0.002600
vt 0.850300 0.009200
vt 0.825300 0.009200
vt 0.875300 0.009200
vt 0.876300 0.002600
vt 0.900200 0.009200
vt 0.878900 0.000300
vt 0.904200 0.000300
vt 0.901300 0.002600
vt 0.952700 0.000300
vt 0.950800 0.002600
vt 0.928800 0.000300
vt 0.926100 0.002600
vt 0.950100 0.009200
vt 0.925200 0.009200
vt 0.975100 0.009200
vt 0.975400 0.002600
vt 1.000000 0.008100
vt 0.976400 0.000300
vt 1.000300 0.000300
vt 1.000100 0.002300
vt 1.049700 0.000200
vt 1.049800 0.000400
vt 1.024900 0.000200
vt 1.024900 0.001500
vt 1.049900 0.000700
vt 1.025000 0.004900
vt 0.050400 0.000700
vt 0.050800 0.000400
vt 0.075400 0.004900
vt 0.076400 0.001500
vt 0.100300 0.008100
vt 0.051100 0.000200
vt 0.079100 0.000200
vt 0.106100 0.000300
vt 0.101900 0.002300
vt 0.155400 0.000300
vt 0.151600 0.002600
vt 0.131300 0.000300
vt 0.126900 0.002600
vt 0.150200 0.009200
vt 0.125300 0.009200
vt 0.175200 0.009200
vt 0.176200 0.002600
vt 0.200100 0.009200
vt 0.179000 0.000300
vt 0.202500 0.000300
vt 0.200700 0.002600
vt 0.250000 0.000300
vt 0.250000 0.002600
vt 0.226200 0.000300
vt 0.225400 0.002600
vt 0.250000 0.009200
vt 0.225100 0.009200
vt 0.274900 0.009200
vt 0.274600 0.002600
vt 0.299900 0.009200
vt 0.273800 0.000300
vt 0.297600 0.000300
vt 0.299300 0.002600
vt 0.344800 0.000300
vt 0.348600 0.002600
vt 0.321100 0.000300
vt 0.323900 0.002600
vt 0.349900 0.009200
vt 0.324900 0.009200
vt 0.375000 0.009200
vt 0.373500 0.002600
vt 0.400100 0.009200
vt 0.369200 0.000300
vt 0.394600 0.000300
vt 0.398700 0.002600
vt 0.449200 0.000300
vt 0.450000 0.002600
vt 0.421500 0.000300
vt 0.424300 0.002600
vt 0.450200 0.009200
vt 0.425200 0.009200
vt 0.475200 0.009200
vt 0.475700 0.002600
vt 0.500200 0.009200
vt 0.476900 0.000300
vt 0.503800 0.000300
vt 0.501200 0.002600
vt 0.552900 0.000300
vt 0.550900 0.002600
vt 0.528800 0.000300
vt 0.526200 0.002600
vt 0.550200 0.009200
vt 0.525200 0.009200
vt 0.575200 0.009200
vt 0.575700 0.002600
vt 0.600200 0.009200
vt 0.576700 0.000300
vt 0.601100 0.000300
vt 0.600500 0.002600
vt 0.653000 0.000300
vt 0.651100 0.002600
vt 0.626800 0.000300
vt 0.625700 0.002600
vt 0.650300 0.009200
vt 0.625300 0.009200
vt 0.675300 0.009200
vt 0.676300 0.002600
vt 0.700200 0.009200
vt 0.678900 0.000300
vt 0.704300 0.000300
vt 0.701300 0.002600
vt 0.728800 0.000300
vt 0.726200 0.002600
vt 0.725200 0.009200
s 1
f 1/1/1 3/2/2 4/3/3
f 2/4/4 6/5/5 3/2/2
f 4/3/3 7/6/6 8/7/7
f 3/2/2 9/8/8 7/6/6
f 11/9/9 13/10/10 10/11/11
f 12/12/12 15/13/13 13/10/10
f 10/11/11 6/5/5 5/14/14
f 13/10/10 9/8/8 6/5/5
f 17/15/15 19/16/16 16/17/17
f 20/18/18 18/19/19 17/15/15
f 18/19/19 14/20/20 19/16/16
f 21/21/21 15/13/13 18/19/19
f 22/22/22 24/23/23 25/24/24
f 25/24/24 8/7/7 7/6/6
f 20/18/18 25/24/24 21/21/21
f 21/21/21 7/6/6 9/8/8
f 11/9/9 27/25/25 12/12/12
f 26/26/26 29/27/27 27/25/25
f 12/12/12 30/28/28 14/20/20
f 27/25/25 31/29/29 30/28/28
f 33/30/30 35/31/31 32/32/32
f 34/33/33 37/34/34 35/31/31
f 32/32/32 29/27/27 28/35/35
f 35/31/31 31/29/29 29/27/27
f 39/36/36 41/37/37 38/38/38
f 42/39/39 40/40/40 39/36/36
f 40/40/40 36/41/41 41/37/37
f 43/42/42 37/34/34 40/40/40
f 44/43/43 19/16/16 45/44/44
f 45/44/44 14/20/20 30/28/28
f 42/39/39 45/44/44 43/42/42
f 43/42/42 30/28/28 31/29/29
f 33/30/30 47/45/45 34/33/33
f 46/46/46 49/47/47 47/45/45
f 34/33/33 50/48/48 36/41/41
f 47/45/45 51/49/49 50/48/48
f 53/50/50 55/51/51 52/52/52
f 54/53/53 57/54/54 55/51/51
f 52/52/52 49/47/47 48/55/55
f 55/51/51 51/49/49 49/47/47
f 59/56/56 61/57/57 58/58/58
f 62/59/59 60/60/60 59/56/56
f 60/60/60 56/61/61 61/57/57
f 63/62/62 57/54/54 60/60/60
f 64/63/63 41/37/37 65/64/64
f 65/64/64 36/41/41 50/48/48
f 62/59/59 65/64/64 63/62/62
f 63/62/62 50/48/48 51/49/49
f 53/65/50 67/66/65 54/67/53
f 66/68/66 69/69/67 67/66/65
f 54/67/53 70/70/68 56/71/61
f 67/66/65 71/72/69 70/70/68
f 73/73/70 75/74/71 72/75/72
f 74/76/73 77/77/74 75/74/71
f 72/75/72 69/69/67 68/78/75
f 75/74/71 71/72/69 69/69/67
f 79/79/76 81/80/77 78/81/78
f 82/82/79 80/83/80 79/79/76
f 80/83/80 76/84/81 81/80/77
f 83/85/82 77/77/74 80/83/80
f 84/86/83 61/87/57 85/88/84
f 85/88/84 56/71/61 70/70/68
f 82/82/79 85/88/84 83/85/82
f 83/85/82 70/70/68 71/72/69
f 73/73/70 87/89/85 74/76/73
f 86/90/86 89/91/87 87/89/85
f 74/76/73 90/92/88 76/84/81
f 87/89/85 91/93/89 90/92/88
f 93/94/90 95/95/91 92/96/92
f 94/97/93 97/98/94 95/95/91
f 92/96/92 89/91/87 88/99/95
f 95/95/91 91/93/89 89/91/87
f 99/100/96 101/101/97 98/102/98
f 102/103/99 100/104/100 99/100/96
f 100/104/100 96/105/101 101/101/97
f 103/106/102 97/98/94 100/104/100
f 104/107/103 81/80/77 105/108/104
f 105/108/104 76/84/81 90/92/88
f 102/103/99 105/108/104 103/106/102
f 103/106/102 90/92/88 91/93/89
f 93/94/90 107/109/105 94/97/93
f 106/110/106 109/111/107 107/109/105
f 94/97/93 110/112/108 96/105/101
f 107/109/105 111/113/109 110/112/108
f 113/114/110 115/115/111 112/116/112
f 114/117/113 117/118/114 115/115/111
f 112/116/112 109/111/107 108/119/115
f 115/115/111 111/113/109 109/111/107
f 119/120/116 121/121/117 118/122/118
f 122/123/119 120/124/120 119/120/116
f 120/124/120 116/125/121 121/121/117
f 123/126/122 117/118/114 120/124/120
f 124/127/123 101/101/97 125/128/124
f 125/128/124 96/105/101 110/112/108
f 122/123/119 125/128/124 123/126/122
f 123/126/122 110/112/108 111/113/109
f 113/114/110 127/129/125 114/117/113
f 126/130/126 129/131/127 127/129/125
f 114/117/113 130/132/128 116/125/121
f 127/129/125 131/133/129 130/132/128
f 133/134/130 135/135/131 132/136/132
f 134/137/133 137/138/134 135/135/131
f 132/136/132 129/131/127 128/139/135
f 135/135/131 131/133/129 129/131/127
f 139/140/136 141/141/137 138/142/138
f 142/143/139 140/144/140 139/140/136
f 140/144/140 136/145/141 141/141/137
f 143/146/142 137/138/134 140/144/140
f 144/147/143 121/121/117 145/148/144
f 145/148/144 116/125/121 130/132/128
f 142/143/139 145/148/144 143/146/142
f 143/146/142 130/132/128 131/133/129
f 133/134/130 147/149/145 134/137/133
f 146/150/146 149/151/147 147/149/145
f 134/137/133 150/152/148 136/145/141
f 147/149/145 151/153/149 150/152/148
f 153/154/150 155/155/151 152/156/152
f 154/157/153 157/158/154 155/155/151
f 152/156/152 149/151/147 148/159/155
f 155/155/151 151/153/149 149/151/147
f 159/160/156 161/161/157 158/162/158
f 162/163/159 160/164/160 159/160/156
f 160/164/160 156/165/161 161/161/157
f 163/166/162 157/158/154 160/164/160
f 164/167/163 141/141/137 165/168/164
f 165/168/164 136/145/141 150/152/148
f 162/163/159 165/168/164 163/166/162
f 163/166/162 150/152/148 151/153/149
f 153/154/150 167/169/165 154/157/153
f 166/170/166 169/171/167 167/169/165
f 154/157/153 170/172/168 156/165/161
f 167/169/165 171/173/169 170/172/168
f 173/174/170 175/175/171 172/176/172
f 174/177/173 177/178/174 175/175/171
f 172/176/172 169/171/167 168/179/175
f 175/175/171 171/173/169 169/171/167
f 179/180/176 181/181/177 178/182/178
f 182/183/179 180/184/180 179/180/176
f 180/184/180 176/185/181 181/181/177
f 183/186/182 177/178/174 180/184/180
f 184/187/183 161/161/157 185/188/184
f 185/188/184 156/165/161 170/172/168
f 182/183/179 185/188/184 183/186/182
f 183/186/182 170/172/168 171/173/169
f 173/174/170 187/189/185 174/177/173
f 186/190/186 189/191/187 187/189/185
f 174/177/173 190/192/188 176/185/181
f 187/189/185 191/193/189 190/192/188
f 1/1/1 193/194/190 192/195/191
f 4/3/3 194/196/192 193/194/190
f 192/195/191 189/191/187 188/197/193
f 193/194/190 191/193/189 189/191/187
f 195/198/194 24/23/23 23/199/195
f 197/200/196 196/201/197 195/198/194
f 196/201/197 8/7/7 24/23/23
f 198/202/198 194/196/192 196/201/197
f 199/203/199 181/181/177 200/204/200
f 200/204/200 176/185/181 190/192/188
f 197/200/196 200/204/200 198/202/198
f 198/202/198 190/192/188 191/193/189
f 16/17/17 202/205/201 17/15/15
f 201/206/202 204/207/203 202/205/201
f 17/15/15 205/208/204 20/18/18
f 202/205/201 206/209/205 205/208/204
f 207/210/206 209/211/207 210/212/208
f 210/212/208 211/213/209 212/214/210
f 203/215/211 210/212/208 204/207/203
f 204/207/203 212/214/210 206/209/205
f 214/216/212 216/217/213 213/218/214
f 217/219/215 215/220/216 214/216/212
f 215/220/216 211/213/209 216/217/213
f 218/221/217 212/214/210 215/220/216
f 23/199/195 220/222/218 219/223/219
f 22/22/22 205/208/204 220/222/218
f 219/223/219 218/221/217 217/219/215
f 220/222/218 206/209/205 218/221/217
f 38/38/38 222/224/220 39/36/36
f 221/225/221 224/226/222 222/224/220
f 39/36/36 225/227/223 42/39/39
f 222/224/220 226/228/224 225/227/223
f 227/229/225 229/230/226 230/231/227
f 230/231/227 231/232/228 232/233/229
f 223/234/230 230/231/227 224/226/222
f 224/226/222 232/233/229 226/228/224
f 207/210/206 234/235/231 208/236/232
f 203/215/211 233/237/233 207/210/206
f 233/237/233 231/232/228 234/235/231
f 235/238/234 232/233/229 233/237/233
f 16/17/17 236/239/235 201/206/202
f 44/43/43 225/227/223 236/239/235
f 201/206/202 235/238/234 203/215/211
f 236/239/235 226/228/224 235/238/234
f 58/58/58 238/240/236 59/56/56
f 237/241/237 240/242/238 238/240/236
f 59/56/56 241/243/239 62/59/59
f 238/240/236 242/244/240 241/243/239
f 243/245/241 245/246/242 246/247/243
f 246/247/243 247/248/244 248/249/245
f 239/250/246 246/247/243 240/242/238
f 240/242/238 248/249/245 242/244/240
f 227/229/225 250/251/247 228/252/248
f 223/234/230 249/253/249 227/229/225
f 249/253/249 247/248/244 250/251/247
f 251/254/250 248/249/245 249/253/249
f 38/38/38 252/255/251 221/225/221
f 64/63/63 241/243/239 252/255/251
f 221/225/221 251/254/250 223/234/230
f 252/255/251 242/244/240 251/254/250
f 78/81/78 254/256/252 79/79/76
f 253/257/253 256/258/254 254/256/252
f 79/79/76 257/259/255 82/82/79
f 254/256/252 258/260/256 257/259/255
f 259/261/257 261/262/258 262/263/259
f 262/263/259 263/264/260 264/265/261
f 255/266/262 262/263/259 256/258/254
f 256/258/254 264/265/261 258/260/256
f 243/267/241 266/268/263 244/269/264
f 239/270/246 265/271/265 243/267/241
f 265/271/265 263/264/260 266/268/263
f 267/272/266 264/265/261 265/271/265
f 58/273/58 268/274/267 237/275/237
f 84/86/83 257/259/255 268/274/267
f 237/275/237 267/272/266 239/270/246
f 268/274/267 258/260/256 267/272/266
f 98/102/98 270/276/268 99/100/96
f 269/277/269 272/278/270 270/276/268
f 99/100/96 273/279/271 102/103/99
f 270/276/268 274/280/272 273/279/271
f 275/281/273 277/282/274 278/283/275
f 278/283/275 279/284/276 280/285/277
f 271/286/278 278/283/275 272/278/270
f 272/278/270 280/285/277 274/280/272
f 259/261/257 282/287/279 260/288/280
f 255/266/262 281/289/281 259/261/257
f 281/289/281 279/284/276 282/287/279
f 283/290/282 280/285/277 281/289/281
f 78/81/78 284/291/283 253/257/253
f 104/107/103 273/279/271 284/291/283
f 253/257/253 283/290/282 255/266/262
f 284/291/283 274/280/272 283/290/282
f 118/122/118 286/292/284 119/120/116
f 285/293/285 288/294/286 286/292/284
f 119/120/116 289/295/287 122/123/119
f 286/292/284 290/296/288 289/295/287
f 291/297/289 293/298/290 294/299/291
f 294/299/291 295/300/292 296/301/293
f 287/302/294 294/299/291 288/294/286
f 288/294/286 296/301/293 290/296/288
f 275/281/273 298/303/295 276/304/296
f 271/286/278 297/305/297 275/281/273
f 297/305/297 295/300/292 298/303/295
f 299/306/298 296/301/293 297/305/297
f 98/102/98 300/307/299 269/277/269
f 124/127/123 289/295/287 300/307/299
f 269/277/269 299/306/298 271/286/278
f 300/307/299 290/296/288 299/306/298
f 138/142/138 302/308/300 139/140/136
f 301/309/301 304/310/302 302/308/300
f 139/140/136 305/311/303 142/143/139
f 302/308/300 306/312/304 305/311/303
f 307/313/305 309/314/306 310/315/307
f 310/315/307 311/316/308 312/317/309
f 303/318/310 310/315/307 304/310/302
f 304/310/302 312/317/309 306/312/304
f 291/297/289 314/319/311 292/320/312
f 287/302/294 313/321/313 291/297/289
f 313/321/313 311/316/308 314/319/311
f 315/322/314 312/317/309 313/321/313
f 118/122/118 316/323/315 285/293/285
f 144/147/143 305/311/303 316/323/315
f 285/293/285 315/322/314 287/302/294
f 316/323/315 306/312/304 315/322/314
f 158/162/158 318/324/316 159/160/156
f 317/325/317 320/326/318 318/324/316
f 159/160/156 321/327/319 162/163/159
f 318/324/316 322/328/320 321/327/319
f 323/329/321 325/330/322 326/331/323
f 326/331/323 327/332/324 328/333/325
f 319/334/326 326/331/323 320/326/318
f 320/326/318 328/333/325 322/328/320
f 307/313/305 330/335/327 308/336/328
f 303/318/310 329/337/329 307/313/305
f 329/337/329 327/332/324 330/335/327
f 331/338/330 328/333/325 329/337/329
f 138/142/138 332/339/331 301/309/301
f 164/167/163 321/327/319 332/339/331
f 301/309/301 331/338/330 303/318/310
f 332/339/331 322/328/320 331/338/330
f 178/182/178 334/340/332 179/180/176
f 333/341/333 336/342/334 334/340/332
f 179/180/176 337/343/335 182/183/179
f 334/340/332 338/344/336 337/343/335
f 339/345/337 341/346/338 342/347/339
f 342/347/339 343/348/340 344/349/341
f 335/350/342 342/347/339 336/342/334
f 336/342/334 344/349/341 338/344/336
f 323/329/321 346/351/343 324/352/344
f 319/334/326 345/353/345 323/329/321
f 345/353/345 343/348/340 346/351/343
f 347/354/346 344/349/341 345/353/345
f 158/162/158 348/355/347 317/325/317
f 184/187/183 337/343/335 348/355/347
f 317/325/317 347/354/346 319/334/326
f 348/355/347 338/344/336 347/354/346
f 23/199/195 349/356/348 195/198/194
f 219/223/219 350/357/349 349/356/348
f 195/198/194 351/358/350 197/200/196
f 349/356/348 352/359/351 351/358/350
f 214/216/212 353/360/352 354/361/353
f 354/361/353 355/362/354 356/363/355
f 217/219/215 354/361/353 350/357/349
f 350/357/349 356/363/355 352/359/351
f 339/345/337 358/364/356 340/365/357
f 335/350/342 357/366/358 339/345/337
f 357/366/358 355/362/354 358/364/356
f 359/367/359 356/363/355 357/366/358
f 178/182/178 360/368/360 333/341/333
f 199/203/199 351/358/350 360/368/360
f 333/341/333 359/367/359 335/350/342
f 360/368/360 352/359/351 359/367/359
f 208/236/232 362/369/361 209/211/207
f 361/370/362 364/371/363 362/369/361
f 209/211/207 365/372/364 211/213/209
f 362/369/361 366/373/365 365/372/364
f 368/374/366 370/375/367 367/376/368
f 369/377/369 372/378/370 370/375/367
f 367/376/368 364/371/363 363/379/371
f 370/375/367 366/373/365 364/371/363
f 373/380/372 375/381/373 376/382/374
f 374/383/375 378/384/376 375/381/373
f 376/382/374 372/378/370 371/385/377
f 375/381/373 366/373/365 372/378/370
f 213/218/214 380/386/378 379/387/379
f 216/217/213 365/372/364 380/386/378
f 379/387/379 378/384/376 377/388/380
f 380/386/378 366/373/365 378/384/376
f 228/252/248 382/389/381 229/230/226
f 381/390/382 384/391/383 382/389/381
f 229/230/226 385/392/384 231/232/228
f 382/389/381 386/393/385 385/392/384
f 388/394/386 390/395/387 387/396/388
f 389/397/389 392/398/390 390/395/387
f 387/396/388 384/391/383 383/399/391
f 390/395/387 386/393/385 384/391/383
f 368/374/366 393/400/392 394/401/393
f 367/376/368 395/402/394 393/400/392
f 394/401/393 392/398/390 391/403/395
f 393/400/392 386/393/385 392/398/390
f 208/236/232 396/404/396 361/370/362
f 234/235/231 385/392/384 396/404/396
f 361/370/362 395/402/394 363/379/371
f 396/404/396 386/393/385 395/402/394
f 244/405/264 398/406/397 245/246/242
f 397/407/398 400/408/399 398/406/397
f 245/246/242 401/409/400 247/248/244
f 398/406/397 402/410/401 401/409/400
f 404/411/402 406/412/403 403/413/404
f 405/414/405 408/415/406 406/412/403
f 403/413/404 400/408/399 399/416/407
f 406/412/403 402/410/401 400/408/399
f 388/394/386 409/417/408 410/418/409
f 387/396/388 411/419/410 409/417/408
f 410/418/409 408/415/406 407/420/411
f 409/417/408 402/410/401 408/415/406
f 228/252/248 412/421/412 381/390/382
f 250/251/247 401/409/400 412/421/412
f 381/390/382 411/419/410 383/399/391
f 412/421/412 402/410/401 411/419/410
f 260/288/280 414/422/413 261/262/258
f 413/423/414 416/424/415 414/422/413
f 261/262/258 417/425/416 263/264/260
f 414/422/413 418/426/417 417/425/416
f 420/427/418 422/428/419 419/429/420
f 421/430/421 424/431/422 422/428/419
f 419/429/420 416/424/415 415/432/423
f 422/428/419 418/426/417 416/424/415
f 404/433/402 425/434/424 426/435/425
f 403/436/404 427/437/426 425/434/424
f 426/435/425 424/431/422 423/438/427
f 425/434/424 418/426/417 424/431/422
f 244/269/264 428/439/428 397/440/398
f 266/268/263 417/425/416 428/439/428
f 397/440/398 427/437/426 399/441/407
f 428/439/428 418/426/417 427/437/426
f 276/304/296 430/442/429 277/282/274
f 429/443/430 432/444/431 430/442/429
f 277/282/274 433/445/432 279/284/276
f 430/442/429 434/446/433 433/445/432
f 436/447/434 438/448/435 435/449/436
f 437/450/437 440/451/438 438/448/435
f 435/449/436 432/444/431 431/452/439
f 438/448/435 434/446/433 432/444/431
f 420/427/418 441/453/440 442/454/441
f 419/429/420 443/455/442 441/453/440
f 442/454/441 440/451/438 439/456/443
f 441/453/440 434/446/433 440/451/438
f 260/288/280 444/457/444 413/423/414
f 282/287/279 433/445/432 444/457/444
f 413/423/414 443/455/442 415/432/423
f 444/457/444 434/446/433 443/455/442
f 292/320/312 446/458/445 293/298/290
f 445/459/446 448/460/447 446/458/445
f 293/298/290 449/461/448 295/300/292
f 446/458/445 450/462/449 449/461/448
f 452/463/450 454/464/451 451/465/452
f 453/466/453 456/467/454 454/464/451
f 451/465/452 448/460/447 447/468/455
f 454/464/451 450/462/449 448/460/447
f 436/447/434 457/469/456 458/470/457
f 435/449/436 459/471/458 457/469/456
f 458/470/457 456/467/454 455/472/459
f 457/469/456 450/462/449 456/467/454
f 276/304/296 460/473/460 429/443/430
f 298/303/295 449/461/448 460/473/460
f 429/443/430 459/471/458 431/452/439
f 460/473/460 450/462/449 459/471/458
f 308/336/328 462/474/461 309/314/306
f 461/475/462 464/476/463 462/474/461
f 309/314/306 465/477/464 311/316/308
f 462/474/461 466/478/465 465/477/464
f 468/479/466 470/480/467 467/481/468
f 469/482/469 472/483/470 470/480/467
f 467/481/468 464/476/463 463/484/471
f 470/480/467 466/478/465 464/476/463
f 452/463/450 473/485/472 474/486/473
f 451/465/452 475/487/474 473/485/472
f 474/486/473 472/483/470 471/488/475
f 473/485/472 466/478/465 472/483/470
f 292/320/312 476/489/476 445/459/446
f 314/319/311 465/477/464 476/489/476
f 445/459/446 475/487/474 447/468/455
f 476/489/476 466/478/465 475/487/474
f 324/352/344 478/490/477 325/330/322
f 477/491/478 480/492/479 478/490/477
f 325/330/322 481/493/480 327/332/324
f 478/490/477 482/494/481 481/493/480
f 484/495/482 486/496/483 483/497/484
f 485/498/485 488/499/486 486/496/483
f 483/497/484 480/492/479 479/500/487
f 486/496/483 482/494/481 480/492/479
f 468/479/466 489/501/488 490/502/489
f 467/481/468 491/503/490 489/501/488
f 490/502/489 488/499/486 487/504/491
f 489/501/488 482/494/481 488/499/486
f 308/336/328 492/505/492 461/475/462
f 330/335/327 481/493/480 492/505/492
f 461/475/462 491/503/490 463/484/471
f 492/505/492 482/494/481 491/503/490
f 340/365/357 494/506/493 341/346/338
f 493/507/494 496/508/495 494/506/493
f 341/346/338 497/509/496 343/348/340
f 494/506/493 498/510/497 497/509/496
f 500/511/498 502/512/499 499/513/500
f 501/514/501 504/515/502 502/512/499
f 499/513/500 496/508/495 495/516/503
f 502/512/499 498/510/497 496/508/495
f 484/495/482 505/517/504 506/518/505
f 483/497/484 507/519/506 505/517/504
f 506/518/505 504/515/502 503/520/507
f 505/517/504 498/510/497 504/515/502
f 324/352/344 508/521/508 477/491/478
f 346/351/343 497/509/496 508/521/508
f 477/491/478 507/519/506 479/500/487
f 508/521/508 498/510/497 507/519/506
f 213/218/214 509/522/509 353/360/352
f 379/387/379 510/523/510 509/522/509
f 353/360/352 511/524/511 355/362/354
f 509/522/509 512/525/512 511/524/511
f 373/380/372 514/526/513 374/383/375
f 513/527/514 516/528/515 514/526/513
f 374/383/375 510/523/510 377/388/380
f 514/526/513 512/525/512 510/523/510
f 500/511/498 517/529/516 518/530/517
f 499/513/500 519/531/518 517/529/516
f 518/530/517 516/528/515 515/532/519
f 517/529/516 512/525/512 516/528/515
f 340/365/357 520/533/520 493/507/494
f 358/364/356 511/524/511 520/533/520
f 493/507/494 519/531/518 495/516/503
f 520/533/520 512/525/512 519/531/518
f 521/534/521 369/377/369 368/374/366
f 523/535/522 522/536/523 521/534/521
f 522/536/523 371/385/377 369/377/369
f 524/537/524 525/538/525 522/536/523
f 528/539/526 530/540/527 527/541/528
f 529/542/529 532/543/530 530/540/527
f 527/541/528 524/537/524 523/535/522
f 530/540/527 526/544/531 524/537/524
f 533/545/532 535/546/533 536/547/534
f 534/548/535 538/549/536 535/546/533
f 536/547/534 532/543/530 531/550/537
f 535/546/533 526/544/531 532/543/530
f 539/551/538 376/382/374 540/552/539
f 540/552/539 371/385/377 525/538/525
f 537/553/540 540/552/539 538/549/536
f 538/549/536 525/538/525 526/544/531
f 541/554/541 389/397/389 388/394/386
f 543/555/542 542/556/543 541/554/541
f 542/556/543 391/403/395 389/397/389
f 544/557/544 545/558/545 542/556/543
f 548/559/546 550/560/547 547/561/548
f 549/562/549 552/563/550 550/560/547
f 547/561/548 544/557/544 543/555/542
f 550/560/547 546/564/551 544/557/544
f 528/539/526 553/565/552 554/566/553
f 527/541/528 555/567/554 553/565/552
f 554/566/553 552/563/550 551/568/555
f 553/565/552 546/564/551 552/563/550
f 521/534/521 394/401/393 556/569/556
f 556/569/556 391/403/395 545/558/545
f 523/535/522 556/569/556 555/567/554
f 555/567/554 545/558/545 546/564/551
f 557/570/557 405/414/405 404/411/402
f 559/571/558 558/572/559 557/570/557
f 558/572/559 407/420/411 405/414/405
f 560/573/560 561/574/561 558/572/559
f 564/575/562 566/576/563 563/577/564
f 565/578/565 568/579/566 566/576/563
f 563/577/564 560/573/560 559/571/558
f 566/576/563 562/580/567 560/573/560
f 548/559/546 569/581/568 570/582/569
f 547/561/548 571/583/570 569/581/568
f 570/582/569 568/579/566 567/584/571
f 569/581/568 562/580/567 568/579/566
f 541/554/541 410/418/409 572/585/572
f 572/585/572 407/420/411 561/574/561
f 543/555/542 572/585/572 571/583/570
f 571/583/570 561/574/561 562/580/567
f 573/586/573 421/430/421 420/427/418
f 575/587/574 574/588/575 573/586/573
f 574/588/575 423/438/427 421/430/421
f 576/589/576 577/590/577 574/588/575
f 580/591/578 582/592/579 579/593/580
f 581/594/581 584/595/582 582/592/579
f 579/593/580 576/589/576 575/587/574
f 582/592/579 578/596/583 576/589/576
f 564/597/562 585/598/584 586/599/585
f 563/600/564 587/601/586 585/598/584
f 586/599/585 584/595/582 583/602/587
f 585/598/584 578/596/583 584/595/582
f 557/603/557 426/435/425 588/604/588
f 588/604/588 423/438/427 577/590/577
f 559/605/558 588/604/588 587/601/586
f 587/601/586 577/590/577 578/596/583
f 589/606/589 437/450/437 436/447/434
f 591/607/590 590/608/591 589/606/589
f 590/608/591 439/456/443 437/450/437
f 592/609/592 593/610/593 590/608/591
f 596/611/594 598/612/595 595/613/596
f 597/614/597 600/615/598 598/612/595
f 595/613/596 592/609/592 591/607/590
f 598/612/595 594/616/599 592/609/592
f 580/591/578 601/617/600 602/618/601
f 579/593/580 603/619/602 601/617/600
f 602/618/601 600/615/598 599/620/603
f 601/617/600 594/616/599 600/615/598
f 573/586/573 442/454/441 604/621/604
f 604/621/604 439/456/443 593/610/593
f 575/587/574 604/621/604 603/619/602
f 603/619/602 593/610/593 594/616/599
f 605/622/605 453/466/453 452/463/450
f 607/623/606 606/624/607 605/622/605
f 606/624/607 455/472/459 453/466/453
f 608/625/608 609/626/609 606/624/607
f 612/627/610 614/628/611 611/629/612
f 613/630/613 616/631/614 614/628/611
f 611/629/612 608/625/608 607/623/606
f 614/628/611 610/632/615 608/625/608
f 596/611/594 617/633/616 618/634/617
f 595/613/596 619/635/618 617/633/616
f 618/634/617 616/631/614 615/636/619
f 617/633/616 610/632/615 616/631/614
f 589/606/589 458/470/457 620/637/620
f 620/637/620 455/472/459 609/626/609
f 591/607/590 620/637/620 619/635/618
f 619/635/618 609/626/609 610/632/615
f 621/638/621 469/482/469 468/479/466
f 623/639/622 622/640/623 621/638/621
f 622/640/623 471/488/475 469/482/469
f 624/641/624 625/642/625 622/640/623
f 628/643/626 630/644/627 627/645/628
f 629/646/629 632/647/630 630/644/627
f 627/645/628 624/641/624 623/639/622
f 630/644/627 626/648/631 624/641/624
f 612/627/610 633/649/632 634/650/633
f 611/629/612 635/651/634 633/649/632
f 634/650/633 632/647/630 631/652/635
f 633/649/632 626/648/631 632/647/630
f 605/622/605 474/486/473 636/653/636
f 636/653/636 471/488/475 625/642/625
f 607/623/606 636/653/636 635/651/634
f 635/651/634 625/642/625 626/648/631
f 637/654/637 485/498/485 484/495/482
f 639/655/638 638/656/639 637/654/637
f 638/656/639 487/504/491 485/498/485
f 640/657/640 641/658/641 638/656/639
f 644/659/642 646/660/643 643/661/644
f 645/662/645 648/663/646 646/660/643
f 643/661/644 640/657/640 639/655/638
f 646/660/643 642/664/647 640/657/640
f 628/643/626 649/665/648 650/666/649
f 627/645/628 651/667/650 649/665/648
f 650/666/649 648/663/646 647/668/651
f 649/665/648 642/664/647 648/663/646
f 621/638/621 490/502/489 652/669/652
f 652/669/652 487/504/491 641/658/641
f 623/639/622 652/669/652 651/667/650
f 651/667/650 641/658/641 642/664/647
f 653/670/653 501/514/501 500/511/498
f 655/671/654 654/672/655 653/670/653
f 654/672/655 503/520/507 501/514/501
f 656/673/656 657/674/657 654/672/655
f 660/675/658 662/676/659 659/677/660
f 661/678/661 664/679/662 662/676/659
f 659/677/660 656/673/656 655/671/654
f 662/676/659 658/680/663 656/673/656
f 644/659/642 665/681/664 666/682/665
f 643/661/644 667/683/666 665/681/664
f 666/682/665 664/679/662 663/684/667
f 665/681/664 658/680/663 664/679/662
f 637/654/637 506/518/505 668/685/668
f 668/685/668 503/520/507 657/674/657
f 639/655/638 668/685/668 667/683/666
f 667/683/666 657/674/657 658/680/663
f 539/551/538 513/527/514 373/380/372
f 537/553/540 669/686/669 539/551/538
f 669/686/669 515/532/519 513/527/514
f 670/687/670 671/688/671 669/686/669
f 533/545/532 674/689/672 534/548/535
f 673/690/673 676/691/674 674/689/672
f 534/548/535 670/687/670 537/553/540
f 674/689/672 672/692/675 670/687/670
f 660/675/658 677/693/676 678/694/677
f 659/677/660 679/695/678 677/693/676
f 678/694/677 676/691/674 675/696/679
f 677/693/676 672/692/675 676/691/674
f 653/670/653 518/530/517 680/697/680
f 680/697/680 515/532/519 671/688/671
f 655/671/654 680/697/680 679/695/678
f 679/695/678 671/688/671 672/692/675
f 682/698/681 684/699/682 681/700/683
f 685/701/684 683/702/685 682/698/681
f 683/702/685 688/703/686 684/699/682
f 686/704/687 687/705/688 683/702/685
f 691/706/689 693/707/690 690/708/691
f 692/709/692 695/710/693 693/707/690
f 690/708/691 686/704/687 685/701/684
f 693/707/690 689/711/694 686/704/687
f 696/712/695 698/713/696 699/714/697
f 697/715/698 701/716/699 698/713/696
f 699/714/697 695/710/693 694/717/700
f 698/713/696 689/711/694 695/710/693
f 702/718/701 704/719/702 705/720/703
f 705/720/703 688/703/686 687/705/688
f 700/721/704 705/720/703 701/716/699
f 701/716/699 687/705/688 689/711/694
f 707/722/705 709/723/706 706/724/707
f 710/725/708 708/726/709 707/722/705
f 708/726/709 713/727/710 709/723/706
f 711/728/711 712/729/712 708/726/709
f 716/730/713 718/731/714 715/732/715
f 717/733/716 720/734/717 718/731/714
f 715/732/715 711/728/711 710/725/708
f 718/731/714 714/735/718 711/728/711
f 691/706/689 721/736/719 722/737/720
f 690/708/691 723/738/721 721/736/719
f 722/737/720 720/734/717 719/739/722
f 721/736/719 714/735/718 720/734/717
f 682/698/681 724/740/723 725/741/724
f 725/741/724 713/727/710 712/729/712
f 685/701/684 725/741/724 723/738/721
f 723/738/721 712/729/712 714/735/718
f 727/742/725 729/743/726 726/744/727
f 730/745/728 728/746/729 727/742/725
f 728/746/729 733/747/730 729/743/726
f 731/748/731 732/749/732 728/746/729
f 736/750/733 738/751/734 735/752/735
f 737/753/736 740/754/737 738/751/734
f 735/752/735 731/748/731 730/745/728
f 738/751/734 734/755/738 731/748/731
f 716/730/713 741/756/739 742/757/740
f 715/732/715 743/758/741 741/756/739
f 742/757/740 740/754/737 739/759/742
f 741/756/739 734/755/738 740/754/737
f 707/722/705 744/760/743 745/761/744
f 745/761/744 733/747/730 732/749/732
f 710/725/708 745/761/744 743/758/741
f 743/758/741 732/749/732 734/755/738
f 747/762/745 749/763/746 746/764/747
f 750/765/748 748/766/749 747/762/745
f 748/766/749 753/767/750 749/763/746
f 751/768/751 752/769/752 748/766/749
f 756/770/753 758/771/754 755/772/755
f 757/773/756 760/774/757 758/771/754
f 755/772/755 751/768/751 750/765/748
f 758/771/754 754/775/758 751/768/751
f 736/776/733 761/777/759 762/778/760
f 735/779/735 763/780/761 761/777/759
f 762/778/760 760/774/757 759/781/762
f 761/777/759 754/775/758 760/774/757
f 727/782/725 764/783/763 765/784/764
f 765/784/764 753/767/750 752/769/752
f 730/785/728 765/784/764 763/780/761
f 763/780/761 752/769/752 754/775/758
f 767/786/765 769/787/766 766/788/767
f 770/789/768 768/790/769 767/786/765
f 768/790/769 773/791/770 769/787/766
f 771/792/771 772/793/772 768/790/769
f 776/794/773 778/795/774 775/796/775
f 777/797/776 780/798/777 778/795/774
f 775/796/775 771/792/771 770/789/768
f 778/795/774 774/799/778 771/792/771
f 756/770/753 781/800/779 782/801/780
f 755/772/755 783/802/781 781/800/779
f 782/801/780 780/798/777 779/803/782
f 781/800/779 774/799/778 780/798/777
f 747/762/745 784/804/783 785/805/784
f 785/805/784 773/791/770 772/793/772
f 750/765/748 785/805/784 783/802/781
f 783/802/781 772/793/772 774/799/778
f 787/806/785 789/807/786 786/808/787
f 790/809/788 788/810/789 787/806/785
f 788/810/789 793/811/790 789/807/786
f 791/812/791 792/813/792 788/810/789
f 796/814/793 798/815/794 795/816/795
f 797/817/796 800/818/797 798/815/794
f 795/816/795 791/812/791 790/809/788
f 798/815/794 794/819/798 791/812/791
f 776/794/773 801/820/799 802/821/800
f 775/796/775 803/822/801 801/820/799
f 802/821/800 800/818/797 799/823/802
f 801/820/799 794/819/798 800/818/797
f 767/786/765 804/824/803 805/825/804
f 805/825/804 793/811/790 792/813/792
f 770/789/768 805/825/804 803/822/801
f 803/822/801 792/813/792 794/819/798
f 807/826/805 809/827/806 806/828/807
f 810/829/808 808/830/809 807/826/805
f 808/830/809 813/831/810 809/827/806
f 811/832/811 812/833/812 808/830/809
f 816/834/813 818/835/814 815/836/815
f 817/837/816 820/838/817 818/835/814
f 815/836/815 811/832/811 810/829/808
f 818/835/814 814/839/818 811/832/811
f 796/814/793 821/840/819 822/841/820
f 795/816/795 823/842/821 821/840/819
f 822/841/820 820/838/817 819/843/822
f 821/840/819 814/839/818 820/838/817
f 787/806/785 824/844/823 825/845/824
f 825/845/824 813/831/810 812/833/812
f 790/809/788 825/845/824 823/842/821
f 823/842/821 812/833/812 814/839/818
f 827/846/825 829/847/826 826/848/827
f 830/849/828 828/850/829 827/846/825
f 828/850/829 833/851/830 829/847/826
f 831/852/831 832/853/832 828/850/829
f 836/854/833 838/855/834 835/856/835
f 837/857/836 840/858/837 838/855/834
f 835/856/835 831/852/831 830/849/828
f 838/855/834 834/859/838 831/852/831
f 816/834/813 841/860/839 842/861/840
f 815/836/815 843/862/841 841/860/839
f 842/861/840 840/858/837 839/863/842
f 841/860/839 834/859/838 840/858/837
f 807/826/805 844/864/843 845/865/844
f 845/865/844 833/851/830 832/853/832
f 810/829/808 845/865/844 843/862/841
f 843/862/841 832/853/832 834/859/838
f 847/866/845 849/867/846 846/868/847
f 850/869/848 848/870/849 847/866/845
f 848/870/849 853/871/850 849/867/846
f 851/872/851 852/873/852 848/870/849
f 856/874/853 858/875/854 855/876/855
f 857/877/856 860/878/857 858/875/854
f 855/876/855 851/872/851 850/869/848
f 858/875/854 854/879/858 851/872/851
f 836/854/833 861/880/859 862/881/860
f 835/856/835 863/882/861 861/880/859
f 862/881/860 860/878/857 859/883/862
f 861/880/859 854/879/858 860/878/857
f 827/846/825 864/884/863 865/885/864
f 865/885/864 853/871/850 852/873/852
f 830/849/828 865/885/864 863/882/861
f 863/882/861 852/873/852 854/879/858
f 702/718/701 867/886/865 703/887/866
f 700/721/704 866/888/867 702/718/701
f 866/888/867 870/889/868 867/886/865
f 868/890/869 869/891/870 866/888/867
f 696/712/695 873/892/871 697/715/698
f 872/893/872 875/894/873 873/892/871
f 697/715/698 868/890/869 700/721/704
f 873/892/871 871/895/874 868/890/869
f 856/874/853 876/896/875 877/897/876
f 855/876/855 878/898/877 876/896/875
f 877/897/876 875/894/873 874/899/878
f 876/896/875 871/895/874 875/894/873
f 847/866/845 879/900/879 880/901/880
f 880/901/880 870/889/868 869/891/870
f 850/869/848 880/901/880 878/898/877
f 878/898/877 869/891/870 871/895/874
f 881/902/881 883/903/882 884/904/883
f 882/905/884 886/906/885 883/903/882
f 884/904/883 887/907/886 888/908/887
f 883/903/882 889/909/888 887/907/886
f 890/910/889 892/911/890 893/912/891
f 893/912/891 894/913/892 895/914/893
f 885/915/894 893/912/891 886/906/885
f 886/906/885 895/914/893 889/909/888
f 897/916/895 899/917/896 896/918/897
f 900/919/898 898/920/899 897/916/895
f 898/920/899 894/913/892 899/917/896
f 901/921/900 895/914/893 898/920/899
f 903/922/901 905/923/902 902/924/903
f 904/925/904 887/907/886 905/923/902
f 902/924/903 901/921/900 900/919/898
f 905/923/902 889/909/888 901/921/900
f 906/926/905 908/927/906 909/928/907
f 907/929/908 911/930/909 908/927/906
f 909/928/907 912/931/910 913/932/911
f 908/927/906 914/933/912 912/931/910
f 915/934/913 917/935/914 918/936/915
f 918/936/915 919/937/916 920/938/917
f 910/939/918 918/936/915 911/930/909
f 911/930/909 920/938/917 914/933/912
f 890/910/889 922/940/919 891/941/920
f 885/915/894 921/942/921 890/910/889
f 921/942/921 919/937/916 922/940/919
f 923/943/922 920/938/917 921/942/921
f 881/902/881 925/944/923 882/905/884
f 924/945/924 912/931/910 925/944/923
f 882/905/884 923/943/922 885/915/894
f 925/944/923 914/933/912 923/943/922
f 926/946/925 928/947/926 929/948/927
f 927/949/928 931/950/929 928/947/926
f 929/948/927 932/951/930 933/952/931
f 928/947/926 934/953/932 932/951/930
f 935/954/933 937/955/934 938/956/935
f 938/956/935 939/957/936 940/958/937
f 930/959/938 938/956/935 931/950/929
f 931/950/929 940/958/937 934/953/932
f 915/934/913 942/960/939 916/961/940
f 910/939/918 941/962/941 915/934/913
f 941/962/941 939/957/936 942/960/939
f 943/963/942 940/958/937 941/962/941
f 906/926/905 945/964/943 907/929/908
f 944/965/944 932/951/930 945/964/943
f 907/929/908 943/963/942 910/939/918
f 945/964/943 934/953/932 943/963/942
f 946/966/945 948/967/946 949/968/947
f 947/969/948 951/970/949 948/967/946
f 949/968/947 952/971/950 953/972/951
f 948/967/946 954/973/952 952/971/950
f 955/974/953 957/975/954 958/976/955
f 958/976/955 959/977/956 960/978/957
f 950/979/958 958/976/955 951/970/949
f 951/970/949 960/978/957 954/973/952
f 935/980/933 962/981/959 936/982/960
f 930/983/938 961/984/961 935/980/933
f 961/984/961 959/977/956 962/981/959
f 963/985/962 960/978/957 961/984/961
f 926/986/925 965/987/963 927/988/928
f 964/989/964 952/971/950 965/987/963
f 927/988/928 963/985/962 930/983/938
f 965/987/963 954/973/952 963/985/962
f 966/990/965 968/991/966 969/992/967
f 967/993/968 971/994/969 968/991/966
f 969/992/967 972/995/970 973/996/971
f 968/991/966 974/997/972 972/995/970
f 975/998/973 977/999/974 978/1000/975
f 978/1000/975 979/1001/976 980/1002/977
f 970/1003/978 978/1000/975 971/994/969
f 971/994/969 980/1002/977 974/997/972
f 955/974/953 982/1004/979 956/1005/980
f 950/979/958 981/1006/981 955/974/953
f 981/1006/981 979/1001/976 982/1004/979
f 983/1007/982 980/1002/977 981/1006/981
f 946/966/945 985/1008/983 947/969/948
f 984/1009/984 972/995/970 985/1008/983
f 947/969/948 983/1007/982 950/979/958
f 985/1008/983 974/997/972 983/1007/982
f 986/1010/985 988/1011/986 989/1012/987
f 987/1013/988 991/1014/989 988/1011/986
f 989/1012/987 992/1015/990 993/1016/991
f 988/1011/986 994/1017/992 992/1015/990
f 995/1018/993 997/1019/994 998/1020/995
f 998/1020/995 999/1021/996 1000/1022/997
f 990/1023/998 998/1020/995 991/1014/989
f 991/1014/989 1000/1022/997 994/1017/992
f 975/998/973 1002/1024/999 976/1025/1000
f 970/1003/978 1001/1026/1001 975/998/973
f 1001/1026/1001 999/1021/996 1002/1024/999
f 1003/1027/1002 1000/1022/997 1001/1026/1001
f 966/990/965 1005/1028/1003 967/993/968
f 1004/1029/1004 992/1015/990 1005/1028/1003
f 967/993/968 1003/1027/1002 970/1003/978
f 1005/1028/1003 994/1017/992 1003/1027/1002
f 1006/1030/1005 1008/1031/1006 1009/1032/1007
f 1007/1033/1008 1011/1034/1009 1008/1031/1006
f 1009/1032/1007 1012/1035/1010 1013/1036/1011
f 1008/1031/1006 1014/1037/1012 1012/1035/1010
f 1015/1038/1013 1017/1039/1014 1018/1040/1015
f 1018/1040/1015 1019/1041/1016 1020/1042/1017
f 1010/1043/1018 1018/1040/1015 1011/1034/1009
f 1011/1034/1009 1020/1042/1017 1014/1037/1012
f 995/1018/993 1022/1044/1019 996/1045/1020
f 990/1023/998 1021/1046/1021 995/1018/993
f 1021/1046/1021 1019/1041/1016 1022/1044/1019
f 1023/1047/1022 1020/1042/1017 1021/1046/1021
f 986/1010/985 1025/1048/1023 987/1013/988
f 1024/1049/1024 1012/1035/1010 1025/1048/1023
f 987/1013/988 1023/1047/1022 990/1023/998
f 1025/1048/1023 1014/1037/1012 1023/1047/1022
f 1026/1050/1025 1028/1051/1026 1029/1052/1027
f 1027/1053/1028 1031/1054/1029 1028/1051/1026
f 1029/1052/1027 1032/1055/1030 1033/1056/1031
f 1028/1051/1026 1034/1057/1032 1032/1055/1030
f 1035/1058/1033 1037/1059/1034 1038/1060/1035
f 1038/1060/1035 1039/1061/1036 1040/1062/1037
f 1030/1063/1038 1038/1060/1035 1031/1054/1029
f 1031/1054/1029 1040/1062/1037 1034/1057/1032
f 1015/1038/1013 1042/1064/1039 1016/1065/1040
f 1010/1043/1018 1041/1066/1041 1015/1038/1013
f 1041/1066/1041 1039/1061/1036 1042/1064/1039
f 1043/1067/1042 1040/1062/1037 1041/1066/1041
f 1006/1030/1005 1045/1068/1043 1007/1033/1008
f 1044/1069/1044 1032/1055/1030 1045/1068/1043
f 1007/1033/1008 1043/1067/1042 1010/1043/1018
f 1045/1068/1043 1034/1057/1032 1043/1067/1042
f 1046/1070/1045 1048/1071/1046 1049/1072/1047
f 1047/1073/1048 1051/1074/1049 1048/1071/1046
f 1049/1072/1047 1052/1075/1050 1053/1076/1051
f 1048/1071/1046 1054/1077/1052 1052/1075/1050
f 1055/1078/1053 1057/1079/1054 1058/1080/1055
f 1058/1080/1055 1059/1081/1056 1060/1082/1057
f 1050/1083/1058 1058/1080/1055 1051/1074/1049
f 1051/1074/1049 1060/1082/1057 1054/1077/1052
f 1035/1058/1033 1062/1084/1059 1036/1085/1060
f 1030/1063/1038 1061/1086/1061 1035/1058/1033
f 1061/1086/1061 1059/1081/1056 1062/1084/1059
f 1063/1087/1062 1060/1082/1057 1061/1086/1061
f 1026/1050/1025 1065/1088/1063 1027/1053/1028
f 1064/1089/1064 1052/1075/1050 1065/1088/1063
f 1027/1053/1028 1063/1087/1062 1030/1063/1038
f 1065/1088/1063 1054/1077/1052 1063/1087/1062
f 903/922/901 1066/1090/1065 1067/1091/1066
f 902/924/903 1068/1092/1067 1066/1090/1065
f 1067/1091/1066 1069/1093/1068 1070/1094/1069
f 1066/1090/1065 1071/1095/1070 1069/1093/1068
f 897/916/895 1072/1096/1071 1073/1097/1072
f 1073/1097/1072 1074/1098/1073 1075/1099/1074
f 900/919/898 1073/1097/1072 1068/1092/1067
f 1068/1092/1067 1075/1099/1074 1071/1095/1070
f 1055/1078/1053 1077/1100/1075 1056/1101/1076
f 1050/1083/1058 1076/1102/1077 1055/1078/1053
f 1076/1102/1077 1074/1098/1073 1077/1100/1075
f 1078/1103/1078 1075/1099/1074 1076/1102/1077
f 1046/1070/1045 1080/1104/1079 1047/1073/1048
f 1079/1105/1080 1069/1093/1068 1080/1104/1079
f 1047/1073/1048 1078/1103/1078 1050/1083/1058
f 1080/1104/1079 1071/1095/1070 1078/1103/1078
f 1081/1106/1081 529/542/529 528/539/526
f 1083/1107/1082 1082/1108/1083 1081/1106/1081
f 1082/1108/1083 531/550/537 529/542/529
f 1084/1109/1084 1085/1110/1085 1082/1108/1083
f 681/700/683 1088/1111/1086 1087/1112/1087
f 684/699/682 1089/1113/1088 1088/1111/1086
f 1087/1112/1087 1084/1109/1084 1083/1107/1082
f 1088/1111/1086 1086/1114/1089 1084/1109/1084
f 703/887/866 1091/1115/1090 704/719/702
f 1090/1116/1091 1093/1117/1092 1091/1115/1090
f 704/719/702 1089/1113/1088 688/703/686
f 1091/1115/1090 1086/1114/1089 1089/1113/1088
f 1094/1118/1093 536/547/534 1095/1119/1094
f 1095/1119/1094 531/550/537 1085/1110/1085
f 1092/1120/1095 1095/1119/1094 1093/1117/1092
f 1093/1117/1092 1085/1110/1085 1086/1114/1089
f 1096/1121/1096 549/562/549 548/559/546
f 1098/1122/1097 1097/1123/1098 1096/1121/1096
f 1097/1123/1098 551/568/555 549/562/549
f 1099/1124/1099 1100/1125/1100 1097/1123/1098
f 706/724/707 1103/1126/1101 1102/1127/1102
f 709/723/706 1104/1128/1103 1103/1126/1101
f 1102/1127/1102 1099/1124/1099 1098/1122/1097
f 1103/1126/1101 1101/1129/1104 1099/1124/1099
f 681/700/683 1105/1130/1105 724/740/723
f 1087/1112/1087 1106/1131/1106 1105/1130/1105
f 724/740/723 1104/1128/1103 713/727/710
f 1105/1130/1105 1101/1129/1104 1104/1128/1103
f 1081/1106/1081 554/566/553 1107/1132/1107
f 1107/1132/1107 551/568/555 1100/1125/1100
f 1083/1107/1082 1107/1132/1107 1106/1131/1106
f 1106/1131/1106 1100/1125/1100 1101/1129/1104
f 1108/1133/1108 565/578/565 564/575/562
f 1110/1134/1109 1109/1135/1110 1108/1133/1108
f 1109/1135/1110 567/584/571 565/578/565
f 1111/1136/1111 1112/1137/1112 1109/1135/1110
f 726/744/727 1115/1138/1113 1114/1139/1114
f 729/743/726 1116/1140/1115 1115/1138/1113
f 1114/1139/1114 1111/1136/1111 1110/1134/1109
f 1115/1138/1113 1113/1141/1116 1111/1136/1111
f 706/724/707 1117/1142/1117 744/760/743
f 1102/1127/1102 1118/1143/1118 1117/1142/1117
f 744/760/743 1116/1140/1115 733/747/730
f 1117/1142/1117 1113/1141/1116 1116/1140/1115
f 1096/1121/1096 570/582/569 1119/1144/1119
f 1119/1144/1119 567/584/571 1112/1137/1112
f 1098/1122/1097 1119/1144/1119 1118/1143/1118
f 1118/1143/1118 1112/1137/1112 1113/1141/1116
f 1120/1145/1120 581/594/581 580/591/578
f 1122/1146/1121 1121/1147/1122 1120/1145/1120
f 1121/1147/1122 583/602/587 581/594/581
f 1123/1148/1123 1124/1149/1124 1121/1147/1122
f 746/764/747 1127/1150/1125 1126/1151/1126
f 749/763/746 1128/1152/1127 1127/1150/1125
f 1126/1151/1126 1123/1148/1123 1122/1146/1121
f 1127/1150/1125 1125/1153/1128 1123/1148/1123
f 726/1154/727 1129/1155/1129 764/783/763
f 1114/1156/1114 1130/1157/1130 1129/1155/1129
f 764/783/763 1128/1152/1127 753/767/750
f 1129/1155/1129 1125/1153/1128 1128/1152/1127
f 1108/1158/1108 586/599/585 1131/1159/1131
f 1131/1159/1131 583/602/587 1124/1149/1124
f 1110/1160/1109 1131/1159/1131 1130/1157/1130
f 1130/1157/1130 1124/1149/1124 1125/1153/1128
f 1132/1161/1132 597/614/597 596/611/594
f 1134/1162/1133 1133/1163/1134 1132/1161/1132
f 1133/1163/1134 599/620/603 597/614/597
f 1135/1164/1135 1136/1165/1136 1133/1163/1134
f 766/788/767 1139/1166/1137 1138/1167/1138
f 769/787/766 1140/1168/1139 1139/1166/1137
f 1138/1167/1138 1135/1164/1135 1134/1162/1133
f 1139/1166/1137 1137/1169/1140 1135/1164/1135
f 746/764/747 1141/1170/1141 784/804/783
f 1126/1151/1126 1142/1171/1142 1141/1170/1141
f 784/804/783 1140/1168/1139 773/791/770
f 1141/1170/1141 1137/1169/1140 1140/1168/1139
f 1120/1145/1120 602/618/601 1143/1172/1143
f 1143/1172/1143 599/620/603 1136/1165/1136
f 1122/1146/1121 1143/1172/1143 1142/1171/1142
f 1142/1171/1142 1136/1165/1136 1137/1169/1140
f 1144/1173/1144 613/630/613 612/627/610
f 1146/1174/1145 1145/1175/1146 1144/1173/1144
f 1145/1175/1146 615/636/619 613/630/613
f 1147/1176/1147 1148/1177/1148 1145/1175/1146
f 786/808/787 1151/1178/1149 1150/1179/1150
f 789/807/786 1152/1180/1151 1151/1178/1149
f 1150/1179/1150 1147/1176/1147 1146/1174/1145
f 1151/1178/1149 1149/1181/1152 1147/1176/1147
f 766/788/767 1153/1182/1153 804/824/803
f 1138/1167/1138 1154/1183/1154 1153/1182/1153
f 804/824/803 1152/1180/1151 793/811/790
f 1153/1182/1153 1149/1181/1152 1152/1180/1151
f 1132/1161/1132 618/634/617 1155/1184/1155
f 1155/1184/1155 615/636/619 1148/1177/1148
f 1134/1162/1133 1155/1184/1155 1154/1183/1154
f 1154/1183/1154 1148/1177/1148 1149/1181/1152
f 1156/1185/1156 629/646/629 628/643/626
f 1158/1186/1157 1157/1187/1158 1156/1185/1156
f 1157/1187/1158 631/652/635 629/646/629
f 1159/1188/1159 1160/1189/1160 1157/1187/1158
f 806/828/807 1163/1190/1161 1162/1191/1162
f 809/827/806 1164/1192/1163 1163/1190/1161
f 1162/1191/1162 1159/1188/1159 1158/1186/1157
f 1163/1190/1161 1161/1193/1164 1159/1188/1159
f 786/808/787 1165/1194/1165 824/844/823
f 1150/1179/1150 1166/1195/1166 1165/1194/1165
f 824/844/823 1164/1192/1163 813/831/810
f 1165/1194/1165 1161/1193/1164 1164/1192/1163
f 1144/1173/1144 634/650/633 1167/1196/1167
f 1167/1196/1167 631/652/635 1160/1189/1160
f 1146/1174/1145 1167/1196/1167 1166/1195/1166
f 1166/1195/1166 1160/1189/1160 1161/1193/1164
f 1168/1197/1168 645/662/645 644/659/642
f 1170/1198/1169 1169/1199/1170 1168/1197/1168
f 1169/1199/1170 647/668/651 645/662/645
f 1171/1200/1171 1172/1201/1172 1169/1199/1170
f 826/848/827 1175/1202/1173 1174/1203/1174
f 829/847/826 1176/1204/1175 1175/1202/1173
f 1174/1203/1174 1171/1200/1171 1170/1198/1169
f 1175/1202/1173 1173/1205/1176 1171/1200/1171
f 806/828/807 1177/1206/1177 844/864/843
f 1162/1191/1162 1178/1207/1178 1177/1206/1177
f 844/864/843 1176/1204/1175 833/851/830
f 1177/1206/1177 1173/1205/1176 1176/1204/1175
f 1156/1185/1156 650/666/649 1179/1208/1179
f 1179/1208/1179 647/668/651 1172/1201/1172
f 1158/1186/1157 1179/1208/1179 1178/1207/1178
f 1178/1207/1178 1172/1201/1172 1173/1205/1176
f 1180/1209/1180 661/678/661 660/675/658
f 1182/1210/1181 1181/1211/1182 1180/1209/1180
f 1181/1211/1182 663/684/667 661/678/661
f 1183/1212/1183 1184/1213/1184 1181/1211/1182
f 846/868/847 1187/1214/1185 1186/1215/1186
f 849/867/846 1188/1216/1187 1187/1214/1185
f 1186/1215/1186 1183/1212/1183 1182/1210/1181
f 1187/1214/1185 1185/1217/1188 1183/1212/1183
f 826/848/827 1189/1218/1189 864/884/863
f 1174/1203/1174 1190/1219/1190 1189/1218/1189
f 864/884/863 1188/1216/1187 853/871/850
f 1189/1218/1189 1185/1217/1188 1188/1216/1187
f 1168/1197/1168 666/682/665 1191/1220/1191
f 1191/1220/1191 663/684/667 1184/1213/1184
f 1170/1198/1169 1191/1220/1191 1190/1219/1190
f 1190/1219/1190 1184/1213/1184 1185/1217/1188
f 1094/1118/1093 673/690/673 533/545/532
f 1092/1120/1095 1192/1221/1192 1094/1118/1093
f 1192/1221/1192 675/696/679 673/690/673
f 1193/1222/1193 1194/1223/1194 1192/1221/1192
f 703/887/866 1196/1224/1195 1090/1116/1091
f 867/886/865 1197/1225/1196 1196/1224/1195
f 1090/1116/1091 1193/1222/1193 1092/1120/1095
f 1196/1224/1195 1195/1226/1197 1193/1222/1193
f 846/868/847 1198/1227/1198 879/900/879
f 1186/1215/1186 1199/1228/1199 1198/1227/1198
f 879/900/879 1197/1225/1196 870/889/868
f 1198/1227/1198 1195/1226/1197 1197/1225/1196
f 1180/1209/1180 678/694/677 1200/1229/1200
f 1200/1229/1200 675/696/679 1194/1223/1194
f 1182/1210/1181 1200/1229/1200 1199/1228/1199
f 1199/1228/1199 1194/1223/1194 1195/1226/1197
f 1201/1230/1201 692/709/692 691/706/689
f 1203/1231/1202 1202/1232/1203 1201/1230/1201
f 1202/1232/1203 694/717/700 692/709/692
f 1204/1233/1204 1205/1234/1205 1202/1232/1203
f 881/902/881 1208/1235/1206 1207/1236/1207
f 884/904/883 1209/1237/1208 1208/1235/1206
f 1207/1236/1207 1204/1233/1204 1203/1231/1202
f 1208/1235/1206 1206/1238/1209 1204/1233/1204
f 903/922/901 1211/1239/1210 904/925/904
f 1210/1240/1211 1213/1241/1212 1211/1239/1210
f 904/925/904 1209/1237/1208 888/908/887
f 1211/1239/1210 1206/1238/1209 1209/1237/1208
f 1214/1242/1213 699/714/697 1215/1243/1214
f 1215/1243/1214 694/717/700 1205/1234/1205
f 1212/1244/1215 1215/1243/1214 1213/1241/1212
f 1213/1241/1212 1205/1234/1205 1206/1238/1209
f 1216/1245/1216 717/733/716 716/730/713
f 1218/1246/1217 1217/1247/1218 1216/1245/1216
f 1217/1247/1218 719/739/722 717/733/716
f 1219/1248/1219 1220/1249/1220 1217/1247/1218
f 1222/1250/1221 909/928/907 1223/1251/1222
f 909/928/907 1224/1252/1223 1223/1251/1222
f 1222/1250/1221 1219/1248/1219 1218/1246/1217
f 1223/1251/1222 1221/1253/1224 1219/1248/1219
f 1207/1236/1207 924/945/924 881/902/881
f 1207/1236/1207 1226/1254/1225 1225/1255/1226
f 1225/1255/1226 913/932/911 924/945/924
f 1225/1255/1226 1221/1253/1224 1224/1252/1223
f 1201/1230/1201 722/737/720 1227/1256/1227
f 1227/1256/1227 719/739/722 1220/1249/1220
f 1203/1231/1202 1227/1256/1227 1226/1254/1225
f 1226/1254/1225 1220/1249/1220 1221/1253/1224
f 1228/1257/1228 737/753/736 736/750/733
f 1230/1258/1229 1229/1259/1230 1228/1257/1228
f 1229/1259/1230 739/759/742 737/753/736
f 1231/1260/1231 1232/1261/1232 1229/1259/1230
f 926/946/925 1235/1262/1233 1234/1263/1234
f 929/948/927 1236/1264/1235 1235/1262/1233
f 1234/1263/1234 1231/1260/1231 1230/1258/1229
f 1235/1262/1233 1233/1265/1236 1231/1260/1231
f 906/926/905 1237/1266/1237 944/965/944
f 1222/1250/1221 1238/1267/1238 1237/1266/1237
f 944/965/944 1236/1264/1235 933/952/931
f 1237/1266/1237 1233/1265/1236 1236/1264/1235
f 1216/1245/1216 742/757/740 1239/1268/1239
f 1239/1268/1239 739/759/742 1232/1261/1232
f 1218/1246/1217 1239/1268/1239 1238/1267/1238
f 1238/1267/1238 1232/1261/1232 1233/1265/1236
f 1240/1269/1240 757/773/756 756/770/753
f 1242/1270/1241 1241/1271/1242 1240/1269/1240
f 1241/1271/1242 759/781/762 757/773/756
f 1243/1272/1243 1244/1273/1244 1241/1271/1242
f 1246/1274/1245 949/968/947 1247/1275/1246
f 1247/1275/1246 953/972/951 1248/1276/1247
f 1246/1274/1245 1243/1272/1243 1242/1270/1241
f 1247/1275/1246 1245/1277/1248 1243/1272/1243
f 1234/1278/1234 964/989/964 926/986/925
f 1234/1278/1234 1250/1279/1249 1249/1280/1250
f 964/989/964 1248/1276/1247 953/972/951
f 1249/1280/1250 1245/1277/1248 1248/1276/1247
f 1228/1281/1228 762/778/760 1251/1282/1251
f 1251/1282/1251 759/781/762 1244/1273/1244
f 1230/1283/1229 1251/1282/1251 1250/1279/1249
f 1250/1279/1249 1244/1273/1244 1245/1277/1248
f 1252/1284/1252 777/797/776 776/794/773
f 1254/1285/1253 1253/1286/1254 1252/1284/1252
f 1253/1286/1254 779/803/782 777/797/776
f 1255/1287/1255 1256/1288/1256 1253/1286/1254
f 966/990/965 1259/1289/1257 1258/1290/1258
f 969/992/967 1260/1291/1259 1259/1289/1257
f 1258/1290/1258 1255/1287/1255 1254/1285/1253
f 1259/1289/1257 1257/1292/1260 1255/1287/1255
f 946/966/945 1261/1293/1261 984/1009/984
f 1246/1274/1245 1262/1294/1262 1261/1293/1261
f 984/1009/984 1260/1291/1259 973/996/971
f 1261/1293/1261 1257/1292/1260 1260/1291/1259
f 1240/1269/1240 782/801/780 1263/1295/1263
f 1263/1295/1263 779/803/782 1256/1288/1256
f 1242/1270/1241 1263/1295/1263 1262/1294/1262
f 1262/1294/1262 1256/1288/1256 1257/1292/1260
f 1264/1296/1264 797/817/796 796/814/793
f 1266/1297/1265 1265/1298/1266 1264/1296/1264
f 1265/1298/1266 799/823/802 797/817/796
f 1267/1299/1267 1268/1300/1268 1265/1298/1266
f 986/1010/985 1271/1301/1269 1270/1302/1270
f 989/1012/987 1272/1303/1271 1271/1301/1269
f 1270/1302/1270 1267/1299/1267 1266/1297/1265
f 1271/1301/1269 1269/1304/1272 1267/1299/1267
f 966/990/965 1273/1305/1273 1004/1029/1004
f 1258/1290/1258 1274/1306/1274 1273/1305/1273
f 1004/1029/1004 1272/1303/1271 993/1016/991
f 1273/1305/1273 1269/1304/1272 1272/1303/1271
f 1252/1284/1252 802/821/800 1275/1307/1275
f 1275/1307/1275 799/823/802 1268/1300/1268
f 1254/1285/1253 1275/1307/1275 1274/1306/1274
f 1274/1306/1274 1268/1300/1268 1269/1304/1272
f 1276/1308/1276 817/837/816 816/834/813
f 1278/1309/1277 1277/1310/1278 1276/1308/1276
f 1277/1310/1278 819/843/822 817/837/816
f 1279/1311/1279 1280/1312/1280 1277/1310/1278
f 1282/1313/1281 1009/1032/1007 1283/1314/1282
f 1009/1032/1007 1284/1315/1283 1283/1314/1282
f 1282/1313/1281 1279/1311/1279 1278/1309/1277
f 1283/1314/1282 1281/1316/1284 1279/1311/1279
f 1270/1302/1270 1024/1049/1024 986/1010/985
f 1270/1302/1270 1286/1317/1285 1285/1318/1286
f 1285/1318/1286 1013/1036/1011 1024/1049/1024
f 1285/1318/1286 1281/1316/1284 1284/1315/1283
f 1264/1296/1264 822/841/820 1287/1319/1287
f 1287/1319/1287 819/843/822 1280/1312/1280
f 1266/1297/1265 1287/1319/1287 1286/1317/1285
f 1286/1317/1285 1280/1312/1280 1281/1316/1284
f 1288/1320/1288 837/857/836 836/854/833
f 1290/1321/1289 1289/1322/1290 1288/1320/1288
f 1289/1322/1290 839/863/842 837/857/836
f 1291/1323/1291 1292/1324/1292 1289/1322/1290
f 1026/1050/1025 1295/1325/1293 1294/1326/1294
f 1029/1052/1027 1296/1327/1295 1295/1325/1293
f 1294/1326/1294 1291/1323/1291 1290/1321/1289
f 1295/1325/1293 1293/1328/1296 1291/1323/1291
f 1006/1030/1005 1297/1329/1297 1044/1069/1044
f 1282/1313/1281 1298/1330/1298 1297/1329/1297
f 1044/1069/1044 1296/1327/1295 1033/1056/1031
f 1297/1329/1297 1293/1328/1296 1296/1327/1295
f 1276/1308/1276 842/861/840 1299/1331/1299
f 1299/1331/1299 839/863/842 1292/1324/1292
f 1278/1309/1277 1299/1331/1299 1298/1330/1298
f 1298/1330/1298 1292/1324/1292 1293/1328/1296
f 1300/1332/1300 857/877/856 856/874/853
f 1302/1333/1301 1301/1334/1302 1300/1332/1300
f 1301/1334/1302 859/883/862 857/877/856
f 1303/1335/1303 1304/1336/1304 1301/1334/1302
f 1306/1337/1305 1049/1072/1047 1307/1338/1306
f 1307/1338/1306 1053/1076/1051 1308/1339/1307
f 1306/1337/1305 1303/1335/1303 1302/1333/1301
f 1307/1338/1306 1305/1340/1308 1303/1335/1303
f 1294/1326/1294 1064/1089/1064 1026/1050/1025
f 1294/1326/1294 1310/1341/1309 1309/1342/1310
f 1064/1089/1064 1308/1339/1307 1053/1076/1051
f 1309/1342/1310 1305/1340/1308 1308/1339/1307
f 1288/1320/1288 862/881/860 1311/1343/1311
f 1311/1343/1311 859/883/862 1304/1336/1304
f 1290/1321/1289 1311/1343/1311 1310/1341/1309
f 1310/1341/1309 1304/1336/1304 1305/1340/1308
f 1214/1242/1213 872/893/872 696/712/695
f 1212/1244/1215 1312/1344/1312 1214/1242/1213
f 1312/1344/1312 874/899/878 872/893/872
f 1313/1345/1313 1314/1346/1314 1312/1344/1312
f 903/922/901 1316/1347/1315 1210/1240/1211
f 1067/1091/1066 1317/1348/1316 1316/1347/1315
f 1210/1240/1211 1313/1345/1313 1212/1244/1215
f 1316/1347/1315 1315/1349/1317 1313/1345/1313
f 1046/1070/1045 1318/1350/1318 1079/1105/1080
f 1306/1337/1305 1319/1351/1319 1318/1350/1318
f 1079/1105/1080 1317/1348/1316 1070/1094/1069
f 1318/1350/1318 1315/1349/1317 1317/1348/1316
f 1300/1332/1300 877/897/876 1320/1352/1320
f 1320/1352/1320 874/899/878 1314/1346/1314
f 1302/1333/1301 1320/1352/1320 1319/1351/1319
f 1319/1351/1319 1314/1346/1314 1315/1349/1317
f 1321/1353/1321 1323/1354/1322 1324/1355/1323
f 1322/1356/1324 1326/1357/1325 1323/1354/1322
f 1324/1355/1323 1327/1358/1326 1328/1359/1327
f 1323/1354/1322 1329/1360/1328 1327/1358/1326
f 1331/1361/1329 1333/1362/1330 1330/1363/1331
f 1332/1364/1332 1335/1365/1333 1333/1362/1330
f 1330/1363/1331 1326/1357/1325 1325/1366/1334
f 1333/1362/1330 1329/1360/1328 1326/1357/1325
f 1337/1367/1335 1339/1368/1336 1336/1369/1337
f 1328/1359/1327 1338/1370/1338 1337/1367/1335
f 1338/1370/1338 1334/1371/1339 1339/1368/1336
f 1327/1358/1326 1335/1365/1333 1338/1370/1338
f 1341/1372/1340 1343/1373/1341 1340/1374/1342
f 1344/1375/1343 1342/1376/1344 1341/1372/1340
f 1342/1376/1344 1347/1377/1345 1343/1373/1341
f 1345/1378/1346 1346/1379/1345 1342/1376/1344
f 1349/1380/1347 1351/1381/1348 1352/1382/1349
f 1352/1382/1349 1353/1383/1350 1354/1384/1351
f 1344/1375/1343 1352/1382/1349 1345/1378/1346
f 1345/1378/1346 1354/1384/1351 1348/1385/1351
f 1355/1383/1352 1357/1384/1353 1358/1383/1354
f 1356/1384/1355 1360/1385/1356 1357/1384/1353
f 1358/1383/1354 1354/1384/1351 1353/1383/1350
f 1357/1384/1353 1348/1385/1351 1354/1384/1351
f 1362/1377/1357 1364/1379/1358 1361/1379/1359
f 1363/1377/1360 1346/1379/1345 1364/1379/1358
f 1361/1379/1359 1360/1385/1356 1359/1385/1361
f 1364/1379/1358 1348/1385/1351 1360/1385/1356
f 1365/1386/1362 1367/1387/1363 1368/1388/1364
f 1366/1389/1365 1370/1390/1366 1367/1387/1363
f 1368/1388/1364 1371/1391/1367 1372/1392/1368
f 1367/1387/1363 1373/1393/1369 1371/1391/1367
f 1321/1353/1321 1375/1394/1370 1374/1395/1371
f 1324/1396/1323 1376/1397/1372 1375/1394/1370
f 1374/1395/1371 1370/1390/1366 1369/1398/1373
f 1375/1394/1370 1373/1393/1369 1370/1390/1366
f 1377/1399/1374 1337/1400/1335 1336/1401/1337
f 1372/1392/1368 1378/1402/1375 1377/1399/1374
f 1378/1402/1375 1328/1403/1327 1337/1400/1335
f 1371/1391/1367 1376/1397/1372 1378/1402/1375
f 1379/1404/1376 1351/1381/1348 1350/1405/1377
f 1381/1406/1378 1380/1407/1379 1379/1404/1376
f 1380/1407/1379 1353/1383/1350 1351/1381/1348
f 1382/1408/1380 1383/1409/1350 1380/1407/1379
f 1385/1410/1381 1387/1411/1382 1388/1412/1383
f 1388/1412/1383 1389/1413/1384 1390/1414/1384
f 1381/1406/1378 1388/1412/1383 1382/1408/1380
f 1382/1408/1380 1390/1414/1384 1384/1415/1385
f 1391/1413/1386 1393/1414/1387 1394/1413/1388
f 1392/1414/1389 1396/1415/1390 1393/1414/1387
f 1394/1413/1388 1390/1414/1384 1389/1413/1384
f 1393/1414/1387 1384/1415/1385 1390/1414/1384
f 1355/1383/1352 1398/1409/1391 1397/1409/1392
f 1358/1383/1354 1383/1409/1350 1398/1409/1391
f 1397/1409/1392 1396/1415/1390 1395/1415/1393
f 1398/1409/1391 1384/1415/1385 1396/1415/1390
f 1399/1416/1394 1401/1417/1395 1402/1418/1396
f 1400/1419/1397 1404/1420/1398 1401/1417/1395
f 1402/1418/1396 1405/1421/1399 1406/1422/1400
f 1401/1417/1395 1407/1423/1401 1405/1421/1399
f 1365/1386/1362 1409/1424/1402 1408/1425/1403
f 1368/1388/1364 1410/1426/1367 1409/1424/1402
f 1408/1425/1403 1404/1420/1398 1403/1427/1404
f 1409/1424/1402 1407/1423/1401 1404/1420/1398
f 1411/1428/1405 1377/1399/1374 1336/1401/1337
f 1406/1422/1400 1412/1429/1406 1411/1428/1405
f 1412/1429/1406 1372/1392/1368 1377/1399/1374
f 1405/1421/1399 1410/1426/1367 1412/1429/1406
f 1413/1430/1407 1387/1411/1382 1386/1431/1408
f 1415/1432/1409 1414/1433/1410 1413/1430/1407
f 1414/1433/1410 1389/1413/1384 1387/1411/1382
f 1416/1434/1411 1417/1435/1412 1414/1433/1410
f 1419/1436/1413 1421/1437/1414 1422/1438/1415
f 1422/1438/1415 1423/1437/1416 1424/1438/1412
f 1415/1432/1409 1422/1438/1415 1416/1434/1411
f 1416/1434/1411 1424/1438/1412 1418/1439/1412
f 1425/1437/1417 1427/1438/1418 1428/1437/1419
f 1426/1438/1420 1430/1439/1421 1427/1438/1418
f 1428/1437/1419 1424/1438/1412 1423/1437/1416
f 1427/1438/1418 1418/1439/1412 1424/1438/1412
f 1391/1413/1386 1432/1435/1422 1431/1435/1423
f 1394/1413/1388 1417/1435/1412 1432/1435/1422
f 1431/1435/1423 1430/1439/1421 1429/1439/1424
f 1432/1435/1422 1418/1439/1412 1430/1439/1421
f 1433/1440/1425 1435/1441/1426 1436/1442/1427
f 1434/1443/1428 1438/1444/1429 1435/1441/1426
f 1436/1442/1427 1439/1445/1430 1440/1446/1431
f 1435/1441/1426 1441/1447/1432 1439/1445/1430
f 1399/1448/1394 1443/1449/1433 1442/1450/1434
f 1402/1451/1396 1444/1452/1399 1443/1449/1433
f 1442/1450/1434 1438/1444/1429 1437/1453/1435
f 1443/1449/1433 1441/1447/1432 1438/1444/1429
f 1445/1454/1436 1411/1455/1405 1336/1456/1337
f 1440/1446/1431 1446/1457/1437 1445/1454/1436
f 1446/1457/1437 1406/1458/1400 1411/1455/1405
f 1439/1445/1430 1444/1452/1399 1446/1457/1437
f 1447/1459/1438 1421/1460/1414 1420/1460/1439
f 1449/1461/1440 1448/1462/1441 1447/1459/1438
f 1448/1462/1441 1423/1460/1416 1421/1460/1414
f 1450/1463/1442 1451/1462/1416 1448/1462/1441
f 1453/1464/1443 1455/1465/1444 1456/1466/1445
f 1456/1466/1445 1457/1467/1446 1458/1468/1446
f 1449/1461/1440 1456/1466/1445 1450/1463/1442
f 1450/1463/1442 1458/1468/1446 1452/1469/1447
f 1459/1467/1448 1461/1468/1449 1462/1467/1450
f 1460/1468/1451 1464/1469/1452 1461/1468/1449
f 1462/1467/1450 1458/1468/1446 1457/1467/1446
f 1461/1468/1449 1452/1469/1447 1458/1468/1446
f 1425/1460/1417 1466/1462/1453 1465/1462/1454
f 1428/1460/1419 1451/1462/1416 1466/1462/1453
f 1465/1462/1454 1464/1469/1452 1463/1469/1455
f 1466/1462/1453 1452/1469/1447 1464/1469/1452
f 1467/1470/1456 1469/1471/1457 1470/1470/1458
f 1468/1472/1459 1472/1473/1460 1469/1471/1457
f 1470/1470/1458 1473/1474/1461 1474/1456/1462
f 1469/1471/1457 1475/1475/1463 1473/1474/1461
f 1433/1440/1425 1477/1476/1464 1476/1477/1465
f 1436/1442/1427 1478/1478/1466 1477/1476/1464
f 1476/1477/1465 1472/1473/1460 1471/1479/1467
f 1477/1476/1464 1475/1475/1463 1472/1473/1460
f 1479/1456/1468 1445/1454/1436 1336/1456/1337
f 1474/1456/1462 1480/1480/1469 1479/1456/1468
f 1480/1480/1469 1440/1446/1431 1445/1454/1436
f 1473/1474/1461 1478/1478/1466 1480/1480/1469
f 1481/1481/1470 1455/1465/1444 1454/1482/1471
f 1483/1483/1472 1482/1484/1473 1481/1481/1470
f 1482/1484/1473 1457/1467/1446 1455/1465/1444
f 1484/1485/1474 1485/1486/1475 1482/1484/1473
f 1487/1487/1476 1489/1488/1477 1490/1489/1478
f 1490/1489/1478 1491/1490/1479 1492/1491/1479
f 1483/1483/1472 1490/1489/1478 1484/1485/1474
f 1484/1485/1474 1492/1491/1479 1486/1492/1475
f 1493/1490/1480 1495/1491/1481 1496/1490/1482
f 1494/1491/1483 1498/1492/1484 1495/1491/1481
f 1496/1490/1482 1492/1491/1479 1491/1490/1479
f 1495/1491/1481 1486/1492/1475 1492/1491/1479
f 1459/1467/1448 1500/1486/1485 1499/1486/1486
f 1462/1467/1450 1485/1486/1475 1500/1486/1485
f 1499/1486/1486 1498/1492/1484 1497/1492/1487
f 1500/1486/1485 1486/1492/1475 1498/1492/1484
f 1501/1493/1488 1503/1494/1489 1504/1495/1490
f 1502/1496/1491 1506/1497/1492 1503/1494/1489
f 1504/1495/1490 1507/1498/1493 1508/1499/1494
f 1503/1494/1489 1509/1500/1495 1507/1498/1493
f 1467/1470/1456 1511/1501/1496 1510/1502/1497
f 1470/1470/1458 1512/1503/1461 1511/1501/1496
f 1510/1502/1497 1506/1497/1492 1505/1504/1498
f 1511/1501/1496 1509/1500/1495 1506/1497/1492
f 1513/1505/1499 1479/1456/1468 1336/1456/1337
f 1508/1499/1494 1514/1506/1500 1513/1505/1499
f 1514/1506/1500 1474/1456/1462 1479/1456/1468
f 1507/1498/1493 1512/1503/1461 1514/1506/1500
f 1515/1507/1501 1489/1488/1477 1488/1508/1502
f 1517/1509/1503 1516/1510/1504 1515/1507/1501
f 1516/1510/1504 1491/1490/1479 1489/1488/1477
f 1518/1511/1505 1519/1512/1479 1516/1510/1504
f 1521/1513/1506 1523/1514/1507 1524/1515/1508
f 1524/1515/1508 1525/1516/1509 1526/1517/1510
f 1517/1509/1503 1524/1515/1508 1518/1511/1505
f 1518/1511/1505 1526/1517/1510 1520/1518/1510
f 1527/1516/1511 1529/1517/1512 1530/1516/1513
f 1528/1517/1514 1532/1518/1515 1529/1517/1512
f 1530/1516/1513 1526/1517/1510 1525/1516/1509
f 1529/1517/1512 1520/1518/1510 1526/1517/1510
f 1493/1490/1480 1534/1512/1516 1533/1512/1517
f 1496/1490/1482 1519/1512/1479 1534/1512/1516
f 1533/1512/1517 1532/1518/1515 1531/1518/1518
f 1534/1512/1516 1520/1518/1510 1532/1518/1515
f 1535/1519/1519 1537/1520/1520 1538/1521/1521
f 1536/1522/1522 1540/1523/1523 1537/1520/1520
f 1538/1521/1521 1541/1524/1524 1542/1525/1525
f 1537/1520/1520 1543/1526/1526 1541/1524/1524
f 1501/1493/1488 1545/1527/1527 1544/1528/1528
f 1504/1495/1490 1546/1529/1529 1545/1527/1527
f 1544/1528/1528 1540/1523/1523 1539/1530/1530
f 1545/1527/1527 1543/1526/1526 1540/1523/1523
f 1547/1531/1531 1513/1505/1499 1336/1456/1337
f 1542/1525/1525 1548/1532/1532 1547/1531/1531
f 1548/1532/1532 1508/1499/1494 1513/1505/1499
f 1541/1524/1524 1546/1529/1529 1548/1532/1532
f 1549/1533/1533 1523/1514/1507 1522/1534/1534
f 1551/1535/1535 1550/1536/1536 1549/1533/1533
f 1550/1536/1536 1525/1516/1509 1523/1514/1507
f 1552/1537/1537 1553/1538/1509 1550/1536/1536
f 1555/1539/1538 1557/1540/1539 1558/1541/1540
f 1558/1541/1540 1559/1542/1541 1560/1543/1541
f 1551/1535/1535 1558/1541/1540 1552/1537/1537
f 1552/1537/1537 1560/1543/1541 1554/1544/1542
f 1561/1542/1543 1563/1543/1544 1564/1542/1545
f 1562/1543/1546 1566/1544/1547 1563/1543/1544
f 1564/1542/1545 1560/1543/1541 1559/1542/1541
f 1563/1543/1544 1554/1544/1542 1560/1543/1541
f 1527/1516/1511 1568/1538/1548 1567/1538/1549
f 1530/1516/1513 1553/1538/1509 1568/1538/1548
f 1567/1538/1549 1566/1544/1547 1565/1544/1550
f 1568/1538/1548 1554/1544/1542 1566/1544/1547
f 1569/1545/1551 1571/1546/1552 1572/1547/1553
f 1570/1548/1554 1574/1549/1555 1571/1546/1552
f 1572/1547/1553 1575/1550/1556 1576/1551/1557
f 1571/1546/1552 1577/1552/1558 1575/1550/1556
f 1535/1519/1519 1579/1553/1559 1578/1554/1560
f 1538/1555/1521 1580/1556/1524 1579/1553/1559
f 1578/1554/1560 1574/1549/1555 1573/1557/1561
f 1579/1553/1559 1577/1552/1558 1574/1549/1555
f 1581/1558/1562 1547/1559/1531 1336/1560/1337
f 1576/1551/1557 1582/1561/1563 1581/1558/1562
f 1582/1561/1563 1542/1562/1525 1547/1559/1531
f 1575/1550/1556 1580/1556/1524 1582/1561/1563
f 1583/1563/1564 1557/1540/1539 1556/1564/1565
f 1585/1565/1566 1584/1566/1567 1583/1563/1564
f 1584/1566/1567 1559/1542/1541 1557/1540/1539
f 1586/1567/1568 1587/1568/1569 1584/1566/1567
f 1589/1569/1570 1591/1570/1571 1592/1571/1572
f 1592/1571/1572 1593/1572/1573 1594/1573/1569
f 1585/1565/1566 1592/1571/1572 1586/1567/1568
f 1586/1567/1568 1594/1573/1569 1588/1574/1569
f 1595/1572/1574 1597/1573/1575 1598/1572/1576
f 1596/1573/1577 1600/1574/1578 1597/1573/1575
f 1598/1572/1576 1594/1573/1569 1593/1572/1573
f 1597/1573/1575 1588/1574/1569 1594/1573/1569
f 1561/1542/1543 1602/1568/1579 1601/1568/1580
f 1564/1542/1545 1587/1568/1569 1602/1568/1579
f 1601/1568/1580 1600/1574/1578 1599/1574/1581
f 1602/1568/1579 1588/1574/1569 1600/1574/1578
f 1603/1575/1582 1605/1576/1583 1606/1577/1584
f 1604/1578/1585 1608/1579/1586 1605/1576/1583
f 1606/1577/1584 1609/1580/1587 1610/1581/1588
f 1605/1576/1583 1611/1582/1589 1609/1580/1587
f 1569/1545/1551 1613/1583/1590 1612/1584/1591
f 1572/1547/1553 1614/1585/1556 1613/1583/1590
f 1612/1584/1591 1608/1579/1586 1607/1586/1592
f 1613/1583/1590 1611/1582/1589 1608/1579/1586
f 1615/1587/1593 1581/1558/1562 1336/1560/1337
f 1610/1581/1588 1616/1588/1594 1615/1587/1593
f 1616/1588/1594 1576/1551/1557 1581/1558/1562
f 1609/1580/1587 1614/1585/1556 1616/1588/1594
f 1617/1589/1595 1591/1570/1571 1590/1590/1596
f 1619/1591/1597 1618/1592/1598 1617/1589/1595
f 1618/1592/1598 1593/1572/1573 1591/1570/1571
f 1620/1593/1599 1621/1594/1573 1618/1592/1598
f 1623/1595/1600 1625/1596/1601 1626/1597/1602
f 1626/1597/1602 1627/1598/1603 1628/1599/1603
f 1619/1591/1597 1626/1597/1602 1620/1593/1599
f 1620/1593/1599 1628/1599/1603 1622/1600/1604
f 1629/1598/1605 1631/1599/1606 1632/1598/1607
f 1630/1599/1608 1634/1600/1609 1631/1599/1606
f 1632/1598/1607 1628/1599/1603 1627/1598/1603
f 1631/1599/1606 1622/1600/1604 1628/1599/1603
f 1595/1572/1574 1636/1594/1610 1635/1594/1611
f 1598/1572/1576 1621/1594/1573 1636/1594/1610
f 1635/1594/1611 1634/1600/1609 1633/1600/1612
f 1636/1594/1610 1622/1600/1604 1634/1600/1609
f 1331/1361/1329 1638/1601/1613 1332/1364/1332
f 1637/1602/1614 1640/1603/1615 1638/1601/1613
f 1332/1364/1332 1641/1604/1333 1334/1371/1339
f 1638/1601/1613 1642/1605/1616 1641/1604/1333
f 1603/1575/1582 1644/1606/1617 1643/1607/1618
f 1606/1608/1584 1645/1609/1619 1644/1606/1617
f 1643/1607/1618 1640/1603/1615 1639/1610/1620
f 1644/1606/1617 1642/1605/1616 1640/1603/1615
f 1339/1368/1336 1615/1611/1593 1336/1369/1337
f 1334/1371/1339 1646/1612/1621 1339/1368/1336
f 1646/1612/1621 1610/1613/1588 1615/1611/1593
f 1641/1604/1333 1645/1609/1619 1646/1612/1621
f 1647/1614/1622 1625/1596/1601 1624/1615/1623
f 1649/1616/1624 1648/1617/1625 1647/1614/1622
f 1648/1617/1625 1627/1598/1603 1625/1596/1601
f 1650/1618/1626 1651/1619/1627 1648/1617/1625
f 1653/1620/1628 1343/1373/1341 1654/1621/1629
f 1654/1621/1629 1347/1377/1345 1655/1622/1345
f 1649/1616/1624 1654/1621/1629 1650/1618/1626
f 1650/1618/1626 1655/1622/1345 1652/1623/1627
f 1362/1377/1357 1657/1622/1630 1363/1377/1360
f 1656/1622/1631 1659/1623/1632 1657/1622/1630
f 1363/1377/1360 1655/1622/1345 1347/1377/1345
f 1657/1622/1630 1652/1623/1627 1655/1622/1345
f 1629/1598/1605 1661/1619/1633 1660/1619/1634
f 1632/1598/1607 1651/1619/1627 1661/1619/1633
f 1660/1619/1634 1659/1623/1632 1658/1623/1635
f 1661/1619/1633 1652/1623/1627 1659/1623/1632
f 1663/1379/1636 1665/1377/1637 1662/1377/1638
f 1666/1385/1639 1664/1379/1640 1663/1379/1636
f 1665/1377/1637 1668/1379/1641 1669/1377/1642
f 1664/1379/1640 1670/1385/1643 1668/1379/1641
f 1671/1384/1644 1673/1383/1645 1674/1384/1646
f 1673/1383/1645 1676/1624/1647 1674/1384/1646
f 1666/1385/1639 1674/1384/1646 1667/1385/1648
f 1667/1385/1648 1676/1624/1647 1670/1385/1643
f 1678/1625/1649 1680/1626/1650 1677/1627/1651
f 1681/1628/1652 1679/1629/1646 1678/1625/1649
f 1680/1626/1650 1676/1624/1647 1675/1630/1653
f 1682/1631/1654 1676/1624/1647 1679/1629/1646
f 1684/1632/1638 1686/1633/1655 1683/1634/1656
f 1686/1633/1655 1669/1377/1642 1668/1379/1641
f 1683/1634/1656 1682/1631/1654 1681/1628/1652
f 1686/1633/1655 1670/1385/1643 1682/1631/1654
f 1687/1409/1657 1673/1383/1645 1672/1383/1651
f 1689/1415/1658 1688/1409/1659 1687/1409/1657
f 1688/1409/1659 1675/1630/1653 1673/1383/1645
f 1688/1409/1659 1692/1635/1660 1691/1636/1661
f 1693/1414/1662 1695/1413/1663 1696/1414/1664
f 1695/1413/1663 1698/1637/1665 1696/1414/1664
f 1693/1414/1662 1690/1415/1666 1689/1415/1658
f 1690/1415/1666 1698/1637/1665 1692/1635/1660
f 1699/1638/1667 1701/1639/1668 1702/1640/1669
f 1703/1641/1670 1701/1639/1668 1700/1642/1671
f 1701/1639/1668 1697/1643/1672 1702/1640/1669
f 1704/1644/1673 1698/1637/1665 1701/1639/1668
f 1677/1627/1651 1706/1645/1659 1705/1646/1674
f 1706/1645/1659 1675/1630/1653 1691/1636/1661
f 1705/1646/1674 1704/1644/1673 1703/1641/1670
f 1704/1644/1673 1691/1636/1661 1692/1635/1660
f 1707/1435/1675 1695/1413/1663 1694/1413/1676
f 1709/1439/1677 1708/1435/1678 1707/1435/1675
f 1695/1413/1663 1711/1647/1679 1697/1643/1672
f 1708/1435/1678 1712/1648/1680 1711/1647/1679
f 1713/1438/1681 1715/1437/1682 1716/1438/1683
f 1715/1437/1682 1718/1649/1684 1716/1438/1683
f 1709/1439/1677 1716/1438/1683 1710/1439/1685
f 1716/1438/1683 1712/1648/1680 1710/1439/1685
f 1720/1650/1681 1722/1437/1686 1719/1437/1687
f 1723/1651/1677 1721/1652/1688 1720/1650/1681
f 1722/1437/1686 1718/1649/1684 1717/1437/1689
f 1721/1652/1688 1712/1648/1680 1718/1649/1684
f 1725/1653/1675 1702/1640/1669 1726/1654/1690
f 1702/1640/1669 1711/1647/1679 1726/1654/1690
f 1723/1651/1677 1726/1654/1690 1724/1655/1685
f 1726/1654/1690 1712/1648/1680 1724/1655/1685
f 1727/1462/1691 1715/1460/1682 1714/1460/1692
f 1727/1462/1691 1730/1469/1693 1728/1462/1694
f 1715/1460/1682 1731/1462/1695 1717/1460/1689
f 1730/1469/1693 1731/1462/1695 1728/1462/1694
f 1733/1468/1696 1735/1467/1697 1736/1468/1698
f 1736/1468/1698 1737/1467/1699 1738/1468/1700
f 1729/1469/1701 1736/1468/1698 1730/1469/1693
f 1736/1468/1698 1732/1469/1702 1730/1469/1693
f 1739/1656/1703 1741/1468/1698 1742/1657/1704
f 1740/1658/1705 1744/1469/1706 1741/1468/1698
f 1741/1468/1698 1737/1467/1699 1742/1657/1704
f 1744/1469/1706 1738/1468/1700 1741/1468/1698
f 1719/1460/1687 1746/1462/1707 1745/1462/1708
f 1746/1462/1707 1717/1460/1689 1731/1462/1695
f 1743/1469/1709 1746/1462/1707 1744/1469/1706
f 1744/1469/1706 1731/1462/1695 1732/1469/1702
f 1747/1486/1710 1735/1467/1697 1734/1467/1703
f 1749/1492/1711 1748/1486/1712 1747/1486/1710
f 1735/1467/1697 1751/1486/1713 1737/1467/1699
f 1750/1492/1714 1751/1486/1713 1748/1486/1712
f 1753/1491/1715 1755/1490/1716 1756/1491/1717
f 1755/1490/1716 1758/1491/1718 1756/1491/1717
f 1749/1492/1711 1756/1491/1717 1750/1492/1714
f 1756/1491/1717 1752/1492/1719 1750/1492/1714
f 1759/1659/1720 1761/1660/1721 1762/1661/1716
f 1760/1662/1722 1764/1663/1723 1761/1660/1721
f 1761/1660/1721 1757/1490/1724 1762/1661/1716
f 1764/1663/1723 1758/1491/1718 1761/1660/1721
f 1765/1664/1725 1742/1657/1704 1766/1665/1712
f 1742/1657/1704 1751/1486/1713 1766/1665/1712
f 1763/1666/1726 1766/1665/1712 1764/1663/1723
f 1764/1663/1723 1751/1486/1713 1752/1492/1719
f 1767/1512/1727 1755/1490/1716 1754/1490/1720
f 1769/1518/1728 1768/1512/1729 1767/1512/1727
f 1755/1490/1716 1771/1512/1730 1757/1490/1724
f 1768/1512/1729 1772/1518/1731 1771/1512/1730
f 1773/1517/1732 1775/1516/1733 1776/1517/1734
f 1775/1516/1733 1778/1517/1735 1776/1517/1734
f 1769/1518/1728 1776/1517/1734 1770/1518/1736
f 1770/1518/1736 1778/1517/1735 1772/1518/1731
f 1780/1667/1737 1782/1668/1738 1779/1669/1739
f 1783/1670/1740 1781/1671/1734 1780/1667/1737
f 1782/1668/1738 1778/1517/1735 1777/1672/1741
f 1784/1673/1742 1778/1517/1735 1781/1671/1734
f 1759/1659/1720 1786/1512/1743 1785/1512/1744
f 1786/1512/1743 1757/1490/1724 1771/1512/1730
f 1785/1512/1744 1784/1673/1742 1783/1670/1740
f 1786/1512/1743 1772/1518/1731 1784/1673/1742
f 1787/1538/1745 1775/1516/1733 1774/1516/1739
f 1789/1544/1746 1788/1538/1747 1787/1538/1745
f 1788/1538/1747 1777/1672/1741 1775/1516/1733
f 1788/1538/1747 1792/1674/1748 1791/1675/1749
f 1793/1543/1750 1795/1542/1751 1796/1543/1752
f 1795/1542/1751 1798/1676/1753 1796/1543/1752
f 1793/1543/1750 1790/1544/1754 1789/1544/1746
f 1790/1544/1754 1798/1676/1753 1792/1674/1748
f 1799/1677/1755 1801/1678/1756 1802/1679/1757
f 1803/1680/1758 1801/1678/1756 1800/1681/1759
f 1801/1678/1756 1797/1682/1760 1802/1679/1757
f 1804/1683/1761 1798/1676/1753 1801/1678/1756
f 1779/1669/1739 1806/1684/1747 1805/1685/1762
f 1806/1684/1747 1777/1672/1741 1791/1675/1749
f 1805/1685/1762 1804/1683/1761 1803/1680/1758
f 1804/1683/1761 1791/1675/1749 1792/1674/1748
f 1807/1568/1763 1795/1542/1751 1794/1542/1764
f 1809/1574/1765 1808/1568/1766 1807/1568/1763
f 1795/1542/1751 1811/1686/1767 1797/1682/1760
f 1808/1568/1766 1812/1574/1768 1811/1686/1767
f 1813/1573/1769 1815/1572/1770 1816/1573/1771
f 1815/1572/1770 1818/1573/1772 1816/1573/1771
f 1809/1574/1765 1816/1573/1771 1810/1574/1773
f 1816/1573/1771 1812/1574/1768 1810/1574/1773
f 1820/1687/1769 1822/1688/1774 1819/1689/1775
f 1823/1690/1765 1821/1691/1776 1820/1687/1769
f 1822/1688/1774 1818/1573/1772 1817/1572/1777
f 1821/1691/1776 1812/1574/1768 1818/1573/1772
f 1825/1692/1763 1802/1679/1757 1826/1693/1778
f 1802/1679/1757 1811/1686/1767 1826/1693/1778
f 1823/1690/1765 1826/1693/1778 1824/1694/1773
f 1826/1693/1778 1812/1574/1768 1824/1694/1773
f 1827/1594/1779 1815/1572/1770 1814/1572/1780
f 1827/1594/1779 1830/1600/1781 1828/1594/1782
f 1815/1572/1770 1831/1594/1783 1817/1572/1777
f 1830/1600/1781 1831/1594/1783 1828/1594/1782
f 1833/1599/1784 1835/1598/1785 1836/1599/1786
f 1836/1599/1786 1837/1598/1787 1838/1599/1788
f 1829/1600/1789 1836/1599/1786 1830/1600/1781
f 1836/1599/1786 1832/1600/1790 1830/1600/1781
f 1839/1598/1791 1841/1599/1786 1842/1598/1792
f 1840/1695/1793 1844/1696/1794 1841/1599/1786
f 1841/1599/1786 1837/1598/1787 1842/1598/1792
f 1844/1696/1794 1838/1599/1788 1841/1599/1786
f 1819/1689/1775 1846/1697/1795 1845/1698/1796
f 1846/1697/1795 1817/1572/1777 1831/1594/1783
f 1843/1699/1797 1846/1697/1795 1844/1696/1794
f 1844/1696/1794 1831/1594/1783 1832/1600/1790
f 1847/1619/1798 1835/1598/1785 1834/1598/1791
f 1849/1623/1799 1848/1619/1800 1847/1619/1798
f 1835/1598/1785 1851/1619/1801 1837/1598/1787
f 1850/1623/1802 1851/1619/1801 1848/1619/1800
f 1853/1622/1803 1665/1377/1637 1854/1622/1804
f 1665/1377/1637 1855/1622/1805 1854/1622/1804
f 1849/1623/1799 1854/1622/1804 1850/1623/1802
f 1854/1622/1804 1852/1623/1806 1850/1623/1802
f 1684/1632/1638 1857/1700/1807 1685/1701/1637
f 1856/1702/1808 1859/1703/1809 1857/1700/1807
f 1857/1700/1807 1669/1377/1642 1685/1701/1637
f 1859/1703/1809 1855/1622/1805 1857/1700/1807
f 1860/1704/1810 1842/1598/1792 1861/1619/1800
f 1842/1598/1792 1851/1619/1801 1861/1619/1800
f 1858/1705/1811 1861/1619/1800 1859/1703/1809
f 1859/1703/1809 1851/1619/1801 1852/1623/1806
f 1862/1706/1812 1864/1707/1813 1865/1708/1814
f 1863/1709/1815 1867/1710/1816 1864/1707/1813
f 1865/1708/1814 1868/1711/1817 1869/1712/1818
f 1864/1707/1813 1870/1713/1819 1868/1711/1817
f 1872/1714/1820 1874/1715/1821 1871/1716/1822
f 1873/1717/1823 1876/1718/1824 1874/1715/1821
f 1871/1716/1822 1867/1710/1816 1866/1719/1825
f 1874/1715/1821 1870/1713/1819 1867/1710/1816
f 1878/1720/1826 1880/1721/1827 1877/1598/1828
f 1869/1712/1818 1879/1722/1829 1878/1720/1826
f 1879/1722/1829 1875/1723/1830 1880/1721/1827
f 1868/1711/1817 1876/1718/1824 1879/1722/1829
f 1872/1714/1820 1882/1724/1831 1873/1717/1823
f 1881/1725/1832 1884/1726/1833 1882/1724/1831
f 1873/1717/1823 1885/1727/1834 1875/1723/1830
f 1882/1724/1831 1886/1728/1835 1885/1727/1834
f 1888/1729/1836 1890/1730/1837 1887/1731/1838
f 1889/1732/1839 1892/1733/1840 1890/1730/1837
f 1887/1731/1838 1884/1726/1833 1883/1734/1841
f 1890/1730/1837 1886/1728/1835 1884/1726/1833
f 1880/1721/1827 1894/1735/1842 1877/1598/1828
f 1875/1723/1830 1893/1736/1843 1880/1721/1827
f 1893/1736/1843 1891/1737/1844 1894/1735/1842
f 1885/1727/1834 1892/1733/1840 1893/1736/1843
f 1888/1729/1836 1896/1738/1845 1889/1732/1839
f 1895/1739/1846 1898/1740/1847 1896/1738/1845
f 1889/1732/1839 1899/1741/1848 1891/1737/1844
f 1896/1738/1845 1900/1742/1849 1899/1741/1848
f 1902/1743/1850 1904/1744/1851 1901/1745/1852
f 1903/1746/1853 1906/1747/1854 1904/1744/1851
f 1901/1745/1852 1898/1740/1847 1897/1748/1855
f 1904/1744/1851 1900/1742/1849 1898/1740/1847
f 1894/1735/1842 1908/1749/1542 1877/1598/1828
f 1891/1737/1844 1907/1750/1856 1894/1735/1842
f 1907/1750/1856 1905/1751/1857 1908/1749/1542
f 1899/1741/1848 1906/1747/1854 1907/1750/1856
f 1902/1752/1850 1910/1753/1858 1903/1754/1853
f 1909/1755/1859 1912/1756/1452 1910/1753/1858
f 1903/1754/1853 1913/1757/1860 1905/1758/1857
f 1910/1753/1858 1914/1759/1861 1913/1757/1860
f 1916/1760/1862 1918/1761/1863 1915/1762/1864
f 1917/1763/1865 1920/1764/1866 1918/1761/1863
f 1915/1762/1864 1912/1756/1452 1911/1765/1867
f 1918/1761/1863 1914/1759/1861 1912/1756/1452
f 1908/1766/1542 1922/1767/1868 1877/1469/1828
f 1905/1758/1857 1921/1768/1869 1908/1766/1542
f 1921/1768/1869 1919/1769/1870 1922/1767/1868
f 1913/1757/1860 1920/1764/1866 1921/1768/1869
f 1916/1760/1862 1924/1770/1871 1917/1763/1865
f 1923/1771/1872 1926/1772/1873 1924/1770/1871
f 1917/1763/1865 1927/1773/1874 1919/1769/1870
f 1924/1770/1871 1928/1774/1875 1927/1773/1874
f 1930/1775/1876 1932/1776/1877 1929/1777/1878
f 1931/1778/1879 1934/1779/1880 1932/1776/1877
f 1929/1777/1878 1926/1772/1873 1925/1780/1881
f 1932/1776/1877 1928/1774/1875 1926/1772/1873
f 1922/1767/1868 1936/1781/1882 1877/1469/1828
f 1919/1769/1870 1935/1782/1883 1922/1767/1868
f 1935/1782/1883 1933/1783/1884 1936/1781/1882
f 1927/1773/1874 1934/1779/1880 1935/1782/1883
f 1930/1775/1876 1938/1784/1885 1931/1785/1879
f 1937/1786/1886 1940/1787/1887 1938/1784/1885
f 1931/1785/1879 1941/1788/1888 1933/1789/1884
f 1938/1784/1885 1942/1790/1889 1941/1788/1888
f 1944/1791/1890 1946/1792/1891 1943/1793/1892
f 1945/1794/1893 1948/1795/1894 1946/1792/1891
f 1943/1793/1892 1940/1787/1887 1939/1796/1895
f 1946/1792/1891 1942/1790/1889 1940/1787/1887
f 1936/1797/1882 1950/1798/1896 1877/1598/1828
f 1933/1789/1884 1949/1799/1897 1936/1797/1882
f 1949/1799/1897 1947/1800/1898 1950/1798/1896
f 1941/1788/1888 1948/1795/1894 1949/1799/1897
f 1944/1791/1890 1952/1801/1899 1945/1794/1893
f 1951/1802/1900 1954/1803/1901 1952/1801/1899
f 1945/1794/1893 1955/1804/1902 1947/1800/1898
f 1952/1801/1899 1956/1805/1903 1955/1804/1902
f 1958/1800/1904 1960/1806/1905 1957/1807/1906
f 1959/1808/1907 1962/1809/1908 1960/1806/1905
f 1957/1807/1906 1954/1803/1901 1953/1810/1909
f 1960/1806/1905 1956/1805/1903 1954/1803/1901
f 1950/1798/1896 1964/1811/1910 1877/1598/1828
f 1947/1800/1898 1963/1812/1911 1950/1798/1896
f 1963/1812/1911 1961/1813/1912 1964/1811/1910
f 1955/1804/1902 1962/1809/1908 1963/1812/1911
f 1958/1800/1904 1966/1814/1913 1959/1808/1907
f 1965/1815/1914 1968/1816/1915 1966/1814/1913
f 1959/1808/1907 1969/1817/1916 1961/1813/1912
f 1966/1814/1913 1970/1818/1917 1969/1817/1916
f 1972/1819/1918 1974/1820/1919 1971/1821/1920
f 1973/1822/1921 1976/1823/1922 1974/1820/1919
f 1971/1821/1920 1968/1816/1915 1967/1824/1923
f 1974/1820/1919 1970/1818/1917 1968/1816/1915
f 1964/1811/1910 1978/1825/1385 1877/1598/1828
f 1961/1813/1912 1977/1826/1924 1964/1811/1910
f 1977/1826/1924 1975/1827/1925 1978/1825/1385
f 1969/1817/1916 1976/1823/1922 1977/1826/1924
f 1972/1819/1918 1980/1828/1926 1973/1822/1921
f 1979/1829/1927 1982/1830/1609 1980/1828/1926
f 1973/1822/1921 1983/1831/1928 1975/1827/1925
f 1980/1828/1926 1984/1832/1929 1983/1831/1928
f 1986/1598/1930 1988/1833/1931 1985/1834/1932
f 1987/1598/1933 1990/1835/1934 1988/1833/1931
f 1985/1834/1932 1982/1830/1609 1981/1836/1935
f 1988/1833/1931 1984/1832/1929 1982/1830/1609
f 1978/1825/1385 1992/1598/1936 1877/1598/1828
f 1975/1827/1925 1991/1837/1937 1978/1825/1385
f 1991/1837/1937 1989/1598/1938 1992/1598/1936
f 1983/1831/1928 1990/1835/1934 1991/1837/1937
f 1986/1598/1930 1994/1838/1939 1987/1598/1933
f 1993/1839/1940 1996/1840/1941 1994/1838/1939
f 1987/1598/1933 1997/1841/1942 1989/1598/1938
f 1994/1838/1939 1998/1842/1943 1997/1841/1942
f 1862/1706/1812 2000/1843/1944 1999/1844/1945
f 1865/1708/1814 2001/1845/1946 2000/1843/1944
f 1999/1844/1945 1996/1840/1941 1995/1846/1947
f 2000/1843/1944 1998/1842/1943 1996/1840/1941
f 1992/1598/1936 1878/1720/1826 1877/1598/1828
f 1989/1598/1938 2002/1847/1948 1992/1598/1936
f 2002/1847/1948 1869/1712/1818 1878/1720/1826
f 1997/1841/1942 2001/1845/1946 2002/1847/1948
f 891/941/920 2004/1848/1949 892/911/890
f 2005/1849/1950 2004/1848/1949 2003/1850/1951
f 892/911/890 2007/1851/1952 894/913/892
f 2004/1848/1949 2008/1852/1953 2007/1851/1952
f 1350/1405/1377 2010/1853/1954 2009/1854/1955
f 1349/1380/1347 2011/1855/1956 2010/1853/1954
f 2009/1854/1955 2006/1856/1957 2005/1849/1950
f 2010/1853/1954 2008/1852/1953 2006/1856/1957
f 1340/1374/1342 2013/1857/1958 1341/1372/1340
f 2012/1858/1959 2015/1859/1960 2013/1857/1958
f 1341/1372/1340 2011/1855/1956 1344/1375/1343
f 2013/1857/1958 2008/1852/1953 2011/1855/1956
f 896/918/897 2017/1860/1961 2016/1861/1962
f 899/917/896 2007/1851/1952 2017/1860/1961
f 2014/1862/1963 2017/1860/1961 2015/1859/1960
f 2015/1859/1960 2007/1851/1952 2008/1852/1953
f 916/961/940 2019/1863/1964 917/935/914
f 2020/1864/1965 2019/1863/1964 2018/1865/1966
f 917/935/914 2022/1866/1967 919/937/916
f 2021/1867/1968 2022/1866/1967 2019/1863/1964
f 1386/1431/1408 2025/1868/1969 2024/1869/1970
f 1385/1410/1381 2026/1870/1971 2025/1868/1969
f 2024/1869/1970 2021/1867/1968 2020/1864/1965
f 2025/1868/1969 2023/1871/1972 2021/1867/1968
f 1350/1405/1377 2027/1872/1973 1379/1404/1376
f 2009/1854/1955 2028/1873/1974 2027/1872/1973
f 1379/1404/1376 2026/1870/1971 1381/1406/1378
f 2027/1872/1973 2023/1871/1972 2026/1870/1971
f 891/941/920 2029/1874/1975 2003/1850/1951
f 922/940/919 2022/1866/1967 2029/1874/1975
f 2005/1849/1950 2029/1874/1975 2028/1873/1974
f 2028/1873/1974 2022/1866/1967 2023/1871/1972
f 936/1875/960 2031/1876/1976 937/955/934
f 2032/1877/1977 2031/1876/1976 2030/1878/1978
f 937/955/934 2034/1879/1979 939/957/936
f 2033/1880/1980 2034/1879/1979 2031/1876/1976
f 1420/1437/1439 2037/1881/1981 2036/1882/1982
f 1419/1436/1413 2038/1883/1983 2037/1881/1981
f 2036/1882/1982 2033/1880/1980 2032/1877/1977
f 2037/1881/1981 2035/1884/1984 2033/1880/1980
f 1386/1431/1408 2039/1885/1985 1413/1430/1407
f 2024/1869/1970 2040/1886/1986 2039/1885/1985
f 1413/1430/1407 2038/1883/1983 1415/1432/1409
f 2039/1885/1985 2035/1884/1984 2038/1883/1983
f 916/961/940 2041/1887/1987 2018/1865/1966
f 942/960/939 2034/1879/1979 2041/1887/1987
f 2020/1864/1965 2041/1887/1987 2040/1886/1986
f 2040/1886/1986 2034/1879/1979 2035/1884/1984
f 956/1005/980 2043/1888/1988 957/975/954
f 2044/1889/1989 2043/1888/1988 2042/1890/1990
f 957/975/954 2046/1891/1991 959/977/956
f 2045/1892/1992 2046/1891/1991 2043/1888/1988
f 1454/1482/1471 2049/1893/1993 2048/1894/1994
f 1453/1464/1443 2050/1895/1995 2049/1893/1993
f 2048/1894/1994 2045/1892/1992 2044/1889/1989
f 2049/1893/1993 2047/1896/1996 2045/1892/1992
f 1420/1460/1439 2051/1897/1997 1447/1459/1438
f 2036/1898/1982 2052/1899/1998 2051/1897/1997
f 1447/1459/1438 2050/1895/1995 1449/1461/1440
f 2051/1897/1997 2047/1896/1996 2050/1895/1995
f 936/982/960 2053/1900/1999 2030/1901/1978
f 962/981/959 2046/1891/1991 2053/1900/1999
f 2032/1902/1977 2053/1900/1999 2052/1899/1998
f 2052/1899/1998 2046/1891/1991 2047/1896/1996
f 976/1025/1000 2055/1903/2000 977/999/974
f 2056/1904/2001 2055/1903/2000 2054/1905/2002
f 977/999/974 2058/1906/2003 979/1001/976
f 2057/1907/2004 2058/1906/2003 2055/1903/2000
f 1488/1508/1502 2061/1908/2005 2060/1909/2006
f 1487/1487/1476 2062/1910/2007 2061/1908/2005
f 2060/1909/2006 2057/1907/2004 2056/1904/2001
f 2061/1908/2005 2059/1911/2008 2057/1907/2004
f 1454/1482/1471 2063/1912/2009 1481/1481/1470
f 2048/1894/1994 2064/1913/2010 2063/1912/2009
f 1481/1481/1470 2062/1910/2007 1483/1483/1472
f 2063/1912/2009 2059/1911/2008 2062/1910/2007
f 956/1005/980 2065/1914/2011 2042/1890/1990
f 982/1004/979 2058/1906/2003 2065/1914/2011
f 2044/1889/1989 2065/1914/2011 2064/1913/2010
f 2065/1914/2011 2059/1911/2008 2064/1913/2010
f 996/1045/1020 2067/1915/2012 997/1019/994
f 2068/1916/2013 2067/1915/2012 2066/1917/2014
f 997/1019/994 2070/1918/2015 999/1021/996
f 2067/1915/2012 2071/1919/2016 2070/1918/2015
f 1522/1534/1534 2073/1920/2017 2072/1921/2018
f 1521/1513/1506 2074/1922/2019 2073/1920/2017
f 2072/1921/2018 2069/1923/2020 2068/1916/2013
f 2073/1920/2017 2071/1919/2016 2069/1923/2020
f 1488/1508/1502 2075/1924/2021 1515/1507/1501
f 2060/1909/2006 2076/1925/2022 2075/1924/2021
f 1515/1507/1501 2074/1922/2019 1517/1509/1503
f 2075/1924/2021 2071/1919/2016 2074/1922/2019
f 976/1025/1000 2077/1926/2023 2054/1905/2002
f 1002/1024/999 2070/1918/2015 2077/1926/2023
f 2056/1904/2001 2077/1926/2023 2076/1925/2022
f 2076/1925/2022 2070/1918/2015 2071/1919/2016
f 1016/1065/1040 2079/1927/2024 1017/1039/1014
f 2080/1928/2025 2079/1927/2024 2078/1929/2026
f 1017/1039/1014 2082/1930/2027 1019/1041/1016
f 2081/1931/2028 2082/1930/2027 2079/1927/2024
f 1556/1564/1565 2085/1932/2029 2084/1933/2030
f 1555/1539/1538 2086/1934/2031 2085/1932/2029
f 2084/1933/2030 2081/1931/2028 2080/1928/2025
f 2085/1932/2029 2083/1935/2032 2081/1931/2028
f 1522/1534/1534 2087/1936/2033 1549/1533/1533
f 2072/1921/2018 2088/1937/2034 2087/1936/2033
f 1549/1533/1533 2086/1934/2031 1551/1535/1535
f 2087/1936/2033 2083/1935/2032 2086/1934/2031
f 996/1045/1020 2089/1938/2035 2066/1917/2014
f 1022/1044/1019 2082/1930/2027 2089/1938/2035
f 2068/1916/2013 2089/1938/2035 2088/1937/2034
f 2088/1937/2034 2082/1930/2027 2083/1935/2032
f 1036/1085/1060 2091/1939/2036 1037/1059/1034
f 2092/1940/2037 2091/1939/2036 2090/1941/2038
f 1037/1059/1034 2094/1942/2039 1039/1061/1036
f 2093/1943/2040 2094/1942/2039 2091/1939/2036
f 1590/1590/1596 2097/1944/2041 2096/1945/2042
f 1589/1569/1570 2098/1946/2043 2097/1944/2041
f 2096/1945/2042 2093/1943/2040 2092/1940/2037
f 2097/1944/2041 2095/1947/2044 2093/1943/2040
f 1556/1564/1565 2099/1948/2045 1583/1563/1564
f 2084/1933/2030 2100/1949/2046 2099/1948/2045
f 1583/1563/1564 2098/1946/2043 1585/1565/1566
f 2099/1948/2045 2095/1947/2044 2098/1946/2043
f 1016/1065/1040 2101/1950/2047 2078/1929/2026
f 1042/1064/1039 2094/1942/2039 2101/1950/2047
f 2080/1928/2025 2101/1950/2047 2100/1949/2046
f 2100/1949/2046 2094/1942/2039 2095/1947/2044
f 1056/1101/1076 2103/1951/2048 1057/1079/1054
f 2104/1952/2049 2103/1951/2048 2102/1953/2050
f 1057/1079/1054 2106/1954/2051 1059/1081/1056
f 2105/1955/2052 2106/1954/2051 2103/1951/2048
f 1624/1615/1623 2109/1956/2053 2108/1957/2054
f 1623/1595/1600 2110/1958/2055 2109/1956/2053
f 2108/1957/2054 2105/1955/2052 2104/1952/2049
f 2109/1956/2053 2107/1959/2056 2105/1955/2052
f 1590/1590/1596 2111/1960/2057 1617/1589/1595
f 2096/1945/2042 2112/1961/2058 2111/1960/2057
f 1617/1589/1595 2110/1958/2055 1619/1591/1597
f 2111/1960/2057 2107/1959/2056 2110/1958/2055
f 1036/1085/1060 2113/1962/2059 2090/1941/2038
f 1062/1084/1059 2106/1954/2051 2113/1962/2059
f 2092/1940/2037 2113/1962/2059 2112/1961/2058
f 2112/1961/2058 2106/1954/2051 2107/1959/2056
f 896/918/897 2114/1963/2060 1072/1096/1071
f 2014/1862/1963 2114/1963/2060 2016/1861/1962
f 1072/1096/1071 2116/1964/2061 1074/1098/1073
f 2115/1965/2062 2116/1964/2061 2114/1963/2060
f 1340/1374/1342 2118/1966/2063 2012/1858/1959
f 1653/1620/1628 2119/1967/2064 2118/1966/2063
f 2012/1858/1959 2115/1965/2062 2014/1862/1963
f 2118/1966/2063 2117/1968/2065 2115/1965/2062
f 1624/1615/1623 2120/1969/2066 1647/1614/1622
f 2108/1957/2054 2121/1970/2067 2120/1969/2066
f 1647/1614/1622 2119/1967/2064 1649/1616/1624
f 2120/1969/2066 2117/1968/2065 2119/1967/2064
f 1056/1101/1076 2122/1971/2068 2102/1953/2050
f 1077/1100/1075 2116/1964/2061 2122/1971/2068
f 2104/1952/2049 2122/1971/2068 2121/1970/2067
f 2122/1971/2068 2117/1968/2065 2121/1970/2067
f 2123/1383/2069 1356/1384/1355 1355/1383/1352
f 2125/1383/2070 2124/1384/2071 2123/1383/2069
f 2124/1384/2071 1359/1385/1361 1356/1384/1355
f 2126/1384/2072 2127/1385/2073 2124/1384/2071
f 1672/1383/1651 2130/1384/2074 2129/1383/2075
f 1671/1384/1644 2131/1385/2076 2130/1384/2074
f 2129/1383/2075 2126/1384/2072 2125/1383/2070
f 2130/1384/2074 2128/1385/2077 2126/1384/2072
f 1662/1377/1638 2133/1379/2078 1663/1379/1636
f 2132/1377/2079 2135/1379/2080 2133/1379/2078
f 2133/1379/2078 1666/1385/1639 1663/1379/1636
f 2133/1379/2078 2128/1385/2077 2131/1385/2076
f 2136/1377/2081 1361/1379/1359 2137/1379/2082
f 2137/1379/2082 1359/1385/1361 2127/1385/2073
f 2134/1377/2083 2137/1379/2082 2135/1379/2080
f 2135/1379/2080 2127/1385/2073 2128/1385/2077
f 2138/1413/2084 1392/1414/1389 1391/1413/1386
f 2140/1413/2085 2139/1414/2086 2138/1413/2084
f 2139/1414/2086 1395/1415/1393 1392/1414/1389
f 2141/1414/2087 2142/1415/2088 2139/1414/2086
f 2144/1413/2089 1693/1414/1662 2145/1414/2090
f 1693/1414/1662 2146/1415/2091 2145/1414/2090
f 2144/1413/2089 2141/1414/2087 2140/1413/2085
f 2145/1414/2090 2143/1415/2092 2141/1414/2087
f 2129/1383/2075 1687/1409/1657 1672/1383/1651
f 2129/1383/2075 2148/1409/2093 2147/1409/2094
f 2147/1409/2094 1689/1415/1658 1687/1409/1657
f 2147/1409/2094 2143/1415/2092 2146/1415/2091
f 2123/1383/2069 1397/1409/1392 2149/1409/2095
f 2149/1409/2095 1395/1415/1393 2142/1415/2088
f 2125/1383/2070 2149/1409/2095 2148/1409/2093
f 2148/1409/2093 2142/1415/2088 2143/1415/2092
f 2150/1437/2096 1426/1438/1420 1425/1437/1417
f 2152/1437/2097 2151/1438/1170 2150/1437/2096
f 2151/1438/1170 1429/1439/1424 1426/1438/1420
f 2153/1438/2098 2154/1439/2099 2151/1438/1170
f 2156/1437/2100 1713/1438/1681 2157/1438/2101
f 2157/1438/2101 1709/1439/1677 2158/1439/2102
f 2156/1437/2100 2153/1438/2098 2152/1437/2097
f 2157/1438/2101 2155/1439/2103 2153/1438/2098
f 2144/1413/2089 1707/1435/1675 1694/1413/1676
f 2144/1413/2089 2160/1435/2104 2159/1435/2105
f 2159/1435/2105 1709/1439/1677 1707/1435/1675
f 2159/1435/2105 2155/1439/2103 2158/1439/2102
f 2138/1413/2084 1431/1435/1423 2161/1435/2106
f 2161/1435/2106 1429/1439/1424 2154/1439/2099
f 2140/1413/2085 2161/1435/2106 2160/1435/2104
f 2160/1435/2104 2154/1439/2099 2155/1439/2103
f 2162/1467/2107 1460/1468/1451 1459/1467/1448
f 2164/1467/2108 2163/1468/2109 2162/1467/2107
f 2163/1468/2109 1463/1469/1455 1460/1468/1451
f 2165/1468/2110 2166/1469/2111 2163/1468/2109
f 2168/1467/2112 1733/1468/1696 2169/1468/2113
f 2169/1468/2113 1729/1469/1701 2170/1469/2114
f 2168/1467/2112 2165/1468/2110 2164/1467/2108
f 2169/1468/2113 2167/1469/2115 2165/1468/2110
f 2156/1460/2100 1727/1462/1691 1714/1460/1692
f 2156/1460/2100 2172/1462/2116 2171/1462/2117
f 1727/1462/1691 2170/1469/2114 1729/1469/1701
f 2171/1462/2117 2167/1469/2115 2170/1469/2114
f 2150/1460/2096 1465/1462/1454 2173/1462/2118
f 2173/1462/2118 1463/1469/1455 2166/1469/2111
f 2152/1460/2097 2173/1462/2118 2172/1462/2116
f 2172/1462/2116 2166/1469/2111 2167/1469/2115
f 2174/1490/2119 1494/1491/1483 1493/1490/1480
f 2176/1490/2120 2175/1491/2121 2174/1490/2119
f 2175/1491/2121 1497/1492/1487 1494/1491/1483
f 2177/1491/2122 2178/1492/2123 2175/1491/2121
f 1754/1490/1720 2181/1491/2124 2180/1490/2125
f 2181/1491/2124 1749/1492/1711 2182/1492/2126
f 2180/1490/2125 2177/1491/2122 2176/1490/2120
f 2181/1491/2124 2179/1492/2127 2177/1491/2122
f 1734/1467/1703 2183/1486/2128 1747/1486/1710
f 2168/1467/2112 2184/1486/2129 2183/1486/2128
f 1747/1486/1710 2182/1492/2126 1749/1492/1711
f 2183/1486/2128 2179/1492/2127 2182/1492/2126
f 2162/1467/2107 1499/1486/1486 2185/1486/2130
f 2185/1486/2130 1497/1492/1487 2178/1492/2123
f 2164/1467/2108 2185/1486/2130 2184/1486/2129
f 2184/1486/2129 2178/1492/2123 2179/1492/2127
f 2186/1516/2131 1528/1517/1514 1527/1516/1511
f 2188/1516/2132 2187/1517/2133 2186/1516/2131
f 2187/1517/2133 1531/1518/1518 1528/1517/1514
f 2189/1517/2134 2190/1518/2135 2187/1517/2133
f 1774/1516/1739 2193/1517/2136 2192/1516/2137
f 1773/1517/1732 2194/1518/2138 2193/1517/2136
f 2192/1516/2137 2189/1517/2134 2188/1516/2132
f 2193/1517/2136 2191/1518/2139 2189/1517/2134
f 1754/1490/1720 2195/1512/2140 1767/1512/1727
f 2180/1490/2125 2196/1512/2141 2195/1512/2140
f 2195/1512/2140 1769/1518/1728 1767/1512/1727
f 2195/1512/2140 2191/1518/2139 2194/1518/2138
f 2174/1490/2119 1533/1512/1517 2197/1512/2142
f 2197/1512/2142 1531/1518/1518 2190/1518/2135
f 2176/1490/2120 2197/1512/2142 2196/1512/2141
f 2196/1512/2141 2190/1518/2135 2191/1518/2139
f 2198/1542/2143 1562/1543/1546 1561/1542/1543
f 2200/1542/2144 2199/1543/2145 2198/1542/2143
f 2199/1543/2145 1565/1544/1550 1562/1543/1546
f 2201/1543/2146 2202/1544/2147 2199/1543/2145
f 2204/1542/2148 1793/1543/1750 2205/1543/2149
f 1793/1543/1750 2206/1544/2150 2205/1543/2149
f 2204/1542/2148 2201/1543/2146 2200/1542/2144
f 2205/1543/2149 2203/1544/2151 2201/1543/2146
f 2192/1516/2137 1787/1538/1745 1774/1516/1739
f 2192/1516/2137 2208/1538/2152 2207/1538/2153
f 2207/1538/2153 1789/1544/1746 1787/1538/1745
f 2207/1538/2153 2203/1544/2151 2206/1544/2150
f 2186/1516/2131 1567/1538/1549 2209/1538/2154
f 2209/1538/2154 1565/1544/1550 2202/1544/2147
f 2188/1516/2132 2209/1538/2154 2208/1538/2152
f 2208/1538/2152 2202/1544/2147 2203/1544/2151
f 2210/1572/2155 1596/1573/1577 1595/1572/1574
f 2212/1572/2156 2211/1573/1110 2210/1572/2155
f 2211/1573/1110 1599/1574/1581 1596/1573/1577
f 2213/1573/2157 2214/1574/2158 2211/1573/1110
f 2216/1572/2159 1813/1573/1769 2217/1573/2160
f 2217/1573/2160 1809/1574/1765 2218/1574/2161
f 2216/1572/2159 2213/1573/2157 2212/1572/2156
f 2217/1573/2160 2215/1574/2162 2213/1573/2157
f 2204/1542/2148 1807/1568/1763 1794/1542/1764
f 2204/1542/2148 2220/1568/2163 2219/1568/2164
f 2219/1568/2164 1809/1574/1765 1807/1568/1763
f 2219/1568/2164 2215/1574/2162 2218/1574/2161
f 2198/1542/2143 1601/1568/1580 2221/1568/2165
f 2221/1568/2165 1599/1574/1581 2214/1574/2158
f 2200/1542/2144 2221/1568/2165 2220/1568/2163
f 2220/1568/2163 2214/1574/2158 2215/1574/2162
f 2222/1598/2166 1630/1599/1608 1629/1598/1605
f 2224/1598/2167 2223/1599/2168 2222/1598/2166
f 2223/1599/2168 1633/1600/1612 1630/1599/1608
f 2225/1599/2169 2226/1600/2170 2223/1599/2168
f 2228/1598/2171 1833/1599/1784 2229/1599/2172
f 2229/1599/2172 1829/1600/1789 2230/1600/2173
f 2228/1598/2171 2225/1599/2169 2224/1598/2167
f 2229/1599/2172 2227/1600/2174 2225/1599/2169
f 2216/1572/2159 1827/1594/1779 1814/1572/1780
f 2216/1572/2159 2232/1594/2175 2231/1594/2176
f 1827/1594/1779 2230/1600/2173 1829/1600/1789
f 2231/1594/2176 2227/1600/2174 2230/1600/2173
f 2210/1572/2155 1635/1594/1611 2233/1594/2177
f 2233/1594/2177 1633/1600/1612 2226/1600/2170
f 2212/1572/2156 2233/1594/2177 2232/1594/2175
f 2232/1594/2175 2226/1600/2170 2227/1600/2174
f 2136/1377/2081 1656/1622/1631 1362/1377/1357
f 2134/1377/2083 2234/1622/2178 2136/1377/2081
f 2234/1622/2178 1658/1623/1635 1656/1622/1631
f 2235/1622/2179 2236/1623/2180 2234/1622/2178
f 1662/1377/1638 2238/1622/2181 2132/1377/2079
f 2238/1622/2181 1849/1623/1799 2239/1623/2182
f 2132/1377/2079 2235/1622/2179 2134/1377/2083
f 2238/1622/2181 2237/1623/2183 2235/1622/2179
f 1834/1598/1791 2240/1619/2184 1847/1619/1798
f 2228/1598/2171 2241/1619/2185 2240/1619/2184
f 1847/1619/1798 2239/1623/2182 1849/1623/1799
f 2240/1619/2184 2237/1623/2183 2239/1623/2182
f 2222/1598/2166 1660/1619/1634 2242/1619/2186
f 2242/1619/2186 1658/1623/1635 2236/1623/2180
f 2224/1598/2167 2242/1619/2186 2241/1619/2185
f 2241/1619/2185 2236/1623/2180 2237/1623/2183
f 2243/1972/2187 1678/1625/1649 1677/1627/1651
f 2245/1973/2188 2244/1974/2189 2243/1972/2187
f 2244/1974/2189 1681/1628/1652 1678/1625/1649
f 2246/1975/2190 2247/1750/2191 2244/1974/2189
f 2249/1976/2192 1871/1716/1822 2250/1977/2193
f 2250/1977/2193 1866/1719/1825 2251/1978/2194
f 2249/1976/2192 2246/1975/2190 2245/1973/2188
f 2250/1977/2193 2248/1979/2195 2246/1975/2190
f 2252/1980/2196 1863/1709/1815 1862/1706/1812
f 2252/1980/2196 2255/1981/2197 2253/1982/2198
f 2253/1982/2198 1866/1719/1825 1863/1709/1815
f 2253/1982/2198 2248/1979/2195 2251/1978/2194
f 2256/1983/2199 1683/1634/1656 2257/1984/2200
f 1683/1634/1656 2247/1750/2191 2257/1984/2200
f 2254/1985/2201 2257/1984/2200 2255/1981/2197
f 2255/1981/2197 2247/1750/2191 2248/1979/2195
f 1699/1638/1667 2259/1986/2202 1700/1642/1671
f 2260/1987/2203 2259/1986/2202 2258/1988/2204
f 2259/1986/2202 1703/1641/1670 1700/1642/1671
f 2261/1989/2205 2262/1990/2206 2259/1986/2202
f 2264/1991/2207 1887/1731/1838 2265/1992/2208
f 2265/1992/2208 1883/1734/1841 2266/1993/2209
f 2264/1991/2207 2261/1989/2205 2260/1987/2203
f 2265/1992/2208 2263/1994/2210 2261/1989/2205
f 2249/1976/2192 1881/1725/1832 1872/1714/1820
f 2249/1976/2192 2268/1995/2211 2267/1996/2212
f 2267/1996/2212 1883/1734/1841 1881/1725/1832
f 2267/1996/2212 2263/1994/2210 2266/1993/2209
f 1677/1627/1651 2269/1997/2213 2243/1972/2187
f 1705/1646/1674 2262/1990/2206 2269/1997/2213
f 2245/1973/2188 2269/1997/2213 2268/1995/2211
f 2268/1995/2211 2262/1990/2206 2263/1994/2210
f 2270/1998/2214 1720/1650/1681 1719/1437/1687
f 2272/1999/2215 2271/2000/2216 2270/1998/2214
f 2271/2000/2216 1723/1651/1677 1720/1650/1681
f 2273/2001/2217 2274/2002/2218 2271/2000/2216
f 2276/2003/2219 1901/1745/1852 2277/2004/2220
f 2277/2004/2220 1897/1748/1855 2278/2005/2221
f 2276/2003/2219 2273/2001/2217 2272/1999/2215
f 2277/2004/2220 2275/2006/2222 2273/2001/2217
f 2264/1991/2207 1895/1739/1846 1888/1729/1836
f 2264/1991/2207 2280/2007/2223 2279/2008/2224
f 2279/2008/2224 1897/1748/1855 1895/1739/1846
f 2279/2008/2224 2275/2006/2222 2278/2005/2221
f 2258/1988/2204 1725/1653/1675 2281/2009/2225
f 2281/2009/2225 1723/1651/1677 2274/2002/2218
f 2260/1987/2203 2281/2009/2225 2280/2007/2223
f 2280/2007/2223 2274/2002/2218 2275/2006/2222
f 1739/1656/1703 2283/2010/2226 1740/1658/1705
f 2284/2011/2227 2283/2010/2226 2282/2012/2228
f 1740/1658/1705 2286/1469/2229 1743/1469/1709
f 2285/2013/2230 2286/1469/2229 2283/2010/2226
f 2288/2014/2231 1915/1762/1864 2289/2015/2232
f 2289/2015/2232 1911/1765/1867 2290/2016/2233
f 2288/2014/2231 2285/2013/2230 2284/2011/2227
f 2289/2015/2232 2287/1756/2234 2285/2013/2230
f 2276/2017/2219 1909/1755/1859 1902/1752/1850
f 2276/2017/2219 2292/2018/2235 2291/2019/2236
f 2291/2019/2236 1911/1765/1867 1909/1755/1859
f 2291/2019/2236 2287/1756/2234 2290/2016/2233
f 1719/1460/1687 2293/2020/2237 2270/2021/2214
f 2293/2020/2237 1743/1469/1709 2286/1469/2229
f 2272/2022/2215 2293/2020/2237 2292/2018/2235
f 2292/2018/2235 2286/1469/2229 2287/1756/2234
f 2294/2023/2238 1760/1662/1722 1759/1659/1720
f 2296/2024/2239 2295/2025/2240 2294/2023/2238
f 1760/1662/1722 2298/2026/2241 1763/1666/1726
f 2297/2025/2242 2298/2026/2241 2295/2025/2240
f 2300/2027/2243 1929/1777/1878 2301/1491/2244
f 2301/1491/2244 1925/1780/1881 2302/2028/2245
f 2300/2027/2243 2297/2025/2242 2296/2024/2239
f 2301/1491/2244 2299/2029/2246 2297/2025/2242
f 2288/2014/2231 1923/1771/1872 1916/1760/1862
f 2288/2014/2231 2304/2030/2247 2303/2031/2248
f 2303/2031/2248 1925/1780/1881 1923/1771/1872
f 2303/2031/2248 2299/2029/2246 2302/2028/2245
f 2282/2012/2228 1765/1664/1725 2305/2032/2249
f 2305/2032/2249 1763/1666/1726 2298/2026/2241
f 2284/2011/2227 2305/2032/2249 2304/2030/2247
f 2304/2030/2247 2298/2026/2241 2299/2029/2246
f 2306/2033/2250 1780/1667/1737 1779/1669/1739
f 2308/2034/2251 2307/2035/2252 2306/2033/2250
f 2307/2035/2252 1783/1670/1740 1780/1667/1737
f 2309/2036/2253 2310/2037/2254 2307/2035/2252
f 2312/2038/2255 1943/1793/1892 2313/2039/2256
f 2313/2039/2256 1939/1796/1895 2314/2040/2257
f 2312/2038/2255 2309/2036/2253 2308/2034/2251
f 2313/2039/2256 2311/2041/2258 2309/2036/2253
f 2300/2027/2243 1937/1786/1886 1930/1775/1876
f 2300/2027/2243 2316/2042/2259 2315/2043/2260
f 2315/2043/2260 1939/1796/1895 1937/1786/1886
f 2315/2043/2260 2311/2041/2258 2314/2040/2257
f 2294/2023/2238 1785/1512/1744 2317/1512/2261
f 1785/1512/1744 2310/2037/2254 2317/1512/2261
f 2296/2024/2239 2317/1512/2261 2316/2042/2259
f 2316/2042/2259 2310/2037/2254 2311/2041/2258
f 1799/1677/1755 2319/2044/2262 1800/1681/1759
f 2320/2045/2263 2319/2044/2262 2318/2046/2264
f 2319/2044/2262 1803/1680/1758 1800/1681/1759
f 2321/2047/2265 2322/2048/2266 2319/2044/2262
f 2324/2049/2267 1957/1807/1906 2325/2050/2268
f 2325/2050/2268 1953/1810/1909 2326/2051/2269
f 2324/2049/2267 2321/2047/2265 2320/2045/2263
f 2325/2050/2268 2323/2052/2270 2321/2047/2265
f 2312/2038/2255 1951/1802/1900 1944/1791/1890
f 2312/2038/2255 2328/2053/2271 2327/2054/2272
f 2327/2054/2272 1953/1810/1909 1951/1802/1900
f 2327/2054/2272 2323/2052/2270 2326/2051/2269
f 1779/1669/1739 2329/2055/2273 2306/2033/2250
f 1805/1685/1762 2322/2048/2266 2329/2055/2273
f 2308/2034/2251 2329/2055/2273 2328/2053/2271
f 2328/2053/2271 2322/2048/2266 2323/2052/2270
f 2330/2056/2274 1820/1687/1769 1819/1689/1775
f 2332/2057/2275 2331/2058/2276 2330/2056/2274
f 2331/2058/2276 1823/1690/1765 1820/1687/1769
f 2333/2059/2277 2334/2060/2278 2331/2058/2276
f 2336/2061/2279 1971/1821/1920 2337/2062/2280
f 2337/2062/2280 1967/1824/1923 2338/2063/2281
f 2336/2061/2279 2333/2059/2277 2332/2057/2275
f 2337/2062/2280 2335/2064/2282 2333/2059/2277
f 2324/2049/2267 1965/1815/1914 1958/1800/1904
f 2324/2049/2267 2340/2065/2283 2339/2066/2284
f 2339/2066/2284 1967/1824/1923 1965/1815/1914
f 2339/2066/2284 2335/2064/2282 2338/2063/2281
f 2318/2046/2264 1825/1692/1763 2341/2067/2285
f 2341/2067/2285 1823/1690/1765 2334/2060/2278
f 2320/2045/2263 2341/2067/2285 2340/2065/2283
f 2340/2065/2283 2334/2060/2278 2335/2064/2282
f 1839/1598/1791 2343/2068/2286 1840/1695/1793
f 2344/1598/2287 2343/2068/2286 2342/1598/2288
f 1840/1695/1793 2346/2069/2289 1843/1699/1797
f 2345/2070/2290 2346/2069/2289 2343/2068/2286
f 2348/1598/2291 1985/1834/1932 2349/2071/2292
f 2349/2071/2292 1981/1836/1935 2350/2072/2293
f 2348/1598/2291 2345/2070/2290 2344/1598/2287
f 2349/2071/2292 2347/2073/2294 2345/2070/2290
f 2336/2061/2279 1979/1829/1927 1972/1819/1918
f 2336/2061/2279 2352/2074/2295 2351/2075/2296
f 2351/2075/2296 1981/1836/1935 1979/1829/1927
f 2351/2075/2296 2347/2073/2294 2350/2072/2293
f 1819/1689/1775 2353/2076/2297 2330/2056/2274
f 2353/2076/2297 1843/1699/1797 2346/2069/2289
f 2332/2057/2275 2353/2076/2297 2352/2074/2295
f 2352/2074/2295 2346/2069/2289 2347/2073/2294
f 2256/1983/2199 1856/1702/1808 1684/1632/1638
f 2254/1985/2201 2354/2077/2298 2256/1983/2199
f 1856/1702/1808 2356/2078/2299 1858/1705/1811
f 2355/2079/2300 2356/2078/2299 2354/2077/2298
f 2252/1980/2196 1999/1844/1945 2358/2080/2301
f 2358/2080/2301 1995/1846/1947 2359/2081/2302
f 2252/1980/2196 2355/2079/2300 2254/1985/2201
f 2358/2080/2301 2357/2082/2303 2355/2079/2300
f 2348/1598/2291 1993/1839/1940 1986/1598/1930
f 2348/1598/2291 2361/2083/2304 2360/2084/2305
f 2360/2084/2305 1995/1846/1947 1993/1839/1940
f 2360/2084/2305 2357/2082/2303 2359/2081/2302
f 2342/1598/2288 1860/1704/1810 2362/2085/2306
f 2362/2085/2306 1858/1705/1811 2356/2078/2299
f 2344/1598/2287 2362/2085/2306 2361/2083/2304
f 2361/2083/2304 2356/2078/2299 2357/2082/2303
f 2363/2086/2307 2/4/4 1/1/1
f 2365/2087/2308 2364/2088/2309 2363/2086/2307
f 2364/2088/2309 5/14/14 2/4/4
f 2366/2089/2310 2367/2090/2311 2364/2088/2309
f 2369/2091/2312 1330/1363/1331 2370/2092/2313
f 2370/2092/2313 1325/1366/1334 2371/2093/2314
f 2365/2087/2308 2370/2092/2313 2366/2089/2310
f 2366/2089/2310 2371/2093/2314 2368/2094/2315
f 2372/2095/2316 1322/1356/1324 1321/1353/1321
f 2374/2096/2317 2373/2097/2318 2372/2095/2316
f 2373/2097/2318 1325/1366/1334 1322/1356/1324
f 2375/2098/2319 2371/2093/2314 2373/2097/2318
f 2376/2099/2320 10/11/11 2377/2100/2321
f 2377/2100/2321 5/14/14 2367/2090/2311
f 2374/2096/2317 2377/2100/2321 2375/2098/2319
f 2375/2098/2319 2367/2090/2311 2368/2094/2315
f 2376/2099/2320 26/26/26 11/9/9
f 2374/2096/2317 2378/2101/2322 2376/2099/2320
f 2378/2101/2322 28/35/35 26/26/26
f 2379/2102/2323 2380/2103/2324 2378/2101/2322
f 2372/2095/2316 1374/1395/1371 2382/2104/2325
f 2382/2104/2325 1369/1398/1373 2383/2105/2326
f 2374/2096/2317 2382/2104/2325 2379/2102/2323
f 2379/2102/2323 2383/2105/2326 2381/2106/2327
f 2384/2107/2328 1366/1389/1365 1365/1386/1362
f 2386/2108/2329 2385/2109/2330 2384/2107/2328
f 2385/2109/2330 1369/1398/1373 1366/1389/1365
f 2387/2110/2331 2383/2105/2326 2385/2109/2330
f 2388/2111/2332 32/32/32 2389/2112/2333
f 2389/2112/2333 28/35/35 2380/2103/2324
f 2386/2108/2329 2389/2112/2333 2387/2110/2331
f 2387/2110/2331 2380/2103/2324 2381/2106/2327
f 2388/2111/2332 46/46/46 33/30/30
f 2386/2108/2329 2390/2113/2334 2388/2111/2332
f 2390/2113/2334 48/55/55 46/46/46
f 2391/2114/2335 2392/2115/2336 2390/2113/2334
f 2384/2107/2328 1408/1425/1403 2394/2116/2337
f 2394/2116/2337 1403/1427/1404 2395/2117/2338
f 2386/2108/2329 2394/2116/2337 2391/2114/2335
f 2391/2114/2335 2395/2117/2338 2393/2118/2339
f 2396/2119/2340 1400/1419/1397 1399/1416/1394
f 2398/2120/2341 2397/2121/2342 2396/2119/2340
f 2397/2121/2342 1403/1427/1404 1400/1419/1397
f 2399/2122/2343 2395/2117/2338 2397/2121/2342
f 2400/2123/2344 52/52/52 2401/2124/2345
f 2401/2124/2345 48/55/55 2392/2115/2336
f 2398/2120/2341 2401/2124/2345 2399/2122/2343
f 2399/2122/2343 2392/2115/2336 2393/2118/2339
f 2400/2125/2344 66/68/66 53/65/50
f 2398/2126/2341 2402/2127/2346 2400/2125/2344
f 2402/2127/2346 68/78/75 66/68/66
f 2403/2128/2347 2404/2129/2348 2402/2127/2346
f 2396/2130/2340 1442/1450/1434 2406/2131/2349
f 2406/2131/2349 1437/1453/1435 2407/2132/2350
f 2398/2126/2341 2406/2131/2349 2403/2128/2347
f 2403/2128/2347 2407/2132/2350 2405/2133/2351
f 2408/2134/2352 1434/1443/1428 1433/1440/1425
f 2410/2135/2353 2409/2136/2354 2408/2134/2352
f 2409/2136/2354 1437/1453/1435 1434/1443/1428
f 2411/2137/2355 2407/2132/2350 2409/2136/2354
f 2412/2138/2356 72/75/72 2413/2139/2357
f 2413/2139/2357 68/78/75 2404/2129/2348
f 2410/2135/2353 2413/2139/2357 2411/2137/2355
f 2411/2137/2355 2404/2129/2348 2405/2133/2351
f 2412/2138/2356 86/90/86 73/73/70
f 2410/2135/2353 2414/2140/2358 2412/2138/2356
f 2414/2140/2358 88/99/95 86/90/86
f 2415/2141/2359 2416/2142/2360 2414/2140/2358
f 2408/2134/2352 1476/1477/1465 2418/2143/2361
f 2418/2143/2361 1471/1479/1467 2419/2144/2362
f 2410/2135/2353 2418/2143/2361 2415/2141/2359
f 2415/2141/2359 2419/2144/2362 2417/2145/2363
f 2420/2146/2364 1468/1472/1459 1467/1470/1456
f 2422/2147/2365 2421/2148/2366 2420/2146/2364
f 2421/2148/2366 1471/1479/1467 1468/1472/1459
f 2423/2149/2367 2419/2144/2362 2421/2148/2366
f 2424/2150/2368 92/96/92 2425/2151/2369
f 2425/2151/2369 88/99/95 2416/2142/2360
f 2422/2147/2365 2425/2151/2369 2423/2149/2367
f 2423/2149/2367 2416/2142/2360 2417/2145/2363
f 2424/2150/2368 106/110/106 93/94/90
f 2422/2147/2365 2426/2152/2370 2424/2150/2368
f 2426/2152/2370 108/119/115 106/110/106
f 2427/2153/2371 2428/2154/2372 2426/2152/2370
f 2420/2146/2364 1510/1502/1497 2430/2155/2373
f 2430/2155/2373 1505/1504/1498 2431/2156/2374
f 2422/2147/2365 2430/2155/2373 2427/2153/2371
f 2427/2153/2371 2431/2156/2374 2429/2157/2375
f 2432/2158/2376 1502/1496/1491 1501/1493/1488
f 2434/2159/2377 2433/2160/2378 2432/2158/2376
f 2433/2160/2378 1505/1504/1498 1502/1496/1491
f 2435/2161/2379 2431/2156/2374 2433/2160/2378
f 2436/2162/2380 112/116/112 2437/2163/2381
f 2437/2163/2381 108/119/115 2428/2154/2372
f 2434/2159/2377 2437/2163/2381 2435/2161/2379
f 2435/2161/2379 2428/2154/2372 2429/2157/2375
f 2436/2162/2380 126/130/126 113/114/110
f 2434/2159/2377 2438/2164/2382 2436/2162/2380
f 2438/2164/2382 128/139/135 126/130/126
f 2439/2165/2383 2440/2166/2384 2438/2164/2382
f 2432/2158/2376 1544/1528/1528 2442/2167/2385
f 2442/2167/2385 1539/1530/1530 2443/2168/2386
f 2434/2159/2377 2442/2167/2385 2439/2165/2383
f 2439/2165/2383 2443/2168/2386 2441/2169/2387
f 2444/2170/2388 1536/1522/1522 1535/1519/1519
f 2446/2171/2389 2445/2172/2390 2444/2170/2388
f 2445/2172/2390 1539/1530/1530 1536/1522/1522
f 2447/2173/2391 2443/2168/2386 2445/2172/2390
f 2448/2174/2392 132/136/132 2449/2175/2393
f 2449/2175/2393 128/139/135 2440/2166/2384
f 2446/2171/2389 2449/2175/2393 2447/2173/2391
f 2447/2173/2391 2440/2166/2384 2441/2169/2387
f 2448/2174/2392 146/150/146 133/134/130
f 2446/2171/2389 2450/2176/2394 2448/2174/2392
f 2450/2176/2394 148/159/155 146/150/146
f 2451/2177/2395 2452/2178/2396 2450/2176/2394
f 2444/2170/2388 1578/1554/1560 2454/2179/2397
f 2454/2179/2397 1573/1557/1561 2455/2180/2398
f 2446/2171/2389 2454/2179/2397 2451/2177/2395
f 2451/2177/2395 2455/2180/2398 2453/2181/2399
f 2456/2182/2400 1570/1548/1554 1569/1545/1551
f 2458/2183/2401 2457/2184/2402 2456/2182/2400
f 2457/2184/2402 1573/1557/1561 1570/1548/1554
f 2459/2185/2403 2455/2180/2398 2457/2184/2402
f 2460/2186/2404 152/156/152 2461/2187/2405
f 2461/2187/2405 148/159/155 2452/2178/2396
f 2458/2183/2401 2461/2187/2405 2459/2185/2403
f 2459/2185/2403 2452/2178/2396 2453/2181/2399
f 2460/2186/2404 166/170/166 153/154/150
f 2458/2183/2401 2462/2188/2406 2460/2186/2404
f 2462/2188/2406 168/179/175 166/170/166
f 2463/2189/2407 2464/2190/2408 2462/2188/2406
f 2456/2182/2400 1612/1584/1591 2466/2191/2409
f 2466/2191/2409 1607/1586/1592 2467/2192/2410
f 2458/2183/2401 2466/2191/2409 2463/2189/2407
f 2463/2189/2407 2467/2192/2410 2465/2193/2411
f 2468/2194/2412 1604/1578/1585 1603/1575/1582
f 2470/2195/2413 2469/2196/2414 2468/2194/2412
f 2469/2196/2414 1607/1586/1592 1604/1578/1585
f 2471/2197/2415 2467/2192/2410 2469/2196/2414
f 2472/2198/2416 172/176/172 2473/2199/2417
f 2473/2199/2417 168/179/175 2464/2190/2408
f 2470/2195/2413 2473/2199/2417 2471/2197/2415
f 2471/2197/2415 2464/2190/2408 2465/2193/2411
f 2472/2198/2416 186/190/186 173/174/170
f 2470/2195/2413 2474/2200/2418 2472/2198/2416
f 2474/2200/2418 188/197/193 186/190/186
f 2475/2201/2419 2476/2202/2420 2474/2200/2418
f 2468/2194/2412 1643/1607/1618 2478/2203/2421
f 2478/2203/2421 1639/1610/1620 2479/2204/2422
f 2470/2195/2413 2478/2203/2421 2475/2201/2419
f 2475/2201/2419 2479/2204/2422 2477/2205/2423
f 2369/2091/2312 1637/1602/1614 1331/1361/1329
f 2365/2087/2308 2480/2206/2424 2369/2091/2312
f 2480/2206/2424 1639/1610/1620 1637/1602/1614
f 2481/2207/2425 2479/2204/2422 2480/2206/2424
f 2363/2086/2307 192/195/191 2482/2208/2426
f 2482/2208/2426 188/197/193 2476/2202/2420
f 2365/2087/2308 2482/2208/2426 2481/2207/2425
f 2481/2207/2425 2476/2202/2420 2477/2205/2423
f 1/1/1 2/4/4 3/2/2
f 2/4/4 5/14/14 6/5/5
f 4/3/3 3/2/2 7/6/6
f 3/2/2 6/5/5 9/8/8
f 11/9/9 12/12/12 13/10/10
f 12/12/12 14/20/20 15/13/13
f 10/11/11 13/10/10 6/5/5
f 13/10/10 15/13/13 9/8/8
f 17/15/15 18/19/19 19/16/16
f 20/18/18 21/21/21 18/19/19
f 18/19/19 15/13/13 14/20/20
f 21/21/21 9/8/8 15/13/13
f 22/22/22 23/199/195 24/23/23
f 25/24/24 24/23/23 8/7/7
f 20/18/18 22/22/22 25/24/24
f 21/21/21 25/24/24 7/6/6
f 11/9/9 26/26/26 27/25/25
f 26/26/26 28/35/35 29/27/27
f 12/12/12 27/25/25 30/28/28
f 27/25/25 29/27/27 31/29/29
f 33/30/30 34/33/33 35/31/31
f 34/33/33 36/41/41 37/34/34
f 32/32/32 35/31/31 29/27/27
f 35/31/31 37/34/34 31/29/29
f 39/36/36 40/40/40 41/37/37
f 42/39/39 43/42/42 40/40/40
f 40/40/40 37/34/34 36/41/41
f 43/42/42 31/29/29 37/34/34
f 44/43/43 16/17/17 19/16/16
f 45/44/44 19/16/16 14/20/20
f 42/39/39 44/43/43 45/44/44
f 43/42/42 45/44/44 30/28/28
f 33/30/30 46/46/46 47/45/45
f 46/46/46 48/55/55 49/47/47
f 34/33/33 47/45/45 50/48/48
f 47/45/45 49/47/47 51/49/49
f 53/50/50 54/53/53 55/51/51
f 54/53/53 56/61/61 57/54/54
f 52/52/52 55/51/51 49/47/47
f 55/51/51 57/54/54 51/49/49
f 59/56/56 60/60/60 61/57/57
f 62/59/59 63/62/62 60/60/60
f 60/60/60 57/54/54 56/61/61
f 63/62/62 51/49/49 57/54/54
f 64/63/63 38/38/38 41/37/37
f 65/64/64 41/37/37 36/41/41
f 62/59/59 64/63/63 65/64/64
f 63/62/62 65/64/64 50/48/48
f 53/65/50 66/68/66 67/66/65
f 66/68/66 68/78/75 69/69/67
f 54/67/53 67/66/65 70/70/68
f 67/66/65 69/69/67 71/72/69
f 73/73/70 74/76/73 75/74/71
f 74/76/73 76/84/81 77/77/74
f 72/75/72 75/74/71 69/69/67
f 75/74/71 77/77/74 71/72/69
f 79/79/76 80/83/80 81/80/77
f 82/82/79 83/85/82 80/83/80
f 80/83/80 77/77/74 76/84/81
f 83/85/82 71/72/69 77/77/74
f 84/86/83 58/273/58 61/87/57
f 85/88/84 61/87/57 56/71/61
f 82/82/79 84/86/83 85/88/84
f 83/85/82 85/88/84 70/70/68
f 73/73/70 86/90/86 87/89/85
f 86/90/86 88/99/95 89/91/87
f 74/76/73 87/89/85 90/92/88
f 87/89/85 89/91/87 91/93/89
f 93/94/90 94/97/93 95/95/91
f 94/97/93 96/105/101 97/98/94
f 92/96/92 95/95/91 89/91/87
f 95/95/91 97/98/94 91/93/89
f 99/100/96 100/104/100 101/101/97
f 102/103/99 103/106/102 100/104/100
f 100/104/100 97/98/94 96/105/101
f 103/106/102 91/93/89 97/98/94
f 104/107/103 78/81/78 81/80/77
f 105/108/104 81/80/77 76/84/81
f 102/103/99 104/107/103 105/108/104
f 103/106/102 105/108/104 90/92/88
f 93/94/90 106/110/106 107/109/105
f 106/110/106 108/119/115 109/111/107
f 94/97/93 107/109/105 110/112/108
f 107/109/105 109/111/107 111/113/109
f 113/114/110 114/117/113 115/115/111
f 114/117/113 116/125/121 117/118/114
f 112/116/112 115/115/111 109/111/107
f 115/115/111 117/118/114 111/113/109
f 119/120/116 120/124/120 121/121/117
f 122/123/119 123/126/122 120/124/120
f 120/124/120 117/118/114 116/125/121
f 123/126/122 111/113/109 117/118/114
f 124/127/123 98/102/98 101/101/97
f 125/128/124 101/101/97 96/105/101
f 122/123/119 124/127/123 125/128/124
f 123/126/122 125/128/124 110/112/108
f 113/114/110 126/130/126 127/129/125
f 126/130/126 128/139/135 129/131/127
f 114/117/113 127/129/125 130/132/128
f 127/129/125 129/131/127 131/133/129
f 133/134/130 134/137/133 135/135/131
f 134/137/133 136/145/141 137/138/134
f 132/136/132 135/135/131 129/131/127
f 135/135/131 137/138/134 131/133/129
f 139/140/136 140/144/140 141/141/137
f 142/143/139 143/146/142 140/144/140
f 140/144/140 137/138/134 136/145/141
f 143/146/142 131/133/129 137/138/134
f 144/147/143 118/122/118 121/121/117
f 145/148/144 121/121/117 116/125/121
f 142/143/139 144/147/143 145/148/144
f 143/146/142 145/148/144 130/132/128
f 133/134/130 146/150/146 147/149/145
f 146/150/146 148/159/155 149/151/147
f 134/137/133 147/149/145 150/152/148
f 147/149/145 149/151/147 151/153/149
f 153/154/150 154/157/153 155/155/151
f 154/157/153 156/165/161 157/158/154
f 152/156/152 155/155/151 149/151/147
f 155/155/151 157/158/154 151/153/149
f 159/160/156 160/164/160 161/161/157
f 162/163/159 163/166/162 160/164/160
f 160/164/160 157/158/154 156/165/161
f 163/166/162 151/153/149 157/158/154
f 164/167/163 138/142/138 141/141/137
f 165/168/164 141/141/137 136/145/141
f 162/163/159 164/167/163 165/168/164
f 163/166/162 165/168/164 150/152/148
f 153/154/150 166/170/166 167/169/165
f 166/170/166 168/179/175 169/171/167
f 154/157/153 167/169/165 170/172/168
f 167/169/165 169/171/167 171/173/169
f 173/174/170 174/177/173 175/175/171
f 174/177/173 176/185/181 177/178/174
f 172/176/172 175/175/171 169/171/167
f 175/175/171 177/178/174 171/173/169
f 179/180/176 180/184/180 181/181/177
f 182/183/179 183/186/182 180/184/180
f 180/184/180 177/178/174 176/185/181
f 183/186/182 171/173/169 177/178/174
f 184/187/183 158/162/158 161/161/157
f 185/188/184 161/161/157 156/165/161
f 182/183/179 184/187/183 185/188/184
f 183/186/182 185/188/184 170/172/168
f 173/174/170 186/190/186 187/189/185
f 186/190/186 188/197/193 189/191/187
f 174/177/173 187/189/185 190/192/188
f 187/189/185 189/191/187 191/193/189
f 1/1/1 4/3/3 193/194/190
f 4/3/3 8/7/7 194/196/192
f 192/195/191 193/194/190 189/191/187
f 193/194/190 194/196/192 191/193/189
f 195/198/194 196/201/197 24/23/23
f 197/200/196 198/202/198 196/201/197
f 196/201/197 194/196/192 8/7/7
f 198/202/198 191/193/189 194/196/192
f 199/203/199 178/182/178 181/181/177
f 200/204/200 181/181/177 176/185/181
f 197/200/196 199/203/199 200/204/200
f 198/202/198 200/204/200 190/192/188
f 16/17/17 201/206/202 202/205/201
f 201/206/202 203/215/211 204/207/203
f 17/15/15 202/205/201 205/208/204
f 202/205/201 204/207/203 206/209/205
f 207/210/206 208/236/232 209/211/207
f 210/212/208 209/211/207 211/213/209
f 203/215/211 207/210/206 210/212/208
f 204/207/203 210/212/208 212/214/210
f 214/216/212 215/220/216 216/217/213
f 217/219/215 218/221/217 215/220/216
f 215/220/216 212/214/210 211/213/209
f 218/221/217 206/209/205 212/214/210
f 23/199/195 22/22/22 220/222/218
f 22/22/22 20/18/18 205/208/204
f 219/223/219 220/222/218 218/221/217
f 220/222/218 205/208/204 206/209/205
f 38/38/38 221/225/221 222/224/220
f 221/225/221 223/234/230 224/226/222
f 39/36/36 222/224/220 225/227/223
f 222/224/220 224/226/222 226/228/224
f 227/229/225 228/252/248 229/230/226
f 230/231/227 229/230/226 231/232/228
f 223/234/230 227/229/225 230/231/227
f 224/226/222 230/231/227 232/233/229
f 207/210/206 233/237/233 234/235/231
f 203/215/211 235/238/234 233/237/233
f 233/237/233 232/233/229 231/232/228
f 235/238/234 226/228/224 232/233/229
f 16/17/17 44/43/43 236/239/235
f 44/43/43 42/39/39 225/227/223
f 201/206/202 236/239/235 235/238/234
f 236/239/235 225/227/223 226/228/224
f 58/58/58 237/241/237 238/240/236
f 237/241/237 239/250/246 240/242/238
f 59/56/56 238/240/236 241/243/239
f 238/240/236 240/242/238 242/244/240
f 243/245/241 244/405/264 245/246/242
f 246/247/243 245/246/242 247/248/244
f 239/250/246 243/245/241 246/247/243
f 240/242/238 246/247/243 248/249/245
f 227/229/225 249/253/249 250/251/247
f 223/234/230 251/254/250 249/253/249
f 249/253/249 248/249/245 247/248/244
f 251/254/250 242/244/240 248/249/245
f 38/38/38 64/63/63 252/255/251
f 64/63/63 62/59/59 241/243/239
f 221/225/221 252/255/251 251/254/250
f 252/255/251 241/243/239 242/244/240
f 78/81/78 253/257/253 254/256/252
f 253/257/253 255/266/262 256/258/254
f 79/79/76 254/256/252 257/259/255
f 254/256/252 256/258/254 258/260/256
f 259/261/257 260/288/280 261/262/258
f 262/263/259 261/262/258 263/264/260
f 255/266/262 259/261/257 262/263/259
f 256/258/254 262/263/259 264/265/261
f 243/267/241 265/271/265 266/268/263
f 239/270/246 267/272/266 265/271/265
f 265/271/265 264/265/261 263/264/260
f 267/272/266 258/260/256 264/265/261
f 58/273/58 84/86/83 268/274/267
f 84/86/83 82/82/79 257/259/255
f 237/275/237 268/274/267 267/272/266
f 268/274/267 257/259/255 258/260/256
f 98/102/98 269/277/269 270/276/268
f 269/277/269 271/286/278 272/278/270
f 99/100/96 270/276/268 273/279/271
f 270/276/268 272/278/270 274/280/272
f 275/281/273 276/304/296 277/282/274
f 278/283/275 277/282/274 279/284/276
f 271/286/278 275/281/273 278/283/275
f 272/278/270 278/283/275 280/285/277
f 259/261/257 281/289/281 282/287/279
f 255/266/262 283/290/282 281/289/281
f 281/289/281 280/285/277 279/284/276
f 283/290/282 274/280/272 280/285/277
f 78/81/78 104/107/103 284/291/283
f 104/107/103 102/103/99 273/279/271
f 253/257/253 284/291/283 283/290/282
f 284/291/283 273/279/271 274/280/272
f 118/122/118 285/293/285 286/292/284
f 285/293/285 287/302/294 288/294/286
f 119/120/116 286/292/284 289/295/287
f 286/292/284 288/294/286 290/296/288
f 291/297/289 292/320/312 293/298/290
f 294/299/291 293/298/290 295/300/292
f 287/302/294 291/297/289 294/299/291
f 288/294/286 294/299/291 296/301/293
f 275/281/273 297/305/297 298/303/295
f 271/286/278 299/306/298 297/305/297
f 297/305/297 296/301/293 295/300/292
f 299/306/298 290/296/288 296/301/293
f 98/102/98 124/127/123 300/307/299
f 124/127/123 122/123/119 289/295/287
f 269/277/269 300/307/299 299/306/298
f 300/307/299 289/295/287 290/296/288
f 138/142/138 301/309/301 302/308/300
f 301/309/301 303/318/310 304/310/302
f 139/140/136 302/308/300 305/311/303
f 302/308/300 304/310/302 306/312/304
f 307/313/305 308/336/328 309/314/306
f 310/315/307 309/314/306 311/316/308
f 303/318/310 307/313/305 310/315/307
f 304/310/302 310/315/307 312/317/309
f 291/297/289 313/321/313 314/319/311
f 287/302/294 315/322/314 313/321/313
f 313/321/313 312/317/309 311/316/308
f 315/322/314 306/312/304 312/317/309
f 118/122/118 144/147/143 316/323/315
f 144/147/143 142/143/139 305/311/303
f 285/293/285 316/323/315 315/322/314
f 316/323/315 305/311/303 306/312/304
f 158/162/158 317/325/317 318/324/316
f 317/325/317 319/334/326 320/326/318
f 159/160/156 318/324/316 321/327/319
f 318/324/316 320/326/318 322/328/320
f 323/329/321 324/352/344 325/330/322
f 326/331/323 325/330/322 327/332/324
f 319/334/326 323/329/321 326/331/323
f 320/326/318 326/331/323 328/333/325
f 307/313/305 329/337/329 330/335/327
f 303/318/310 331/338/330 329/337/329
f 329/337/329 328/333/325 327/332/324
f 331/338/330 322/328/320 328/333/325
f 138/142/138 164/167/163 332/339/331
f 164/167/163 162/163/159 321/327/319
f 301/309/301 332/339/331 331/338/330
f 332/339/331 321/327/319 322/328/320
f 178/182/178 333/341/333 334/340/332
f 333/341/333 335/350/342 336/342/334
f 179/180/176 334/340/332 337/343/335
f 334/340/332 336/342/334 338/344/336
f 339/345/337 340/365/357 341/346/338
f 342/347/339 341/346/338 343/348/340
f 335/350/342 339/345/337 342/347/339
f 336/342/334 342/347/339 344/349/341
f 323/329/321 345/353/345 346/351/343
f 319/334/326 347/354/346 345/353/345
f 345/353/345 344/349/341 343/348/340
f 347/354/346 338/344/336 344/349/341
f 158/162/158 184/187/183 348/355/347
f 184/187/183 182/183/179 337/343/335
f 317/325/317 348/355/347 347/354/346
f 348/355/347 337/343/335 338/344/336
f 23/199/195 219/223/219 349/356/348
f 219/223/219 217/219/215 350/357/349
f 195/198/194 349/356/348 351/358/350
f 349/356/348 350/357/349 352/359/351
f 214/216/212 213/218/214 353/360/352
f 354/361/353 353/360/352 355/362/354
f 217/219/215 214/216/212 354/361/353
f 350/357/349 354/361/353 356/363/355
f 339/345/337 357/366/358 358/364/356
f 335/350/342 359/367/359 357/366/358
f 357/366/358 356/363/355 355/362/354
f 359/367/359 352/359/351 356/363/355
f 178/182/178 199/203/199 360/368/360
f 199/203/199 197/200/196 351/358/350
f 333/341/333 360/368/360 359/367/359
f 360/368/360 351/358/350 352/359/351
f 208/236/232 361/370/362 362/369/361
f 361/370/362 363/379/371 364/371/363
f 209/211/207 362/369/361 365/372/364
f 362/369/361 364/371/363 366/373/365
f 368/374/366 369/377/369 370/375/367
f 369/377/369 371/385/377 372/378/370
f 367/376/368 370/375/367 364/371/363
f 370/375/367 372/378/370 366/373/365
f 373/380/372 374/383/375 375/381/373
f 374/383/375 377/388/380 378/384/376
f 376/382/374 375/381/373 372/378/370
f 375/381/373 378/384/376 366/373/365
f 213/218/214 216/217/213 380/386/378
f 216/217/213 211/213/209 365/372/364
f 379/387/379 380/386/378 378/384/376
f 380/386/378 365/372/364 366/373/365
f 228/252/248 381/390/382 382/389/381
f 381/390/382 383/399/391 384/391/383
f 229/230/226 382/389/381 385/392/384
f 382/389/381 384/391/383 386/393/385
f 388/394/386 389/397/389 390/395/387
f 389/397/389 391/403/395 392/398/390
f 387/396/388 390/395/387 384/391/383
f 390/395/387 392/398/390 386/393/385
f 368/374/366 367/376/368 393/400/392
f 367/376/368 363/379/371 395/402/394
f 394/401/393 393/400/392 392/398/390
f 393/400/392 395/402/394 386/393/385
f 208/236/232 234/235/231 396/404/396
f 234/235/231 231/232/228 385/392/384
f 361/370/362 396/404/396 395/402/394
f 396/404/396 385/392/384 386/393/385
f 244/405/264 397/407/398 398/406/397
f 397/407/398 399/416/407 400/408/399
f 245/246/242 398/406/397 401/409/400
f 398/406/397 400/408/399 402/410/401
f 404/411/402 405/414/405 406/412/403
f 405/414/405 407/420/411 408/415/406
f 403/413/404 406/412/403 400/408/399
f 406/412/403 408/415/406 402/410/401
f 388/394/386 387/396/388 409/417/408
f 387/396/388 383/399/391 411/419/410
f 410/418/409 409/417/408 408/415/406
f 409/417/408 411/419/410 402/410/401
f 228/252/248 250/251/247 412/421/412
f 250/251/247 247/248/244 401/409/400
f 381/390/382 412/421/412 411/419/410
f 412/421/412 401/409/400 402/410/401
f 260/288/280 413/423/414 414/422/413
f 413/423/414 415/432/423 416/424/415
f 261/262/258 414/422/413 417/425/416
f 414/422/413 416/424/415 418/426/417
f 420/427/418 421/430/421 422/428/419
f 421/430/421 423/438/427 424/431/422
f 419/429/420 422/428/419 416/424/415
f 422/428/419 424/431/422 418/426/417
f 404/433/402 403/436/404 425/434/424
f 403/436/404 399/441/407 427/437/426
f 426/435/425 425/434/424 424/431/422
f 425/434/424 427/437/426 418/426/417
f 244/269/264 266/268/263 428/439/428
f 266/268/263 263/264/260 417/425/416
f 397/440/398 428/439/428 427/437/426
f 428/439/428 417/425/416 418/426/417
f 276/304/296 429/443/430 430/442/429
f 429/443/430 431/452/439 432/444/431
f 277/282/274 430/442/429 433/445/432
f 430/442/429 432/444/431 434/446/433
f 436/447/434 437/450/437 438/448/435
f 437/450/437 439/456/443 440/451/438
f 435/449/436 438/448/435 432/444/431
f 438/448/435 440/451/438 434/446/433
f 420/427/418 419/429/420 441/453/440
f 419/429/420 415/432/423 443/455/442
f 442/454/441 441/453/440 440/451/438
f 441/453/440 443/455/442 434/446/433
f 260/288/280 282/287/279 444/457/444
f 282/287/279 279/284/276 433/445/432
f 413/423/414 444/457/444 443/455/442
f 444/457/444 433/445/432 434/446/433
f 292/320/312 445/459/446 446/458/445
f 445/459/446 447/468/455 448/460/447
f 293/298/290 446/458/445 449/461/448
f 446/458/445 448/460/447 450/462/449
f 452/463/450 453/466/453 454/464/451
f 453/466/453 455/472/459 456/467/454
f 451/465/452 454/464/451 448/460/447
f 454/464/451 456/467/454 450/462/449
f 436/447/434 435/449/436 457/469/456
f 435/449/436 431/452/439 459/471/458
f 458/470/457 457/469/456 456/467/454
f 457/469/456 459/471/458 450/462/449
f 276/304/296 298/303/295 460/473/460
f 298/303/295 295/300/292 449/461/448
f 429/443/430 460/473/460 459/471/458
f 460/473/460 449/461/448 450/462/449
f 308/336/328 461/475/462 462/474/461
f 461/475/462 463/484/471 464/476/463
f 309/314/306 462/474/461 465/477/464
f 462/474/461 464/476/463 466/478/465
f 468/479/466 469/482/469 470/480/467
f 469/482/469 471/488/475 472/483/470
f 467/481/468 470/480/467 464/476/463
f 470/480/467 472/483/470 466/478/465
f 452/463/450 451/465/452 473/485/472
f 451/465/452 447/468/455 475/487/474
f 474/486/473 473/485/472 472/483/470
f 473/485/472 475/487/474 466/478/465
f 292/320/312 314/319/311 476/489/476
f 314/319/311 311/316/308 465/477/464
f 445/459/446 476/489/476 475/487/474
f 476/489/476 465/477/464 466/478/465
f 324/352/344 477/491/478 478/490/477
f 477/491/478 479/500/487 480/492/479
f 325/330/322 478/490/477 481/493/480
f 478/490/477 480/492/479 482/494/481
f 484/495/482 485/498/485 486/496/483
f 485/498/485 487/504/491 488/499/486
f 483/497/484 486/496/483 480/492/479
f 486/496/483 488/499/486 482/494/481
f 468/479/466 467/481/468 489/501/488
f 467/481/468 463/484/471 491/503/490
f 490/502/489 489/501/488 488/499/486
f 489/501/488 491/503/490 482/494/481
f 308/336/328 330/335/327 492/505/492
f 330/335/327 327/332/324 481/493/480
f 461/475/462 492/505/492 491/503/490
f 492/505/492 481/493/480 482/494/481
f 340/365/357 493/507/494 494/506/493
f 493/507/494 495/516/503 496/508/495
f 341/346/338 494/506/493 497/509/496
f 494/506/493 496/508/495 498/510/497
f 500/511/498 501/514/501 502/512/499
f 501/514/501 503/520/507 504/515/502
f 499/513/500 502/512/499 496/508/495
f 502/512/499 504/515/502 498/510/497
f 484/495/482 483/497/484 505/517/504
f 483/497/484 479/500/487 507/519/506
f 506/518/505 505/517/504 504/515/502
f 505/517/504 507/519/506 498/510/497
f 324/352/344 346/351/343 508/521/508
f 346/351/343 343/348/340 497/509/496
f 477/491/478 508/521/508 507/519/506
f 508/521/508 497/509/496 498/510/497
f 213/218/214 379/387/379 509/522/509
f 379/387/379 377/388/380 510/523/510
f 353/360/352 509/522/509 511/524/511
f 509/522/509 510/523/510 512/525/512
f 373/380/372 513/527/514 514/526/513
f 513/527/514 515/532/519 516/528/515
f 374/383/375 514/526/513 510/523/510
f 514/526/513 516/528/515 512/525/512
f 500/511/498 499/513/500 517/529/516
f 499/513/500 495/516/503 519/531/518
f 518/530/517 517/529/516 516/528/515
f 517/529/516 519/531/518 512/525/512
f 340/365/357 358/364/356 520/533/520
f 358/364/356 355/362/354 511/524/511
f 493/507/494 520/533/520 519/531/518
f 520/533/520 511/524/511 512/525/512
f 521/534/521 522/536/523 369/377/369
f 523/535/522 524/537/524 522/536/523
f 522/536/523 525/538/525 371/385/377
f 524/537/524 526/544/531 525/538/525
f 528/539/526 529/542/529 530/540/527
f 529/542/529 531/550/537 532/543/530
f 527/541/528 530/540/527 524/537/524
f 530/540/527 532/543/530 526/544/531
f 533/545/532 534/548/535 535/546/533
f 534/548/535 537/553/540 538/549/536
f 536/547/534 535/546/533 532/543/530
f 535/546/533 538/549/536 526/544/531
f 539/551/538 373/380/372 376/382/374
f 540/552/539 376/382/374 371/385/377
f 537/553/540 539/551/538 540/552/539
f 538/549/536 540/552/539 525/538/525
f 541/554/541 542/556/543 389/397/389
f 543/555/542 544/557/544 542/556/543
f 542/556/543 545/558/545 391/403/395
f 544/557/544 546/564/551 545/558/545
f 548/559/546 549/562/549 550/560/547
f 549/562/549 551/568/555 552/563/550
f 547/561/548 550/560/547 544/557/544
f 550/560/547 552/563/550 546/564/551
f 528/539/526 527/541/528 553/565/552
f 527/541/528 523/535/522 555/567/554
f 554/566/553 553/565/552 552/563/550
f 553/565/552 555/567/554 546/564/551
f 521/534/521 368/374/366 394/401/393
f 556/569/556 394/401/393 391/403/395
f 523/535/522 521/534/521 556/569/556
f 555/567/554 556/569/556 545/558/545
f 557/570/557 558/572/559 405/414/405
f 559/571/558 560/573/560 558/572/559
f 558/572/559 561/574/561 407/420/411
f 560/573/560 562/580/567 561/574/561
f 564/575/562 565/578/565 566/576/563
f 565/578/565 567/584/571 568/579/566
f 563/577/564 566/576/563 560/573/560
f 566/576/563 568/579/566 562/580/567
f 548/559/546 547/561/548 569/581/568
f 547/561/548 543/555/542 571/583/570
f 570/582/569 569/581/568 568/579/566
f 569/581/568 571/583/570 562/580/567
f 541/554/541 388/394/386 410/418/409
f 572/585/572 410/418/409 407/420/411
f 543/555/542 541/554/541 572/585/572
f 571/583/570 572/585/572 561/574/561
f 573/586/573 574/588/575 421/430/421
f 575/587/574 576/589/576 574/588/575
f 574/588/575 577/590/577 423/438/427
f 576/589/576 578/596/583 577/590/577
f 580/591/578 581/594/581 582/592/579
f 581/594/581 583/602/587 584/595/582
f 579/593/580 582/592/579 576/589/576
f 582/592/579 584/595/582 578/596/583
f 564/597/562 563/600/564 585/598/584
f 563/600/564 559/605/558 587/601/586
f 586/599/585 585/598/584 584/595/582
f 585/598/584 587/601/586 578/596/583
f 557/603/557 404/433/402 426/435/425
f 588/604/588 426/435/425 423/438/427
f 559/605/558 557/603/557 588/604/588
f 587/601/586 588/604/588 577/590/577
f 589/606/589 590/608/591 437/450/437
f 591/607/590 592/609/592 590/608/591
f 590/608/591 593/610/593 439/456/443
f 592/609/592 594/616/599 593/610/593
f 596/611/594 597/614/597 598/612/595
f 597/614/597 599/620/603 600/615/598
f 595/613/596 598/612/595 592/609/592
f 598/612/595 600/615/598 594/616/599
f 580/591/578 579/593/580 601/617/600
f 579/593/580 575/587/574 603/619/602
f 602/618/601 601/617/600 600/615/598
f 601/617/600 603/619/602 594/616/599
f 573/586/573 420/427/418 442/454/441
f 604/621/604 442/454/441 439/456/443
f 575/587/574 573/586/573 604/621/604
f 603/619/602 604/621/604 593/610/593
f 605/622/605 606/624/607 453/466/453
f 607/623/606 608/625/608 606/624/607
f 606/624/607 609/626/609 455/472/459
f 608/625/608 610/632/615 609/626/609
f 612/627/610 613/630/613 614/628/611
f 613/630/613 615/636/619 616/631/614
f 611/629/612 614/628/611 608/625/608
f 614/628/611 616/631/614 610/632/615
f 596/611/594 595/613/596 617/633/616
f 595/613/596 591/607/590 619/635/618
f 618/634/617 617/633/616 616/631/614
f 617/633/616 619/635/618 610/632/615
f 589/606/589 436/447/434 458/470/457
f 620/637/620 458/470/457 455/472/459
f 591/607/590 589/606/589 620/637/620
f 619/635/618 620/637/620 609/626/609
f 621/638/621 622/640/623 469/482/469
f 623/639/622 624/641/624 622/640/623
f 622/640/623 625/642/625 471/488/475
f 624/641/624 626/648/631 625/642/625
f 628/643/626 629/646/629 630/644/627
f 629/646/629 631/652/635 632/647/630
f 627/645/628 630/644/627 624/641/624
f 630/644/627 632/647/630 626/648/631
f 612/627/610 611/629/612 633/649/632
f 611/629/612 607/623/606 635/651/634
f 634/650/633 633/649/632 632/647/630
f 633/649/632 635/651/634 626/648/631
f 605/622/605 452/463/450 474/486/473
f 636/653/636 474/486/473 471/488/475
f 607/623/606 605/622/605 636/653/636
f 635/651/634 636/653/636 625/642/625
f 637/654/637 638/656/639 485/498/485
f 639/655/638 640/657/640 638/656/639
f 638/656/639 641/658/641 487/504/491
f 640/657/640 642/664/647 641/658/641
f 644/659/642 645/662/645 646/660/643
f 645/662/645 647/668/651 648/663/646
f 643/661/644 646/660/643 640/657/640
f 646/660/643 648/663/646 642/664/647
f 628/643/626 627/645/628 649/665/648
f 627/645/628 623/639/622 651/667/650
f 650/666/649 649/665/648 648/663/646
f 649/665/648 651/667/650 642/664/647
f 621/638/621 468/479/466 490/502/489
f 652/669/652 490/502/489 487/504/491
f 623/639/622 621/638/621 652/669/652
f 651/667/650 652/669/652 641/658/641
f 653/670/653 654/672/655 501/514/501
f 655/671/654 656/673/656 654/672/655
f 654/672/655 657/674/657 503/520/507
f 656/673/656 658/680/663 657/674/657
f 660/675/658 661/678/661 662/676/659
f 661/678/661 663/684/667 664/679/662
f 659/677/660 662/676/659 656/673/656
f 662/676/659 664/679/662 658/680/663
f 644/659/642 643/661/644 665/681/664
f 643/661/644 639/655/638 667/683/666
f 666/682/665 665/681/664 664/679/662
f 665/681/664 667/683/666 658/680/663
f 637/654/637 484/495/482 506/518/505
f 668/685/668 506/518/505 503/520/507
f 639/655/638 637/654/637 668/685/668
f 667/683/666 668/685/668 657/674/657
f 539/551/538 669/686/669 513/527/514
f 537/553/540 670/687/670 669/686/669
f 669/686/669 671/688/671 515/532/519
f 670/687/670 672/692/675 671/688/671
f 533/545/532 673/690/673 674/689/672
f 673/690/673 675/696/679 676/691/674
f 534/548/535 674/689/672 670/687/670
f 674/689/672 676/691/674 672/692/675
f 660/675/658 659/677/660 677/693/676
f 659/677/660 655/671/654 679/695/678
f 678/694/677 677/693/676 676/691/674
f 677/693/676 679/695/678 672/692/675
f 653/670/653 500/511/498 518/530/517
f 680/697/680 518/530/517 515/532/519
f 655/671/654 653/670/653 680/697/680
f 679/695/678 680/697/680 671/688/671
f 682/698/681 683/702/685 684/699/682
f 685/701/684 686/704/687 683/702/685
f 683/702/685 687/705/688 688/703/686
f 686/704/687 689/711/694 687/705/688
f 691/706/689 692/709/692 693/707/690
f 692/709/692 694/717/700 695/710/693
f 690/708/691 693/707/690 686/704/687
f 693/707/690 695/710/693 689/711/694
f 696/712/695 697/715/698 698/713/696
f 697/715/698 700/721/704 701/716/699
f 699/714/697 698/713/696 695/710/693
f 698/713/696 701/716/699 689/711/694
f 702/718/701 703/887/866 704/719/702
f 705/720/703 704/719/702 688/703/686
f 700/721/704 702/718/701 705/720/703
f 701/716/699 705/720/703 687/705/688
f 707/722/705 708/726/709 709/723/706
f 710/725/708 711/728/711 708/726/709
f 708/726/709 712/729/712 713/727/710
f 711/728/711 714/735/718 712/729/712
f 716/730/713 717/733/716 718/731/714
f 717/733/716 719/739/722 720/734/717
f 715/732/715 718/731/714 711/728/711
f 718/731/714 720/734/717 714/735/718
f 691/706/689 690/708/691 721/736/719
f 690/708/691 685/701/684 723/738/721
f 722/737/720 721/736/719 720/734/717
f 721/736/719 723/738/721 714/735/718
f 682/698/681 681/700/683 724/740/723
f 725/741/724 724/740/723 713/727/710
f 685/701/684 682/698/681 725/741/724
f 723/738/721 725/741/724 712/729/712
f 727/742/725 728/746/729 729/743/726
f 730/745/728 731/748/731 728/746/729
f 728/746/729 732/749/732 733/747/730
f 731/748/731 734/755/738 732/749/732
f 736/750/733 737/753/736 738/751/734
f 737/753/736 739/759/742 740/754/737
f 735/752/735 738/751/734 731/748/731
f 738/751/734 740/754/737 734/755/738
f 716/730/713 715/732/715 741/756/739
f 715/732/715 710/725/708 743/758/741
f 742/757/740 741/756/739 740/754/737
f 741/756/739 743/758/741 734/755/738
f 707/722/705 706/724/707 744/760/743
f 745/761/744 744/760/743 733/747/730
f 710/725/708 707/722/705 745/761/744
f 743/758/741 745/761/744 732/749/732
f 747/762/745 748/766/749 749/763/746
f 750/765/748 751/768/751 748/766/749
f 748/766/749 752/769/752 753/767/750
f 751/768/751 754/775/758 752/769/752
f 756/770/753 757/773/756 758/771/754
f 757/773/756 759/781/762 760/774/757
f 755/772/755 758/771/754 751/768/751
f 758/771/754 760/774/757 754/775/758
f 736/776/733 735/779/735 761/777/759
f 735/779/735 730/785/728 763/780/761
f 762/778/760 761/777/759 760/774/757
f 761/777/759 763/780/761 754/775/758
f 727/782/725 726/1154/727 764/783/763
f 765/784/764 764/783/763 753/767/750
f 730/785/728 727/782/725 765/784/764
f 763/780/761 765/784/764 752/769/752
f 767/786/765 768/790/769 769/787/766
f 770/789/768 771/792/771 768/790/769
f 768/790/769 772/793/772 773/791/770
f 771/792/771 774/799/778 772/793/772
f 776/794/773 777/797/776 778/795/774
f 777/797/776 779/803/782 780/798/777
f 775/796/775 778/795/774 771/792/771
f 778/795/774 780/798/777 774/799/778
f 756/770/753 755/772/755 781/800/779
f 755/772/755 750/765/748 783/802/781
f 782/801/780 781/800/779 780/798/777
f 781/800/779 783/802/781 774/799/778
f 747/762/745 746/764/747 784/804/783
f 785/805/784 784/804/783 773/791/770
f 750/765/748 747/762/745 785/805/784
f 783/802/781 785/805/784 772/793/772
f 787/806/785 788/810/789 789/807/786
f 790/809/788 791/812/791 788/810/789
f 788/810/789 792/813/792 793/811/790
f 791/812/791 794/819/798 792/813/792
f 796/814/793 797/817/796 798/815/794
f 797/817/796 799/823/802 800/818/797
f 795/816/795 798/815/794 791/812/791
f 798/815/794 800/818/797 794/819/798
f 776/794/773 775/796/775 801/820/799
f 775/796/775 770/789/768 803/822/801
f 802/821/800 801/820/799 800/818/797
f 801/820/799 803/822/801 794/819/798
f 767/786/765 766/788/767 804/824/803
f 805/825/804 804/824/803 793/811/790
f 770/789/768 767/786/765 805/825/804
f 803/822/801 805/825/804 792/813/792
f 807/826/805 808/830/809 809/827/806
f 810/829/808 811/832/811 808/830/809
f 808/830/809 812/833/812 813/831/810
f 811/832/811 814/839/818 812/833/812
f 816/834/813 817/837/816 818/835/814
f 817/837/816 819/843/822 820/838/817
f 815/836/815 818/835/814 811/832/811
f 818/835/814 820/838/817 814/839/818
f 796/814/793 795/816/795 821/840/819
f 795/816/795 790/809/788 823/842/821
f 822/841/820 821/840/819 820/838/817
f 821/840/819 823/842/821 814/839/818
f 787/806/785 786/808/787 824/844/823
f 825/845/824 824/844/823 813/831/810
f 790/809/788 787/806/785 825/845/824
f 823/842/821 825/845/824 812/833/812
f 827/846/825 828/850/829 829/847/826
f 830/849/828 831/852/831 828/850/829
f 828/850/829 832/853/832 833/851/830
f 831/852/831 834/859/838 832/853/832
f 836/854/833 837/857/836 838/855/834
f 837/857/836 839/863/842 840/858/837
f 835/856/835 838/855/834 831/852/831
f 838/855/834 840/858/837 834/859/838
f 816/834/813 815/836/815 841/860/839
f 815/836/815 810/829/808 843/862/841
f 842/861/840 841/860/839 840/858/837
f 841/860/839 843/862/841 834/859/838
f 807/826/805 806/828/807 844/864/843
f 845/865/844 844/864/843 833/851/830
f 810/829/808 807/826/805 845/865/844
f 843/862/841 845/865/844 832/853/832
f 847/866/845 848/870/849 849/867/846
f 850/869/848 851/872/851 848/870/849
f 848/870/849 852/873/852 853/871/850
f 851/872/851 854/879/858 852/873/852
f 856/874/853 857/877/856 858/875/854
f 857/877/856 859/883/862 860/878/857
f 855/876/855 858/875/854 851/872/851
f 858/875/854 860/878/857 854/879/858
f 836/854/833 835/856/835 861/880/859
f 835/856/835 830/849/828 863/882/861
f 862/881/860 861/880/859 860/878/857
f 861/880/859 863/882/861 854/879/858
f 827/846/825 826/848/827 864/884/863
f 865/885/864 864/884/863 853/871/850
f 830/849/828 827/846/825 865/885/864
f 863/882/861 865/885/864 852/873/852
f 702/718/701 866/888/867 867/886/865
f 700/721/704 868/890/869 866/888/867
f 866/888/867 869/891/870 870/889/868
f 868/890/869 871/895/874 869/891/870
f 696/712/695 872/893/872 873/892/871
f 872/893/872 874/899/878 875/894/873
f 697/715/698 873/892/871 868/890/869
f 873/892/871 875/894/873 871/895/874
f 856/874/853 855/876/855 876/896/875
f 855/876/855 850/869/848 878/898/877
f 877/897/876 876/896/875 875/894/873
f 876/896/875 878/898/877 871/895/874
f 847/866/845 846/868/847 879/900/879
f 880/901/880 879/900/879 870/889/868
f 850/869/848 847/866/845 880/901/880
f 878/898/877 880/901/880 869/891/870
f 881/902/881 882/905/884 883/903/882
f 882/905/884 885/915/894 886/906/885
f 884/904/883 883/903/882 887/907/886
f 883/903/882 886/906/885 889/909/888
f 890/910/889 891/941/920 892/911/890
f 893/912/891 892/911/890 894/913/892
f 885/915/894 890/910/889 893/912/891
f 886/906/885 893/912/891 895/914/893
f 897/916/895 898/920/899 899/917/896
f 900/919/898 901/921/900 898/920/899
f 898/920/899 895/914/893 894/913/892
f 901/921/900 889/909/888 895/914/893
f 903/922/901 904/925/904 905/923/902
f 904/925/904 888/908/887 887/907/886
f 902/924/903 905/923/902 901/921/900
f 905/923/902 887/907/886 889/909/888
f 906/926/905 907/929/908 908/927/906
f 907/929/908 910/939/918 911/930/909
f 909/928/907 908/927/906 912/931/910
f 908/927/906 911/930/909 914/933/912
f 915/934/913 916/961/940 917/935/914
f 918/936/915 917/935/914 919/937/916
f 910/939/918 915/934/913 918/936/915
f 911/930/909 918/936/915 920/938/917
f 890/910/889 921/942/921 922/940/919
f 885/915/894 923/943/922 921/942/921
f 921/942/921 920/938/917 919/937/916
f 923/943/922 914/933/912 920/938/917
f 881/902/881 924/945/924 925/944/923
f 924/945/924 913/932/911 912/931/910
f 882/905/884 925/944/923 923/943/922
f 925/944/923 912/931/910 914/933/912
f 926/946/925 927/949/928 928/947/926
f 927/949/928 930/959/938 931/950/929
f 929/948/927 928/947/926 932/951/930
f 928/947/926 931/950/929 934/953/932
f 935/954/933 936/1875/960 937/955/934
f 938/956/935 937/955/934 939/957/936
f 930/959/938 935/954/933 938/956/935
f 931/950/929 938/956/935 940/958/937
f 915/934/913 941/962/941 942/960/939
f 910/939/918 943/963/942 941/962/941
f 941/962/941 940/958/937 939/957/936
f 943/963/942 934/953/932 940/958/937
f 906/926/905 944/965/944 945/964/943
f 944/965/944 933/952/931 932/951/930
f 907/929/908 945/964/943 943/963/942
f 945/964/943 932/951/930 934/953/932
f 946/966/945 947/969/948 948/967/946
f 947/969/948 950/979/958 951/970/949
f 949/968/947 948/967/946 952/971/950
f 948/967/946 951/970/949 954/973/952
f 955/974/953 956/1005/980 957/975/954
f 958/976/955 957/975/954 959/977/956
f 950/979/958 955/974/953 958/976/955
f 951/970/949 958/976/955 960/978/957
f 935/980/933 961/984/961 962/981/959
f 930/983/938 963/985/962 961/984/961
f 961/984/961 960/978/957 959/977/956
f 963/985/962 954/973/952 960/978/957
f 926/986/925 964/989/964 965/987/963
f 964/989/964 953/972/951 952/971/950
f 927/988/928 965/987/963 963/985/962
f 965/987/963 952/971/950 954/973/952
f 966/990/965 967/993/968 968/991/966
f 967/993/968 970/1003/978 971/994/969
f 969/992/967 968/991/966 972/995/970
f 968/991/966 971/994/969 974/997/972
f 975/998/973 976/1025/1000 977/999/974
f 978/1000/975 977/999/974 979/1001/976
f 970/1003/978 975/998/973 978/1000/975
f 971/994/969 978/1000/975 980/1002/977
f 955/974/953 981/1006/981 982/1004/979
f 950/979/958 983/1007/982 981/1006/981
f 981/1006/981 980/1002/977 979/1001/976
f 983/1007/982 974/997/972 980/1002/977
f 946/966/945 984/1009/984 985/1008/983
f 984/1009/984 973/996/971 972/995/970
f 947/969/948 985/1008/983 983/1007/982
f 985/1008/983 972/995/970 974/997/972
f 986/1010/985 987/1013/988 988/1011/986
f 987/1013/988 990/1023/998 991/1014/989
f 989/1012/987 988/1011/986 992/1015/990
f 988/1011/986 991/1014/989 994/1017/992
f 995/1018/993 996/1045/1020 997/1019/994
f 998/1020/995 997/1019/994 999/1021/996
f 990/1023/998 995/1018/993 998/1020/995
f 991/1014/989 998/1020/995 1000/1022/997
f 975/998/973 1001/1026/1001 1002/1024/999
f 970/1003/978 1003/1027/1002 1001/1026/1001
f 1001/1026/1001 1000/1022/997 999/1021/996
f 1003/1027/1002 994/1017/992 1000/1022/997
f 966/990/965 1004/1029/1004 1005/1028/1003
f 1004/1029/1004 993/1016/991 992/1015/990
f 967/993/968 1005/1028/1003 1003/1027/1002
f 1005/1028/1003 992/1015/990 994/1017/992
f 1006/1030/1005 1007/1033/1008 1008/1031/1006
f 1007/1033/1008 1010/1043/1018 1011/1034/1009
f 1009/1032/1007 1008/1031/1006 1012/1035/1010
f 1008/1031/1006 1011/1034/1009 1014/1037/1012
f 1015/1038/1013 1016/1065/1040 1017/1039/1014
f 1018/1040/1015 1017/1039/1014 1019/1041/1016
f 1010/1043/1018 1015/1038/1013 1018/1040/1015
f 1011/1034/1009 1018/1040/1015 1020/1042/1017
f 995/1018/993 1021/1046/1021 1022/1044/1019
f 990/1023/998 1023/1047/1022 1021/1046/1021
f 1021/1046/1021 1020/1042/1017 1019/1041/1016
f 1023/1047/1022 1014/1037/1012 1020/1042/1017
f 986/1010/985 1024/1049/1024 1025/1048/1023
f 1024/1049/1024 1013/1036/1011 1012/1035/1010
f 987/1013/988 1025/1048/1023 1023/1047/1022
f 1025/1048/1023 1012/1035/1010 1014/1037/1012
f 1026/1050/1025 1027/1053/1028 1028/1051/1026
f 1027/1053/1028 1030/1063/1038 1031/1054/1029
f 1029/1052/1027 1028/1051/1026 1032/1055/1030
f 1028/1051/1026 1031/1054/1029 1034/1057/1032
f 1035/1058/1033 1036/1085/1060 1037/1059/1034
f 1038/1060/1035 1037/1059/1034 1039/1061/1036
f 1030/1063/1038 1035/1058/1033 1038/1060/1035
f 1031/1054/1029 1038/1060/1035 1040/1062/1037
f 1015/1038/1013 1041/1066/1041 1042/1064/1039
f 1010/1043/1018 1043/1067/1042 1041/1066/1041
f 1041/1066/1041 1040/1062/1037 1039/1061/1036
f 1043/1067/1042 1034/1057/1032 1040/1062/1037
f 1006/1030/1005 1044/1069/1044 1045/1068/1043
f 1044/1069/1044 1033/1056/1031 1032/1055/1030
f 1007/1033/1008 1045/1068/1043 1043/1067/1042
f 1045/1068/1043 1032/1055/1030 1034/1057/1032
f 1046/1070/1045 1047/1073/1048 1048/1071/1046
f 1047/1073/1048 1050/1083/1058 1051/1074/1049
f 1049/1072/1047 1048/1071/1046 1052/1075/1050
f 1048/1071/1046 1051/1074/1049 1054/1077/1052
f 1055/1078/1053 1056/1101/1076 1057/1079/1054
f 1058/1080/1055 1057/1079/1054 1059/1081/1056
f 1050/1083/1058 1055/1078/1053 1058/1080/1055
f 1051/1074/1049 1058/1080/1055 1060/1082/1057
f 1035/1058/1033 1061/1086/1061 1062/1084/1059
f 1030/1063/1038 1063/1087/1062 1061/1086/1061
f 1061/1086/1061 1060/1082/1057 1059/1081/1056
f 1063/1087/1062 1054/1077/1052 1060/1082/1057
f 1026/1050/1025 1064/1089/1064 1065/1088/1063
f 1064/1089/1064 1053/1076/1051 1052/1075/1050
f 1027/1053/1028 1065/1088/1063 1063/1087/1062
f 1065/1088/1063 1052/1075/1050 1054/1077/1052
f 903/922/901 902/924/903 1066/1090/1065
f 902/924/903 900/919/898 1068/1092/1067
f 1067/1091/1066 1066/1090/1065 1069/1093/1068
f 1066/1090/1065 1068/1092/1067 1071/1095/1070
f 897/916/895 896/918/897 1072/1096/1071
f 1073/1097/1072 1072/1096/1071 1074/1098/1073
f 900/919/898 897/916/895 1073/1097/1072
f 1068/1092/1067 1073/1097/1072 1075/1099/1074
f 1055/1078/1053 1076/1102/1077 1077/1100/1075
f 1050/1083/1058 1078/1103/1078 1076/1102/1077
f 1076/1102/1077 1075/1099/1074 1074/1098/1073
f 1078/1103/1078 1071/1095/1070 1075/1099/1074
f 1046/1070/1045 1079/1105/1080 1080/1104/1079
f 1079/1105/1080 1070/1094/1069 1069/1093/1068
f 1047/1073/1048 1080/1104/1079 1078/1103/1078
f 1080/1104/1079 1069/1093/1068 1071/1095/1070
f 1081/1106/1081 1082/1108/1083 529/542/529
f 1083/1107/1082 1084/1109/1084 1082/1108/1083
f 1082/1108/1083 1085/1110/1085 531/550/537
f 1084/1109/1084 1086/1114/1089 1085/1110/1085
f 681/700/683 684/699/682 1088/1111/1086
f 684/699/682 688/703/686 1089/1113/1088
f 1087/1112/1087 1088/1111/1086 1084/1109/1084
f 1088/1111/1086 1089/1113/1088 1086/1114/1089
f 703/887/866 1090/1116/1091 1091/1115/1090
f 1090/1116/1091 1092/1120/1095 1093/1117/1092
f 704/719/702 1091/1115/1090 1089/1113/1088
f 1091/1115/1090 1093/1117/1092 1086/1114/1089
f 1094/1118/1093 533/545/532 536/547/534
f 1095/1119/1094 536/547/534 531/550/537
f 1092/1120/1095 1094/1118/1093 1095/1119/1094
f 1093/1117/1092 1095/1119/1094 1085/1110/1085
f 1096/1121/1096 1097/1123/1098 549/562/549
f 1098/1122/1097 1099/1124/1099 1097/1123/1098
f 1097/1123/1098 1100/1125/1100 551/568/555
f 1099/1124/1099 1101/1129/1104 1100/1125/1100
f 706/724/707 709/723/706 1103/1126/1101
f 709/723/706 713/727/710 1104/1128/1103
f 1102/1127/1102 1103/1126/1101 1099/1124/1099
f 1103/1126/1101 1104/1128/1103 1101/1129/1104
f 681/700/683 1087/1112/1087 1105/1130/1105
f 1087/1112/1087 1083/1107/1082 1106/1131/1106
f 724/740/723 1105/1130/1105 1104/1128/1103
f 1105/1130/1105 1106/1131/1106 1101/1129/1104
f 1081/1106/1081 528/539/526 554/566/553
f 1107/1132/1107 554/566/553 551/568/555
f 1083/1107/1082 1081/1106/1081 1107/1132/1107
f 1106/1131/1106 1107/1132/1107 1100/1125/1100
f 1108/1133/1108 1109/1135/1110 565/578/565
f 1110/1134/1109 1111/1136/1111 1109/1135/1110
f 1109/1135/1110 1112/1137/1112 567/584/571
f 1111/1136/1111 1113/1141/1116 1112/1137/1112
f 726/744/727 729/743/726 1115/1138/1113
f 729/743/726 733/747/730 1116/1140/1115
f 1114/1139/1114 1115/1138/1113 1111/1136/1111
f 1115/1138/1113 1116/1140/1115 1113/1141/1116
f 706/724/707 1102/1127/1102 1117/1142/1117
f 1102/1127/1102 1098/1122/1097 1118/1143/1118
f 744/760/743 1117/1142/1117 1116/1140/1115
f 1117/1142/1117 1118/1143/1118 1113/1141/1116
f 1096/1121/1096 548/559/546 570/582/569
f 1119/1144/1119 570/582/569 567/584/571
f 1098/1122/1097 1096/1121/1096 1119/1144/1119
f 1118/1143/1118 1119/1144/1119 1112/1137/1112
f 1120/1145/1120 1121/1147/1122 581/594/581
f 1122/1146/1121 1123/1148/1123 1121/1147/1122
f 1121/1147/1122 1124/1149/1124 583/602/587
f 1123/1148/1123 1125/1153/1128 1124/1149/1124
f 746/764/747 749/763/746 1127/1150/1125
f 749/763/746 753/767/750 1128/1152/1127
f 1126/1151/1126 1127/1150/1125 1123/1148/1123
f 1127/1150/1125 1128/1152/1127 1125/1153/1128
f 726/1154/727 1114/1156/1114 1129/1155/1129
f 1114/1156/1114 1110/1160/1109 1130/1157/1130
f 764/783/763 1129/1155/1129 1128/1152/1127
f 1129/1155/1129 1130/1157/1130 1125/1153/1128
f 1108/1158/1108 564/597/562 586/599/585
f 1131/1159/1131 586/599/585 583/602/587
f 1110/1160/1109 1108/1158/1108 1131/1159/1131
f 1130/1157/1130 1131/1159/1131 1124/1149/1124
f 1132/1161/1132 1133/1163/1134 597/614/597
f 1134/1162/1133 1135/1164/1135 1133/1163/1134
f 1133/1163/1134 1136/1165/1136 599/620/603
f 1135/1164/1135 1137/1169/1140 1136/1165/1136
f 766/788/767 769/787/766 1139/1166/1137
f 769/787/766 773/791/770 1140/1168/1139
f 1138/1167/1138 1139/1166/1137 1135/1164/1135
f 1139/1166/1137 1140/1168/1139 1137/1169/1140
f 746/764/747 1126/1151/1126 1141/1170/1141
f 1126/1151/1126 1122/1146/1121 1142/1171/1142
f 784/804/783 1141/1170/1141 1140/1168/1139
f 1141/1170/1141 1142/1171/1142 1137/1169/1140
f 1120/1145/1120 580/591/578 602/618/601
f 1143/1172/1143 602/618/601 599/620/603
f 1122/1146/1121 1120/1145/1120 1143/1172/1143
f 1142/1171/1142 1143/1172/1143 1136/1165/1136
f 1144/1173/1144 1145/1175/1146 613/630/613
f 1146/1174/1145 1147/1176/1147 1145/1175/1146
f 1145/1175/1146 1148/1177/1148 615/636/619
f 1147/1176/1147 1149/1181/1152 1148/1177/1148
f 786/808/787 789/807/786 1151/1178/1149
f 789/807/786 793/811/790 1152/1180/1151
f 1150/1179/1150 1151/1178/1149 1147/1176/1147
f 1151/1178/1149 1152/1180/1151 1149/1181/1152
f 766/788/767 1138/1167/1138 1153/1182/1153
f 1138/1167/1138 1134/1162/1133 1154/1183/1154
f 804/824/803 1153/1182/1153 1152/1180/1151
f 1153/1182/1153 1154/1183/1154 1149/1181/1152
f 1132/1161/1132 596/611/594 618/634/617
f 1155/1184/1155 618/634/617 615/636/619
f 1134/1162/1133 1132/1161/1132 1155/1184/1155
f 1154/1183/1154 1155/1184/1155 1148/1177/1148
f 1156/1185/1156 1157/1187/1158 629/646/629
f 1158/1186/1157 1159/1188/1159 1157/1187/1158
f 1157/1187/1158 1160/1189/1160 631/652/635
f 1159/1188/1159 1161/1193/1164 1160/1189/1160
f 806/828/807 809/827/806 1163/1190/1161
f 809/827/806 813/831/810 1164/1192/1163
f 1162/1191/1162 1163/1190/1161 1159/1188/1159
f 1163/1190/1161 1164/1192/1163 1161/1193/1164
f 786/808/787 1150/1179/1150 1165/1194/1165
f 1150/1179/1150 1146/1174/1145 1166/1195/1166
f 824/844/823 1165/1194/1165 1164/1192/1163
f 1165/1194/1165 1166/1195/1166 1161/1193/1164
f 1144/1173/1144 612/627/610 634/650/633
f 1167/1196/1167 634/650/633 631/652/635
f 1146/1174/1145 1144/1173/1144 1167/1196/1167
f 1166/1195/1166 1167/1196/1167 1160/1189/1160
f 1168/1197/1168 1169/1199/1170 645/662/645
f 1170/1198/1169 1171/1200/1171 1169/1199/1170
f 1169/1199/1170 1172/1201/1172 647/668/651
f 1171/1200/1171 1173/1205/1176 1172/1201/1172
f 826/848/827 829/847/826 1175/1202/1173
f 829/847/826 833/851/830 1176/1204/1175
f 1174/1203/1174 1175/1202/1173 1171/1200/1171
f 1175/1202/1173 1176/1204/1175 1173/1205/1176
f 806/828/807 1162/1191/1162 1177/1206/1177
f 1162/1191/1162 1158/1186/1157 1178/1207/1178
f 844/864/843 1177/1206/1177 1176/1204/1175
f 1177/1206/1177 1178/1207/1178 1173/1205/1176
f 1156/1185/1156 628/643/626 650/666/649
f 1179/1208/1179 650/666/649 647/668/651
f 1158/1186/1157 1156/1185/1156 1179/1208/1179
f 1178/1207/1178 1179/1208/1179 1172/1201/1172
f 1180/1209/1180 1181/1211/1182 661/678/661
f 1182/1210/1181 1183/1212/1183 1181/1211/1182
f 1181/1211/1182 1184/1213/1184 663/684/667
f 1183/1212/1183 1185/1217/1188 1184/1213/1184
f 846/868/847 849/867/846 1187/1214/1185
f 849/867/846 853/871/850 1188/1216/1187
f 1186/1215/1186 1187/1214/1185 1183/1212/1183
f 1187/1214/1185 1188/1216/1187 1185/1217/1188
f 826/848/827 1174/1203/1174 1189/1218/1189
f 1174/1203/1174 1170/1198/1169 1190/1219/1190
f 864/884/863 1189/1218/1189 1188/1216/1187
f 1189/1218/1189 1190/1219/1190 1185/1217/1188
f 1168/1197/1168 644/659/642 666/682/665
f 1191/1220/1191 666/682/665 663/684/667
f 1170/1198/1169 1168/1197/1168 1191/1220/1191
f 1190/1219/1190 1191/1220/1191 1184/1213/1184
f 1094/1118/1093 1192/1221/1192 673/690/673
f 1092/1120/1095 1193/1222/1193 1192/1221/1192
f 1192/1221/1192 1194/1223/1194 675/696/679
f 1193/1222/1193 1195/1226/1197 1194/1223/1194
f 703/887/866 867/886/865 1196/1224/1195
f 867/886/865 870/889/868 1197/1225/1196
f 1090/1116/1091 1196/1224/1195 1193/1222/1193
f 1196/1224/1195 1197/1225/1196 1195/1226/1197
f 846/868/847 1186/1215/1186 1198/1227/1198
f 1186/1215/1186 1182/1210/1181 1199/1228/1199
f 879/900/879 1198/1227/1198 1197/1225/1196
f 1198/1227/1198 1199/1228/1199 1195/1226/1197
f 1180/1209/1180 660/675/658 678/694/677
f 1200/1229/1200 678/694/677 675/696/679
f 1182/1210/1181 1180/1209/1180 1200/1229/1200
f 1199/1228/1199 1200/1229/1200 1194/1223/1194
f 1201/1230/1201 1202/1232/1203 692/709/692
f 1203/1231/1202 1204/1233/1204 1202/1232/1203
f 1202/1232/1203 1205/1234/1205 694/717/700
f 1204/1233/1204 1206/1238/1209 1205/1234/1205
f 881/902/881 884/904/883 1208/1235/1206
f 884/904/883 888/908/887 1209/1237/1208
f 1207/1236/1207 1208/1235/1206 1204/1233/1204
f 1208/1235/1206 1209/1237/1208 1206/1238/1209
f 903/922/901 1210/1240/1211 1211/1239/1210
f 1210/1240/1211 1212/1244/1215 1213/1241/1212
f 904/925/904 1211/1239/1210 1209/1237/1208
f 1211/1239/1210 1213/1241/1212 1206/1238/1209
f 1214/1242/1213 696/712/695 699/714/697
f 1215/1243/1214 699/714/697 694/717/700
f 1212/1244/1215 1214/1242/1213 1215/1243/1214
f 1213/1241/1212 1215/1243/1214 1205/1234/1205
f 1216/1245/1216 1217/1247/1218 717/733/716
f 1218/1246/1217 1219/1248/1219 1217/1247/1218
f 1217/1247/1218 1220/1249/1220 719/739/722
f 1219/1248/1219 1221/1253/1224 1220/1249/1220
f 1222/1250/1221 906/926/905 909/928/907
f 909/928/907 913/932/911 1224/1252/1223
f 1222/1250/1221 1223/1251/1222 1219/1248/1219
f 1223/1251/1222 1224/1252/1223 1221/1253/1224
f 1207/1236/1207 1225/1255/1226 924/945/924
f 1207/1236/1207 1203/1231/1202 1226/1254/1225
f 1225/1255/1226 1224/1252/1223 913/932/911
f 1225/1255/1226 1226/1254/1225 1221/1253/1224
f 1201/1230/1201 691/706/689 722/737/720
f 1227/1256/1227 722/737/720 719/739/722
f 1203/1231/1202 1201/1230/1201 1227/1256/1227
f 1226/1254/1225 1227/1256/1227 1220/1249/1220
f 1228/1257/1228 1229/1259/1230 737/753/736
f 1230/1258/1229 1231/1260/1231 1229/1259/1230
f 1229/1259/1230 1232/1261/1232 739/759/742
f 1231/1260/1231 1233/1265/1236 1232/1261/1232
f 926/946/925 929/948/927 1235/1262/1233
f 929/948/927 933/952/931 1236/1264/1235
f 1234/1263/1234 1235/1262/1233 1231/1260/1231
f 1235/1262/1233 1236/1264/1235 1233/1265/1236
f 906/926/905 1222/1250/1221 1237/1266/1237
f 1222/1250/1221 1218/1246/1217 1238/1267/1238
f 944/965/944 1237/1266/1237 1236/1264/1235
f 1237/1266/1237 1238/1267/1238 1233/1265/1236
f 1216/1245/1216 716/730/713 742/757/740
f 1239/1268/1239 742/757/740 739/759/742
f 1218/1246/1217 1216/1245/1216 1239/1268/1239
f 1238/1267/1238 1239/1268/1239 1232/1261/1232
f 1240/1269/1240 1241/1271/1242 757/773/756
f 1242/1270/1241 1243/1272/1243 1241/1271/1242
f 1241/1271/1242 1244/1273/1244 759/781/762
f 1243/1272/1243 1245/1277/1248 1244/1273/1244
f 1246/1274/1245 946/966/945 949/968/947
f 1247/1275/1246 949/968/947 953/972/951
f 1246/1274/1245 1247/1275/1246 1243/1272/1243
f 1247/1275/1246 1248/1276/1247 1245/1277/1248
f 1234/1278/1234 1249/1280/1250 964/989/964
f 1234/1278/1234 1230/1283/1229 1250/1279/1249
f 964/989/964 1249/1280/1250 1248/1276/1247
f 1249/1280/1250 1250/1279/1249 1245/1277/1248
f 1228/1281/1228 736/776/733 762/778/760
f 1251/1282/1251 762/778/760 759/781/762
f 1230/1283/1229 1228/1281/1228 1251/1282/1251
f 1250/1279/1249 1251/1282/1251 1244/1273/1244
f 1252/1284/1252 1253/1286/1254 777/797/776
f 1254/1285/1253 1255/1287/1255 1253/1286/1254
f 1253/1286/1254 1256/1288/1256 779/803/782
f 1255/1287/1255 1257/1292/1260 1256/1288/1256
f 966/990/965 969/992/967 1259/1289/1257
f 969/992/967 973/996/971 1260/1291/1259
f 1258/1290/1258 1259/1289/1257 1255/1287/1255
f 1259/1289/1257 1260/1291/1259 1257/1292/1260
f 946/966/945 1246/1274/1245 1261/1293/1261
f 1246/1274/1245 1242/1270/1241 1262/1294/1262
f 984/1009/984 1261/1293/1261 1260/1291/1259
f 1261/1293/1261 1262/1294/1262 1257/1292/1260
f 1240/1269/1240 756/770/753 782/801/780
f 1263/1295/1263 782/801/780 779/803/782
f 1242/1270/1241 1240/1269/1240 1263/1295/1263
f 1262/1294/1262 1263/1295/1263 1256/1288/1256
f 1264/1296/1264 1265/1298/1266 797/817/796
f 1266/1297/1265 1267/1299/1267 1265/1298/1266
f 1265/1298/1266 1268/1300/1268 799/823/802
f 1267/1299/1267 1269/1304/1272 1268/1300/1268
f 986/1010/985 989/1012/987 1271/1301/1269
f 989/1012/987 993/1016/991 1272/1303/1271
f 1270/1302/1270 1271/1301/1269 1267/1299/1267
f 1271/1301/1269 1272/1303/1271 1269/1304/1272
f 966/990/965 1258/1290/1258 1273/1305/1273
f 1258/1290/1258 1254/1285/1253 1274/1306/1274
f 1004/1029/1004 1273/1305/1273 1272/1303/1271
f 1273/1305/1273 1274/1306/1274 1269/1304/1272
f 1252/1284/1252 776/794/773 802/821/800
f 1275/1307/1275 802/821/800 799/823/802
f 1254/1285/1253 1252/1284/1252 1275/1307/1275
f 1274/1306/1274 1275/1307/1275 1268/1300/1268
f 1276/1308/1276 1277/1310/1278 817/837/816
f 1278/1309/1277 1279/1311/1279 1277/1310/1278
f 1277/1310/1278 1280/1312/1280 819/843/822
f 1279/1311/1279 1281/1316/1284 1280/1312/1280
f 1282/1313/1281 1006/1030/1005 1009/1032/1007
f 1009/1032/1007 1013/1036/1011 1284/1315/1283
f 1282/1313/1281 1283/1314/1282 1279/1311/1279
f 1283/1314/1282 1284/1315/1283 1281/1316/1284
f 1270/1302/1270 1285/1318/1286 1024/1049/1024
f 1270/1302/1270 1266/1297/1265 1286/1317/1285
f 1285/1318/1286 1284/1315/1283 1013/1036/1011
f 1285/1318/1286 1286/1317/1285 1281/1316/1284
f 1264/1296/1264 796/814/793 822/841/820
f 1287/1319/1287 822/841/820 819/843/822
f 1266/1297/1265 1264/1296/1264 1287/1319/1287
f 1286/1317/1285 1287/1319/1287 1280/1312/1280
f 1288/1320/1288 1289/1322/1290 837/857/836
f 1290/1321/1289 1291/1323/1291 1289/1322/1290
f 1289/1322/1290 1292/1324/1292 839/863/842
f 1291/1323/1291 1293/1328/1296 1292/1324/1292
f 1026/1050/1025 1029/1052/1027 1295/1325/1293
f 1029/1052/1027 1033/1056/1031 1296/1327/1295
f 1294/1326/1294 1295/1325/1293 1291/1323/1291
f 1295/1325/1293 1296/1327/1295 1293/1328/1296
f 1006/1030/1005 1282/1313/1281 1297/1329/1297
f 1282/1313/1281 1278/1309/1277 1298/1330/1298
f 1044/1069/1044 1297/1329/1297 1296/1327/1295
f 1297/1329/1297 1298/1330/1298 1293/1328/1296
f 1276/1308/1276 816/834/813 842/861/840
f 1299/1331/1299 842/861/840 839/863/842
f 1278/1309/1277 1276/1308/1276 1299/1331/1299
f 1298/1330/1298 1299/1331/1299 1292/1324/1292
f 1300/1332/1300 1301/1334/1302 857/877/856
f 1302/1333/1301 1303/1335/1303 1301/1334/1302
f 1301/1334/1302 1304/1336/1304 859/883/862
f 1303/1335/1303 1305/1340/1308 1304/1336/1304
f 1306/1337/1305 1046/1070/1045 1049/1072/1047
f 1307/1338/1306 1049/1072/1047 1053/1076/1051
f 1306/1337/1305 1307/1338/1306 1303/1335/1303
f 1307/1338/1306 1308/1339/1307 1305/1340/1308
f 1294/1326/1294 1309/1342/1310 1064/1089/1064
f 1294/1326/1294 1290/1321/1289 1310/1341/1309
f 1064/1089/1064 1309/1342/1310 1308/1339/1307
f 1309/1342/1310 1310/1341/1309 1305/1340/1308
f 1288/1320/1288 836/854/833 862/881/860
f 1311/1343/1311 862/881/860 859/883/862
f 1290/1321/1289 1288/1320/1288 1311/1343/1311
f 1310/1341/1309 1311/1343/1311 1304/1336/1304
f 1214/1242/1213 1312/1344/1312 872/893/872
f 1212/1244/1215 1313/1345/1313 1312/1344/1312
f 1312/1344/1312 1314/1346/1314 874/899/878
f 1313/1345/1313 1315/1349/1317 1314/1346/1314
f 903/922/901 1067/1091/1066 1316/1347/1315
f 1067/1091/1066 1070/1094/1069 1317/1348/1316
f 1210/1240/1211 1316/1347/1315 1313/1345/1313
f 1316/1347/1315 1317/1348/1316 1315/1349/1317
f 1046/1070/1045 1306/1337/1305 1318/1350/1318
f 1306/1337/1305 1302/1333/1301 1319/1351/1319
f 1079/1105/1080 1318/1350/1318 1317/1348/1316
f 1318/1350/1318 1319/1351/1319 1315/1349/1317
f 1300/1332/1300 856/874/853 877/897/876
f 1320/1352/1320 877/897/876 874/899/878
f 1302/1333/1301 1300/1332/1300 1320/1352/1320
f 1319/1351/1319 1320/1352/1320 1314/1346/1314
f 1321/1353/1321 1322/1356/1324 1323/1354/1322
f 1322/1356/1324 1325/1366/1334 1326/1357/1325
f 1324/1355/1323 1323/1354/1322 1327/1358/1326
f 1323/1354/1322 1326/1357/1325 1329/1360/1328
f 1331/1361/1329 1332/1364/1332 1333/1362/1330
f 1332/1364/1332 1334/1371/1339 1335/1365/1333
f 1330/1363/1331 1333/1362/1330 1326/1357/1325
f 1333/1362/1330 1335/1365/1333 1329/1360/1328
f 1337/1367/1335 1338/1370/1338 1339/1368/1336
f 1328/1359/1327 1327/1358/1326 1338/1370/1338
f 1338/1370/1338 1335/1365/1333 1334/1371/1339
f 1327/1358/1326 1329/1360/1328 1335/1365/1333
f 1341/1372/1340 1342/1376/1344 1343/1373/1341
f 1344/1375/1343 1345/1378/1346 1342/1376/1344
f 1342/1376/1344 1346/1379/1345 1347/1377/1345
f 1345/1378/1346 1348/1385/1351 1346/1379/1345
f 1349/1380/1347 1350/1405/1377 1351/1381/1348
f 1352/1382/1349 1351/1381/1348 1353/1383/1350
f 1344/1375/1343 1349/1380/1347 1352/1382/1349
f 1345/1378/1346 1352/1382/1349 1354/1384/1351
f 1355/1383/1352 1356/1384/1355 1357/1384/1353
f 1356/1384/1355 1359/1385/1361 1360/1385/1356
f 1358/1383/1354 1357/1384/1353 1354/1384/1351
f 1357/1384/1353 1360/1385/1356 1348/1385/1351
f 1362/1377/1357 1363/1377/1360 1364/1379/1358
f 1363/1377/1360 1347/1377/1345 1346/1379/1345
f 1361/1379/1359 1364/1379/1358 1360/1385/1356
f 1364/1379/1358 1346/1379/1345 1348/1385/1351
f 1365/1386/1362 1366/1389/1365 1367/1387/1363
f 1366/1389/1365 1369/1398/1373 1370/1390/1366
f 1368/1388/1364 1367/1387/1363 1371/1391/1367
f 1367/1387/1363 1370/1390/1366 1373/1393/1369
f 1321/1353/1321 1324/1396/1323 1375/1394/1370
f 1324/1396/1323 1328/1403/1327 1376/1397/1372
f 1374/1395/1371 1375/1394/1370 1370/1390/1366
f 1375/1394/1370 1376/1397/1372 1373/1393/1369
f 1377/1399/1374 1378/1402/1375 1337/1400/1335
f 1372/1392/1368 1371/1391/1367 1378/1402/1375
f 1378/1402/1375 1376/1397/1372 1328/1403/1327
f 1371/1391/1367 1373/1393/1369 1376/1397/1372
f 1379/1404/1376 1380/1407/1379 1351/1381/1348
f 1381/1406/1378 1382/1408/1380 1380/1407/1379
f 1380/1407/1379 1383/1409/1350 1353/1383/1350
f 1382/1408/1380 1384/1415/1385 1383/1409/1350
f 1385/1410/1381 1386/1431/1408 1387/1411/1382
f 1388/1412/1383 1387/1411/1382 1389/1413/1384
f 1381/1406/1378 1385/1410/1381 1388/1412/1383
f 1382/1408/1380 1388/1412/1383 1390/1414/1384
f 1391/1413/1386 1392/1414/1389 1393/1414/1387
f 1392/1414/1389 1395/1415/1393 1396/1415/1390
f 1394/1413/1388 1393/1414/1387 1390/1414/1384
f 1393/1414/1387 1396/1415/1390 1384/1415/1385
f 1355/1383/1352 1358/1383/1354 1398/1409/1391
f 1358/1383/1354 1353/1383/1350 1383/1409/1350
f 1397/1409/1392 1398/1409/1391 1396/1415/1390
f 1398/1409/1391 1383/1409/1350 1384/1415/1385
f 1399/1416/1394 1400/1419/1397 1401/1417/1395
f 1400/1419/1397 1403/1427/1404 1404/1420/1398
f 1402/1418/1396 1401/1417/1395 1405/1421/1399
f 1401/1417/1395 1404/1420/1398 1407/1423/1401
f 1365/1386/1362 1368/1388/1364 1409/1424/1402
f 1368/1388/1364 1372/1392/1368 1410/1426/1367
f 1408/1425/1403 1409/1424/1402 1404/1420/1398
f 1409/1424/1402 1410/1426/1367 1407/1423/1401
f 1411/1428/1405 1412/1429/1406 1377/1399/1374
f 1406/1422/1400 1405/1421/1399 1412/1429/1406
f 1412/1429/1406 1410/1426/1367 1372/1392/1368
f 1405/1421/1399 1407/1423/1401 1410/1426/1367
f 1413/1430/1407 1414/1433/1410 1387/1411/1382
f 1415/1432/1409 1416/1434/1411 1414/1433/1410
f 1414/1433/1410 1417/1435/1412 1389/1413/1384
f 1416/1434/1411 1418/1439/1412 1417/1435/1412
f 1419/1436/1413 1420/1437/1439 1421/1437/1414
f 1422/1438/1415 1421/1437/1414 1423/1437/1416
f 1415/1432/1409 1419/1436/1413 1422/1438/1415
f 1416/1434/1411 1422/1438/1415 1424/1438/1412
f 1425/1437/1417 1426/1438/1420 1427/1438/1418
f 1426/1438/1420 1429/1439/1424 1430/1439/1421
f 1428/1437/1419 1427/1438/1418 1424/1438/1412
f 1427/1438/1418 1430/1439/1421 1418/1439/1412
f 1391/1413/1386 1394/1413/1388 1432/1435/1422
f 1394/1413/1388 1389/1413/1384 1417/1435/1412
f 1431/1435/1423 1432/1435/1422 1430/1439/1421
f 1432/1435/1422 1417/1435/1412 1418/1439/1412
f 1433/1440/1425 1434/1443/1428 1435/1441/1426
f 1434/1443/1428 1437/1453/1435 1438/1444/1429
f 1436/1442/1427 1435/1441/1426 1439/1445/1430
f 1435/1441/1426 1438/1444/1429 1441/1447/1432
f 1399/1448/1394 1402/1451/1396 1443/1449/1433
f 1402/1451/1396 1406/1458/1400 1444/1452/1399
f 1442/1450/1434 1443/1449/1433 1438/1444/1429
f 1443/1449/1433 1444/1452/1399 1441/1447/1432
f 1445/1454/1436 1446/1457/1437 1411/1455/1405
f 1440/1446/1431 1439/1445/1430 1446/1457/1437
f 1446/1457/1437 1444/1452/1399 1406/1458/1400
f 1439/1445/1430 1441/1447/1432 1444/1452/1399
f 1447/1459/1438 1448/1462/1441 1421/1460/1414
f 1449/1461/1440 1450/1463/1442 1448/1462/1441
f 1448/1462/1441 1451/1462/1416 1423/1460/1416
f 1450/1463/1442 1452/1469/1447 1451/1462/1416
f 1453/1464/1443 1454/1482/1471 1455/1465/1444
f 1456/1466/1445 1455/1465/1444 1457/1467/1446
f 1449/1461/1440 1453/1464/1443 1456/1466/1445
f 1450/1463/1442 1456/1466/1445 1458/1468/1446
f 1459/1467/1448 1460/1468/1451 1461/1468/1449
f 1460/1468/1451 1463/1469/1455 1464/1469/1452
f 1462/1467/1450 1461/1468/1449 1458/1468/1446
f 1461/1468/1449 1464/1469/1452 1452/1469/1447
f 1425/1460/1417 1428/1460/1419 1466/1462/1453
f 1428/1460/1419 1423/1460/1416 1451/1462/1416
f 1465/1462/1454 1466/1462/1453 1464/1469/1452
f 1466/1462/1453 1451/1462/1416 1452/1469/1447
f 1467/1470/1456 1468/1472/1459 1469/1471/1457
f 1468/1472/1459 1471/1479/1467 1472/1473/1460
f 1470/1470/1458 1469/1471/1457 1473/1474/1461
f 1469/1471/1457 1472/1473/1460 1475/1475/1463
f 1433/1440/1425 1436/1442/1427 1477/1476/1464
f 1436/1442/1427 1440/1446/1431 1478/1478/1466
f 1476/1477/1465 1477/1476/1464 1472/1473/1460
f 1477/1476/1464 1478/1478/1466 1475/1475/1463
f 1479/1456/1468 1480/1480/1469 1445/1454/1436
f 1474/1456/1462 1473/1474/1461 1480/1480/1469
f 1480/1480/1469 1478/1478/1466 1440/1446/1431
f 1473/1474/1461 1475/1475/1463 1478/1478/1466
f 1481/1481/1470 1482/1484/1473 1455/1465/1444
f 1483/1483/1472 1484/1485/1474 1482/1484/1473
f 1482/1484/1473 1485/1486/1475 1457/1467/1446
f 1484/1485/1474 1486/1492/1475 1485/1486/1475
f 1487/1487/1476 1488/1508/1502 1489/1488/1477
f 1490/1489/1478 1489/1488/1477 1491/1490/1479
f 1483/1483/1472 1487/1487/1476 1490/1489/1478
f 1484/1485/1474 1490/1489/1478 1492/1491/1479
f 1493/1490/1480 1494/1491/1483 1495/1491/1481
f 1494/1491/1483 1497/1492/1487 1498/1492/1484
f 1496/1490/1482 1495/1491/1481 1492/1491/1479
f 1495/1491/1481 1498/1492/1484 1486/1492/1475
f 1459/1467/1448 1462/1467/1450 1500/1486/1485
f 1462/1467/1450 1457/1467/1446 1485/1486/1475
f 1499/1486/1486 1500/1486/1485 1498/1492/1484
f 1500/1486/1485 1485/1486/1475 1486/1492/1475
f 1501/1493/1488 1502/1496/1491 1503/1494/1489
f 1502/1496/1491 1505/1504/1498 1506/1497/1492
f 1504/1495/1490 1503/1494/1489 1507/1498/1493
f 1503/1494/1489 1506/1497/1492 1509/1500/1495
f 1467/1470/1456 1470/1470/1458 1511/1501/1496
f 1470/1470/1458 1474/1456/1462 1512/1503/1461
f 1510/1502/1497 1511/1501/1496 1506/1497/1492
f 1511/1501/1496 1512/1503/1461 1509/1500/1495
f 1513/1505/1499 1514/1506/1500 1479/1456/1468
f 1508/1499/1494 1507/1498/1493 1514/1506/1500
f 1514/1506/1500 1512/1503/1461 1474/1456/1462
f 1507/1498/1493 1509/1500/1495 1512/1503/1461
f 1515/1507/1501 1516/1510/1504 1489/1488/1477
f 1517/1509/1503 1518/1511/1505 1516/1510/1504
f 1516/1510/1504 1519/1512/1479 1491/1490/1479
f 1518/1511/1505 1520/1518/1510 1519/1512/1479
f 1521/1513/1506 1522/1534/1534 1523/1514/1507
f 1524/1515/1508 1523/1514/1507 1525/1516/1509
f 1517/1509/1503 1521/1513/1506 1524/1515/1508
f 1518/1511/1505 1524/1515/1508 1526/1517/1510
f 1527/1516/1511 1528/1517/1514 1529/1517/1512
f 1528/1517/1514 1531/1518/1518 1532/1518/1515
f 1530/1516/1513 1529/1517/1512 1526/1517/1510
f 1529/1517/1512 1532/1518/1515 1520/1518/1510
f 1493/1490/1480 1496/1490/1482 1534/1512/1516
f 1496/1490/1482 1491/1490/1479 1519/1512/1479
f 1533/1512/1517 1534/1512/1516 1532/1518/1515
f 1534/1512/1516 1519/1512/1479 1520/1518/1510
f 1535/1519/1519 1536/1522/1522 1537/1520/1520
f 1536/1522/1522 1539/1530/1530 1540/1523/1523
f 1538/1521/1521 1537/1520/1520 1541/1524/1524
f 1537/1520/1520 1540/1523/1523 1543/1526/1526
f 1501/1493/1488 1504/1495/1490 1545/1527/1527
f 1504/1495/1490 1508/1499/1494 1546/1529/1529
f 1544/1528/1528 1545/1527/1527 1540/1523/1523
f 1545/1527/1527 1546/1529/1529 1543/1526/1526
f 1547/1531/1531 1548/1532/1532 1513/1505/1499
f 1542/1525/1525 1541/1524/1524 1548/1532/1532
f 1548/1532/1532 1546/1529/1529 1508/1499/1494
f 1541/1524/1524 1543/1526/1526 1546/1529/1529
f 1549/1533/1533 1550/1536/1536 1523/1514/1507
f 1551/1535/1535 1552/1537/1537 1550/1536/1536
f 1550/1536/1536 1553/1538/1509 1525/1516/1509
f 1552/1537/1537 1554/1544/1542 1553/1538/1509
f 1555/1539/1538 1556/1564/1565 1557/1540/1539
f 1558/1541/1540 1557/1540/1539 1559/1542/1541
f 1551/1535/1535 1555/1539/1538 1558/1541/1540
f 1552/1537/1537 1558/1541/1540 1560/1543/1541
f 1561/1542/1543 1562/1543/1546 1563/1543/1544
f 1562/1543/1546 1565/1544/1550 1566/1544/1547
f 1564/1542/1545 1563/1543/1544 1560/1543/1541
f 1563/1543/1544 1566/1544/1547 1554/1544/1542
f 1527/1516/1511 1530/1516/1513 1568/1538/1548
f 1530/1516/1513 1525/1516/1509 1553/1538/1509
f 1567/1538/1549 1568/1538/1548 1566/1544/1547
f 1568/1538/1548 1553/1538/1509 1554/1544/1542
f 1569/1545/1551 1570/1548/1554 1571/1546/1552
f 1570/1548/1554 1573/1557/1561 1574/1549/1555
f 1572/1547/1553 1571/1546/1552 1575/1550/1556
f 1571/1546/1552 1574/1549/1555 1577/1552/1558
f 1535/1519/1519 1538/1555/1521 1579/1553/1559
f 1538/1555/1521 1542/1562/1525 1580/1556/1524
f 1578/1554/1560 1579/1553/1559 1574/1549/1555
f 1579/1553/1559 1580/1556/1524 1577/1552/1558
f 1581/1558/1562 1582/1561/1563 1547/1559/1531
f 1576/1551/1557 1575/1550/1556 1582/1561/1563
f 1582/1561/1563 1580/1556/1524 1542/1562/1525
f 1575/1550/1556 1577/1552/1558 1580/1556/1524
f 1583/1563/1564 1584/1566/1567 1557/1540/1539
f 1585/1565/1566 1586/1567/1568 1584/1566/1567
f 1584/1566/1567 1587/1568/1569 1559/1542/1541
f 1586/1567/1568 1588/1574/1569 1587/1568/1569
f 1589/1569/1570 1590/1590/1596 1591/1570/1571
f 1592/1571/1572 1591/1570/1571 1593/1572/1573
f 1585/1565/1566 1589/1569/1570 1592/1571/1572
f 1586/1567/1568 1592/1571/1572 1594/1573/1569
f 1595/1572/1574 1596/1573/1577 1597/1573/1575
f 1596/1573/1577 1599/1574/1581 1600/1574/1578
f 1598/1572/1576 1597/1573/1575 1594/1573/1569
f 1597/1573/1575 1600/1574/1578 1588/1574/1569
f 1561/1542/1543 1564/1542/1545 1602/1568/1579
f 1564/1542/1545 1559/1542/1541 1587/1568/1569
f 1601/1568/1580 1602/1568/1579 1600/1574/1578
f 1602/1568/1579 1587/1568/1569 1588/1574/1569
f 1603/1575/1582 1604/1578/1585 1605/1576/1583
f 1604/1578/1585 1607/1586/1592 1608/1579/1586
f 1606/1577/1584 1605/1576/1583 1609/1580/1587
f 1605/1576/1583 1608/1579/1586 1611/1582/1589
f 1569/1545/1551 1572/1547/1553 1613/1583/1590
f 1572/1547/1553 1576/1551/1557 1614/1585/1556
f 1612/1584/1591 1613/1583/1590 1608/1579/1586
f 1613/1583/1590 1614/1585/1556 1611/1582/1589
f 1615/1587/1593 1616/1588/1594 1581/1558/1562
f 1610/1581/1588 1609/1580/1587 1616/1588/1594
f 1616/1588/1594 1614/1585/1556 1576/1551/1557
f 1609/1580/1587 1611/1582/1589 1614/1585/1556
f 1617/1589/1595 1618/1592/1598 1591/1570/1571
f 1619/1591/1597 1620/1593/1599 1618/1592/1598
f 1618/1592/1598 1621/1594/1573 1593/1572/1573
f 1620/1593/1599 1622/1600/1604 1621/1594/1573
f 1623/1595/1600 1624/1615/1623 1625/1596/1601
f 1626/1597/1602 1625/1596/1601 1627/1598/1603
f 1619/1591/1597 1623/1595/1600 1626/1597/1602
f 1620/1593/1599 1626/1597/1602 1628/1599/1603
f 1629/1598/1605 1630/1599/1608 1631/1599/1606
f 1630/1599/1608 1633/1600/1612 1634/1600/1609
f 1632/1598/1607 1631/1599/1606 1628/1599/1603
f 1631/1599/1606 1634/1600/1609 1622/1600/1604
f 1595/1572/1574 1598/1572/1576 1636/1594/1610
f 1598/1572/1576 1593/1572/1573 1621/1594/1573
f 1635/1594/1611 1636/1594/1610 1634/1600/1609
f 1636/1594/1610 1621/1594/1573 1622/1600/1604
f 1331/1361/1329 1637/1602/1614 1638/1601/1613
f 1637/1602/1614 1639/1610/1620 1640/1603/1615
f 1332/1364/1332 1638/1601/1613 1641/1604/1333
f 1638/1601/1613 1640/1603/1615 1642/1605/1616
f 1603/1575/1582 1606/1608/1584 1644/1606/1617
f 1606/1608/1584 1610/1613/1588 1645/1609/1619
f 1643/1607/1618 1644/1606/1617 1640/1603/1615
f 1644/1606/1617 1645/1609/1619 1642/1605/1616
f 1339/1368/1336 1646/1612/1621 1615/1611/1593
f 1334/1371/1339 1641/1604/1333 1646/1612/1621
f 1646/1612/1621 1645/1609/1619 1610/1613/1588
f 1641/1604/1333 1642/1605/1616 1645/1609/1619
f 1647/1614/1622 1648/1617/1625 1625/1596/1601
f 1649/1616/1624 1650/1618/1626 1648/1617/1625
f 1648/1617/1625 1651/1619/1627 1627/1598/1603
f 1650/1618/1626 1652/1623/1627 1651/1619/1627
f 1653/1620/1628 1340/1374/1342 1343/1373/1341
f 1654/1621/1629 1343/1373/1341 1347/1377/1345
f 1649/1616/1624 1653/1620/1628 1654/1621/1629
f 1650/1618/1626 1654/1621/1629 1655/1622/1345
f 1362/1377/1357 1656/1622/1631 1657/1622/1630
f 1656/1622/1631 1658/1623/1635 1659/1623/1632
f 1363/1377/1360 1657/1622/1630 1655/1622/1345
f 1657/1622/1630 1659/1623/1632 1652/1623/1627
f 1629/1598/1605 1632/1598/1607 1661/1619/1633
f 1632/1598/1607 1627/1598/1603 1651/1619/1627
f 1660/1619/1634 1661/1619/1633 1659/1623/1632
f 1661/1619/1633 1651/1619/1627 1652/1623/1627
f 1663/1379/1636 1664/1379/1640 1665/1377/1637
f 1666/1385/1639 1667/1385/1648 1664/1379/1640
f 1665/1377/1637 1664/1379/1640 1668/1379/1641
f 1664/1379/1640 1667/1385/1648 1670/1385/1643
f 1671/1384/1644 1672/1383/1651 1673/1383/1645
f 1673/1383/1645 1675/1630/1653 1676/1624/1647
f 1666/1385/1639 1671/1384/1644 1674/1384/1646
f 1667/1385/1648 1674/1384/1646 1676/1624/1647
f 1678/1625/1649 1679/1629/1646 1680/1626/1650
f 1681/1628/1652 1682/1631/1654 1679/1629/1646
f 1680/1626/1650 1679/1629/1646 1676/1624/1647
f 1682/1631/1654 1670/1385/1643 1676/1624/1647
f 1684/1632/1638 1685/1701/1637 1686/1633/1655
f 1686/1633/1655 1685/1701/1637 1669/1377/1642
f 1683/1634/1656 1686/1633/1655 1682/1631/1654
f 1686/1633/1655 1668/1379/1641 1670/1385/1643
f 1687/1409/1657 1688/1409/1659 1673/1383/1645
f 1689/1415/1658 1690/1415/1666 1688/1409/1659
f 1688/1409/1659 1691/1636/1661 1675/1630/1653
f 1688/1409/1659 1690/1415/1666 1692/1635/1660
f 1693/1414/1662 1694/1413/1676 1695/1413/1663
f 1695/1413/1663 1697/1643/1672 1698/1637/1665
f 1693/1414/1662 1696/1414/1664 1690/1415/1666
f 1690/1415/1666 1696/1414/1664 1698/1637/1665
f 1699/1638/1667 1700/1642/1671 1701/1639/1668
f 1703/1641/1670 1704/1644/1673 1701/1639/1668
f 1701/1639/1668 1698/1637/1665 1697/1643/1672
f 1704/1644/1673 1692/1635/1660 1698/1637/1665
f 1677/1627/1651 1680/1626/1650 1706/1645/1659
f 1706/1645/1659 1680/1626/1650 1675/1630/1653
f 1705/1646/1674 1706/1645/1659 1704/1644/1673
f 1704/1644/1673 1706/1645/1659 1691/1636/1661
f 1707/1435/1675 1708/1435/1678 1695/1413/1663
f 1709/1439/1677 1710/1439/1685 1708/1435/1678
f 1695/1413/1663 1708/1435/1678 1711/1647/1679
f 1708/1435/1678 1710/1439/1685 1712/1648/1680
f 1713/1438/1681 1714/1437/1692 1715/1437/1682
f 1715/1437/1682 1717/1437/1689 1718/1649/1684
f 1709/1439/1677 1713/1438/1681 1716/1438/1683
f 1716/1438/1683 1718/1649/1684 1712/1648/1680
f 1720/1650/1681 1721/1652/1688 1722/1437/1686
f 1723/1651/1677 1724/1655/1685 1721/1652/1688
f 1722/1437/1686 1721/1652/1688 1718/1649/1684
f 1721/1652/1688 1724/1655/1685 1712/1648/1680
f 1725/1653/1675 1699/1638/1667 1702/1640/1669
f 1702/1640/1669 1697/1643/1672 1711/1647/1679
f 1723/1651/1677 1725/1653/1675 1726/1654/1690
f 1726/1654/1690 1711/1647/1679 1712/1648/1680
f 1727/1462/1691 1728/1462/1694 1715/1460/1682
f 1727/1462/1691 1729/1469/1701 1730/1469/1693
f 1715/1460/1682 1728/1462/1694 1731/1462/1695
f 1730/1469/1693 1732/1469/1702 1731/1462/1695
f 1733/1468/1696 1734/1467/1703 1735/1467/1697
f 1736/1468/1698 1735/1467/1697 1737/1467/1699
f 1729/1469/1701 1733/1468/1696 1736/1468/1698
f 1736/1468/1698 1738/1468/1700 1732/1469/1702
f 1739/1656/1703 1740/1658/1705 1741/1468/1698
f 1740/1658/1705 1743/1469/1709 1744/1469/1706
f 1741/1468/1698 1738/1468/1700 1737/1467/1699
f 1744/1469/1706 1732/1469/1702 1738/1468/1700
f 1719/1460/1687 1722/1460/1686 1746/1462/1707
f 1746/1462/1707 1722/1460/1686 1717/1460/1689
f 1743/1469/1709 1745/1462/1708 1746/1462/1707
f 1744/1469/1706 1746/1462/1707 1731/1462/1695
f 1747/1486/1710 1748/1486/1712 1735/1467/1697
f 1749/1492/1711 1750/1492/1714 1748/1486/1712
f 1735/1467/1697 1748/1486/1712 1751/1486/1713
f 1750/1492/1714 1752/1492/1719 1751/1486/1713
f 1753/1491/1715 1754/1490/1720 1755/1490/1716
f 1755/1490/1716 1757/1490/1724 1758/1491/1718
f 1749/1492/1711 1753/1491/1715 1756/1491/1717
f 1756/1491/1717 1758/1491/1718 1752/1492/1719
f 1759/1659/1720 1760/1662/1722 1761/1660/1721
f 1760/1662/1722 1763/1666/1726 1764/1663/1723
f 1761/1660/1721 1758/1491/1718 1757/1490/1724
f 1764/1663/1723 1752/1492/1719 1758/1491/1718
f 1765/1664/1725 1739/1656/1703 1742/1657/1704
f 1742/1657/1704 1737/1467/1699 1751/1486/1713
f 1763/1666/1726 1765/1664/1725 1766/1665/1712
f 1764/1663/1723 1766/1665/1712 1751/1486/1713
f 1767/1512/1727 1768/1512/1729 1755/1490/1716
f 1769/1518/1728 1770/1518/1736 1768/1512/1729
f 1755/1490/1716 1768/1512/1729 1771/1512/1730
f 1768/1512/1729 1770/1518/1736 1772/1518/1731
f 1773/1517/1732 1774/1516/1739 1775/1516/1733
f 1775/1516/1733 1777/1672/1741 1778/1517/1735
f 1769/1518/1728 1773/1517/1732 1776/1517/1734
f 1770/1518/1736 1776/1517/1734 1778/1517/1735
f 1780/1667/1737 1781/1671/1734 1782/1668/1738
f 1783/1670/1740 1784/1673/1742 1781/1671/1734
f 1782/1668/1738 1781/1671/1734 1778/1517/1735
f 1784/1673/1742 1772/1518/1731 1778/1517/1735
f 1759/1659/1720 1762/1661/1716 1786/1512/1743
f 1786/1512/1743 1762/1661/1716 1757/1490/1724
f 1785/1512/1744 1786/1512/1743 1784/1673/1742
f 1786/1512/1743 1771/1512/1730 1772/1518/1731
f 1787/1538/1745 1788/1538/1747 1775/1516/1733
f 1789/1544/1746 1790/1544/1754 1788/1538/1747
f 1788/1538/1747 1791/1675/1749 1777/1672/1741
f 1788/1538/1747 1790/1544/1754 1792/1674/1748
f 1793/1543/1750 1794/1542/1764 1795/1542/1751
f 1795/1542/1751 1797/1682/1760 1798/1676/1753
f 1793/1543/1750 1796/1543/1752 1790/1544/1754
f 1790/1544/1754 1796/1543/1752 1798/1676/1753
f 1799/1677/1755 1800/1681/1759 1801/1678/1756
f 1803/1680/1758 1804/1683/1761 1801/1678/1756
f 1801/1678/1756 1798/1676/1753 1797/1682/1760
f 1804/1683/1761 1792/1674/1748 1798/1676/1753
f 1779/1669/1739 1782/1668/1738 1806/1684/1747
f 1806/1684/1747 1782/1668/1738 1777/1672/1741
f 1805/1685/1762 1806/1684/1747 1804/1683/1761
f 1804/1683/1761 1806/1684/1747 1791/1675/1749
f 1807/1568/1763 1808/1568/1766 1795/1542/1751
f 1809/1574/1765 1810/1574/1773 1808/1568/1766
f 1795/1542/1751 1808/1568/1766 1811/1686/1767
f 1808/1568/1766 1810/1574/1773 1812/1574/1768
f 1813/1573/1769 1814/1572/1780 1815/1572/1770
f 1815/1572/1770 1817/1572/1777 1818/1573/1772
f 1809/1574/1765 1813/1573/1769 1816/1573/1771
f 1816/1573/1771 1818/1573/1772 1812/1574/1768
f 1820/1687/1769 1821/1691/1776 1822/1688/1774
f 1823/1690/1765 1824/1694/1773 1821/1691/1776
f 1822/1688/1774 1821/1691/1776 1818/1573/1772
f 1821/1691/1776 1824/1694/1773 1812/1574/1768
f 1825/1692/1763 1799/1677/1755 1802/1679/1757
f 1802/1679/1757 1797/1682/1760 1811/1686/1767
f 1823/1690/1765 1825/1692/1763 1826/1693/1778
f 1826/1693/1778 1811/1686/1767 1812/1574/1768
f 1827/1594/1779 1828/1594/1782 1815/1572/1770
f 1827/1594/1779 1829/1600/1789 1830/1600/1781
f 1815/1572/1770 1828/1594/1782 1831/1594/1783
f 1830/1600/1781 1832/1600/1790 1831/1594/1783
f 1833/1599/1784 1834/1598/1791 1835/1598/1785
f 1836/1599/1786 1835/1598/1785 1837/1598/1787
f 1829/1600/1789 1833/1599/1784 1836/1599/1786
f 1836/1599/1786 1838/1599/1788 1832/1600/1790
f 1839/1598/1791 1840/1695/1793 1841/1599/1786
f 1840/1695/1793 1843/1699/1797 1844/1696/1794
f 1841/1599/1786 1838/1599/1788 1837/1598/1787
f 1844/1696/1794 1832/1600/1790 1838/1599/1788
f 1819/1689/1775 1822/1688/1774 1846/1697/1795
f 1846/1697/1795 1822/1688/1774 1817/1572/1777
f 1843/1699/1797 1845/1698/1796 1846/1697/1795
f 1844/1696/1794 1846/1697/1795 1831/1594/1783
f 1847/1619/1798 1848/1619/1800 1835/1598/1785
f 1849/1623/1799 1850/1623/1802 1848/1619/1800
f 1835/1598/1785 1848/1619/1800 1851/1619/1801
f 1850/1623/1802 1852/1623/1806 1851/1619/1801
f 1853/1622/1803 1662/1377/1638 1665/1377/1637
f 1665/1377/1637 1669/1377/1642 1855/1622/1805
f 1849/1623/1799 1853/1622/1803 1854/1622/1804
f 1854/1622/1804 1855/1622/1805 1852/1623/1806
f 1684/1632/1638 1856/1702/1808 1857/1700/1807
f 1856/1702/1808 1858/1705/1811 1859/1703/1809
f 1857/1700/1807 1855/1622/1805 1669/1377/1642
f 1859/1703/1809 1852/1623/1806 1855/1622/1805
f 1860/1704/1810 1839/1598/1791 1842/1598/1792
f 1842/1598/1792 1837/1598/1787 1851/1619/1801
f 1858/1705/1811 1860/1704/1810 1861/1619/1800
f 1859/1703/1809 1861/1619/1800 1851/1619/1801
f 1862/1706/1812 1863/1709/1815 1864/1707/1813
f 1863/1709/1815 1866/1719/1825 1867/1710/1816
f 1865/1708/1814 1864/1707/1813 1868/1711/1817
f 1864/1707/1813 1867/1710/1816 1870/1713/1819
f 1872/1714/1820 1873/1717/1823 1874/1715/1821
f 1873/1717/1823 1875/1723/1830 1876/1718/1824
f 1871/1716/1822 1874/1715/1821 1867/1710/1816
f 1874/1715/1821 1876/1718/1824 1870/1713/1819
f 1878/1720/1826 1879/1722/1829 1880/1721/1827
f 1869/1712/1818 1868/1711/1817 1879/1722/1829
f 1879/1722/1829 1876/1718/1824 1875/1723/1830
f 1868/1711/1817 1870/1713/1819 1876/1718/1824
f 1872/1714/1820 1881/1725/1832 1882/1724/1831
f 1881/1725/1832 1883/1734/1841 1884/1726/1833
f 1873/1717/1823 1882/1724/1831 1885/1727/1834
f 1882/1724/1831 1884/1726/1833 1886/1728/1835
f 1888/1729/1836 1889/1732/1839 1890/1730/1837
f 1889/1732/1839 1891/1737/1844 1892/1733/1840
f 1887/1731/1838 1890/1730/1837 1884/1726/1833
f 1890/1730/1837 1892/1733/1840 1886/1728/1835
f 1880/1721/1827 1893/1736/1843 1894/1735/1842
f 1875/1723/1830 1885/1727/1834 1893/1736/1843
f 1893/1736/1843 1892/1733/1840 1891/1737/1844
f 1885/1727/1834 1886/1728/1835 1892/1733/1840
f 1888/1729/1836 1895/1739/1846 1896/1738/1845
f 1895/1739/1846 1897/1748/1855 1898/1740/1847
f 1889/1732/1839 1896/1738/1845 1899/1741/1848
f 1896/1738/1845 1898/1740/1847 1900/1742/1849
f 1902/1743/1850 1903/1746/1853 1904/1744/1851
f 1903/1746/1853 1905/1751/1857 1906/1747/1854
f 1901/1745/1852 1904/1744/1851 1898/1740/1847
f 1904/1744/1851 1906/1747/1854 1900/1742/1849
f 1894/1735/1842 1907/1750/1856 1908/1749/1542
f 1891/1737/1844 1899/1741/1848 1907/1750/1856
f 1907/1750/1856 1906/1747/1854 1905/1751/1857
f 1899/1741/1848 1900/1742/1849 1906/1747/1854
f 1902/1752/1850 1909/1755/1859 1910/1753/1858
f 1909/1755/1859 1911/1765/1867 1912/1756/1452
f 1903/1754/1853 1910/1753/1858 1913/1757/1860
f 1910/1753/1858 1912/1756/1452 1914/1759/1861
f 1916/1760/1862 1917/1763/1865 1918/1761/1863
f 1917/1763/1865 1919/1769/1870 1920/1764/1866
f 1915/1762/1864 1918/1761/1863 1912/1756/1452
f 1918/1761/1863 1920/1764/1866 1914/1759/1861
f 1908/1766/1542 1921/1768/1869 1922/1767/1868
f 1905/1758/1857 1913/1757/1860 1921/1768/1869
f 1921/1768/1869 1920/1764/1866 1919/1769/1870
f 1913/1757/1860 1914/1759/1861 1920/1764/1866
f 1916/1760/1862 1923/1771/1872 1924/1770/1871
f 1923/1771/1872 1925/1780/1881 1926/1772/1873
f 1917/1763/1865 1924/1770/1871 1927/1773/1874
f 1924/1770/1871 1926/1772/1873 1928/1774/1875
f 1930/1775/1876 1931/1778/1879 1932/1776/1877
f 1931/1778/1879 1933/1783/1884 1934/1779/1880
f 1929/1777/1878 1932/1776/1877 1926/1772/1873
f 1932/1776/1877 1934/1779/1880 1928/1774/1875
f 1922/1767/1868 1935/1782/1883 1936/1781/1882
f 1919/1769/1870 1927/1773/1874 1935/1782/1883
f 1935/1782/1883 1934/1779/1880 1933/1783/1884
f 1927/1773/1874 1928/1774/1875 1934/1779/1880
f 1930/1775/1876 1937/1786/1886 1938/1784/1885
f 1937/1786/1886 1939/1796/1895 1940/1787/1887
f 1931/1785/1879 1938/1784/1885 1941/1788/1888
f 1938/1784/1885 1940/1787/1887 1942/1790/1889
f 1944/1791/1890 1945/1794/1893 1946/1792/1891
f 1945/1794/1893 1947/1800/1898 1948/1795/1894
f 1943/1793/1892 1946/1792/1891 1940/1787/1887
f 1946/1792/1891 1948/1795/1894 1942/1790/1889
f 1936/1797/1882 1949/1799/1897 1950/1798/1896
f 1933/1789/1884 1941/1788/1888 1949/1799/1897
f 1949/1799/1897 1948/1795/1894 1947/1800/1898
f 1941/1788/1888 1942/1790/1889 1948/1795/1894
f 1944/1791/1890 1951/1802/1900 1952/1801/1899
f 1951/1802/1900 1953/1810/1909 1954/1803/1901
f 1945/1794/1893 1952/1801/1899 1955/1804/1902
f 1952/1801/1899 1954/1803/1901 1956/1805/1903
f 1958/1800/1904 1959/1808/1907 1960/1806/1905
f 1959/1808/1907 1961/1813/1912 1962/1809/1908
f 1957/1807/1906 1960/1806/1905 1954/1803/1901
f 1960/1806/1905 1962/1809/1908 1956/1805/1903
f 1950/1798/1896 1963/1812/1911 1964/1811/1910
f 1947/1800/1898 1955/1804/1902 1963/1812/1911
f 1963/1812/1911 1962/1809/1908 1961/1813/1912
f 1955/1804/1902 1956/1805/1903 1962/1809/1908
f 1958/1800/1904 1965/1815/1914 1966/1814/1913
f 1965/1815/1914 1967/1824/1923 1968/1816/1915
f 1959/1808/1907 1966/1814/1913 1969/1817/1916
f 1966/1814/1913 1968/1816/1915 1970/1818/1917
f 1972/1819/1918 1973/1822/1921 1974/1820/1919
f 1973/1822/1921 1975/1827/1925 1976/1823/1922
f 1971/1821/1920 1974/1820/1919 1968/1816/1915
f 1974/1820/1919 1976/1823/1922 1970/1818/1917
f 1964/1811/1910 1977/1826/1924 1978/1825/1385
f 1961/1813/1912 1969/1817/1916 1977/1826/1924
f 1977/1826/1924 1976/1823/1922 1975/1827/1925
f 1969/1817/1916 1970/1818/1917 1976/1823/1922
f 1972/1819/1918 1979/1829/1927 1980/1828/1926
f 1979/1829/1927 1981/1836/1935 1982/1830/1609
f 1973/1822/1921 1980/1828/1926 1983/1831/1928
f 1980/1828/1926 1982/1830/1609 1984/1832/1929
f 1986/1598/1930 1987/1598/1933 1988/1833/1931
f 1987/1598/1933 1989/1598/1938 1990/1835/1934
f 1985/1834/1932 1988/1833/1931 1982/1830/1609
f 1988/1833/1931 1990/1835/1934 1984/1832/1929
f 1978/1825/1385 1991/1837/1937 1992/1598/1936
f 1975/1827/1925 1983/1831/1928 1991/1837/1937
f 1991/1837/1937 1990/1835/1934 1989/1598/1938
f 1983/1831/1928 1984/1832/1929 1990/1835/1934
f 1986/1598/1930 1993/1839/1940 1994/1838/1939
f 1993/1839/1940 1995/1846/1947 1996/1840/1941
f 1987/1598/1933 1994/1838/1939 1997/1841/1942
f 1994/1838/1939 1996/1840/1941 1998/1842/1943
f 1862/1706/1812 1865/1708/1814 2000/1843/1944
f 1865/1708/1814 1869/1712/1818 2001/1845/1946
f 1999/1844/1945 2000/1843/1944 1996/1840/1941
f 2000/1843/1944 2001/1845/1946 1998/1842/1943
f 1992/1598/1936 2002/1847/1948 1878/1720/1826
f 1989/1598/1938 1997/1841/1942 2002/1847/1948
f 2002/1847/1948 2001/1845/1946 1869/1712/1818
f 1997/1841/1942 1998/1842/1943 2001/1845/1946
f 891/941/920 2003/1850/1951 2004/1848/1949
f 2005/1849/1950 2006/1856/1957 2004/1848/1949
f 892/911/890 2004/1848/1949 2007/1851/1952
f 2004/1848/1949 2006/1856/1957 2008/1852/1953
f 1350/1405/1377 1349/1380/1347 2010/1853/1954
f 1349/1380/1347 1344/1375/1343 2011/1855/1956
f 2009/1854/1955 2010/1853/1954 2006/1856/1957
f 2010/1853/1954 2011/1855/1956 2008/1852/1953
f 1340/1374/1342 2012/1858/1959 2013/1857/1958
f 2012/1858/1959 2014/1862/1963 2015/1859/1960
f 1341/1372/1340 2013/1857/1958 2011/1855/1956
f 2013/1857/1958 2015/1859/1960 2008/1852/1953
f 896/918/897 899/917/896 2017/1860/1961
f 899/917/896 894/913/892 2007/1851/1952
f 2014/1862/1963 2016/1861/1962 2017/1860/1961
f 2015/1859/1960 2017/1860/1961 2007/1851/1952
f 916/961/940 2018/1865/1966 2019/1863/1964
f 2020/1864/1965 2021/1867/1968 2019/1863/1964
f 917/935/914 2019/1863/1964 2022/1866/1967
f 2021/1867/1968 2023/1871/1972 2022/1866/1967
f 1386/1431/1408 1385/1410/1381 2025/1868/1969
f 1385/1410/1381 1381/1406/1378 2026/1870/1971
f 2024/1869/1970 2025/1868/1969 2021/1867/1968
f 2025/1868/1969 2026/1870/1971 2023/1871/1972
f 1350/1405/1377 2009/1854/1955 2027/1872/1973
f 2009/1854/1955 2005/1849/1950 2028/1873/1974
f 1379/1404/1376 2027/1872/1973 2026/1870/1971
f 2027/1872/1973 2028/1873/1974 2023/1871/1972
f 891/941/920 922/940/919 2029/1874/1975
f 922/940/919 919/937/916 2022/1866/1967
f 2005/1849/1950 2003/1850/1951 2029/1874/1975
f 2028/1873/1974 2029/1874/1975 2022/1866/1967
f 936/1875/960 2030/1878/1978 2031/1876/1976
f 2032/1877/1977 2033/1880/1980 2031/1876/1976
f 937/955/934 2031/1876/1976 2034/1879/1979
f 2033/1880/1980 2035/1884/1984 2034/1879/1979
f 1420/1437/1439 1419/1436/1413 2037/1881/1981
f 1419/1436/1413 1415/1432/1409 2038/1883/1983
f 2036/1882/1982 2037/1881/1981 2033/1880/1980
f 2037/1881/1981 2038/1883/1983 2035/1884/1984
f 1386/1431/1408 2024/1869/1970 2039/1885/1985
f 2024/1869/1970 2020/1864/1965 2040/1886/1986
f 1413/1430/1407 2039/1885/1985 2038/1883/1983
f 2039/1885/1985 2040/1886/1986 2035/1884/1984
f 916/961/940 942/960/939 2041/1887/1987
f 942/960/939 939/957/936 2034/1879/1979
f 2020/1864/1965 2018/1865/1966 2041/1887/1987
f 2040/1886/1986 2041/1887/1987 2034/1879/1979
f 956/1005/980 2042/1890/1990 2043/1888/1988
f 2044/1889/1989 2045/1892/1992 2043/1888/1988
f 957/975/954 2043/1888/1988 2046/1891/1991
f 2045/1892/1992 2047/1896/1996 2046/1891/1991
f 1454/1482/1471 1453/1464/1443 2049/1893/1993
f 1453/1464/1443 1449/1461/1440 2050/1895/1995
f 2048/1894/1994 2049/1893/1993 2045/1892/1992
f 2049/1893/1993 2050/1895/1995 2047/1896/1996
f 1420/1460/1439 2036/1898/1982 2051/1897/1997
f 2036/1898/1982 2032/1902/1977 2052/1899/1998
f 1447/1459/1438 2051/1897/1997 2050/1895/1995
f 2051/1897/1997 2052/1899/1998 2047/1896/1996
f 936/982/960 962/981/959 2053/1900/1999
f 962/981/959 959/977/956 2046/1891/1991
f 2032/1902/1977 2030/1901/1978 2053/1900/1999
f 2052/1899/1998 2053/1900/1999 2046/1891/1991
f 976/1025/1000 2054/1905/2002 2055/1903/2000
f 2056/1904/2001 2057/1907/2004 2055/1903/2000
f 977/999/974 2055/1903/2000 2058/1906/2003
f 2057/1907/2004 2059/1911/2008 2058/1906/2003
f 1488/1508/1502 1487/1487/1476 2061/1908/2005
f 1487/1487/1476 1483/1483/1472 2062/1910/2007
f 2060/1909/2006 2061/1908/2005 2057/1907/2004
f 2061/1908/2005 2062/1910/2007 2059/1911/2008
f 1454/1482/1471 2048/1894/1994 2063/1912/2009
f 2048/1894/1994 2044/1889/1989 2064/1913/2010
f 1481/1481/1470 2063/1912/2009 2062/1910/2007
f 2063/1912/2009 2064/1913/2010 2059/1911/2008
f 956/1005/980 982/1004/979 2065/1914/2011
f 982/1004/979 979/1001/976 2058/1906/2003
f 2044/1889/1989 2042/1890/1990 2065/1914/2011
f 2065/1914/2011 2058/1906/2003 2059/1911/2008
f 996/1045/1020 2066/1917/2014 2067/1915/2012
f 2068/1916/2013 2069/1923/2020 2067/1915/2012
f 997/1019/994 2067/1915/2012 2070/1918/2015
f 2067/1915/2012 2069/1923/2020 2071/1919/2016
f 1522/1534/1534 1521/1513/1506 2073/1920/2017
f 1521/1513/1506 1517/1509/1503 2074/1922/2019
f 2072/1921/2018 2073/1920/2017 2069/1923/2020
f 2073/1920/2017 2074/1922/2019 2071/1919/2016
f 1488/1508/1502 2060/1909/2006 2075/1924/2021
f 2060/1909/2006 2056/1904/2001 2076/1925/2022
f 1515/1507/1501 2075/1924/2021 2074/1922/2019
f 2075/1924/2021 2076/1925/2022 2071/1919/2016
f 976/1025/1000 1002/1024/999 2077/1926/2023
f 1002/1024/999 999/1021/996 2070/1918/2015
f 2056/1904/2001 2054/1905/2002 2077/1926/2023
f 2076/1925/2022 2077/1926/2023 2070/1918/2015
f 1016/1065/1040 2078/1929/2026 2079/1927/2024
f 2080/1928/2025 2081/1931/2028 2079/1927/2024
f 1017/1039/1014 2079/1927/2024 2082/1930/2027
f 2081/1931/2028 2083/1935/2032 2082/1930/2027
f 1556/1564/1565 1555/1539/1538 2085/1932/2029
f 1555/1539/1538 1551/1535/1535 2086/1934/2031
f 2084/1933/2030 2085/1932/2029 2081/1931/2028
f 2085/1932/2029 2086/1934/2031 2083/1935/2032
f 1522/1534/1534 2072/1921/2018 2087/1936/2033
f 2072/1921/2018 2068/1916/2013 2088/1937/2034
f 1549/1533/1533 2087/1936/2033 2086/1934/2031
f 2087/1936/2033 2088/1937/2034 2083/1935/2032
f 996/1045/1020 1022/1044/1019 2089/1938/2035
f 1022/1044/1019 1019/1041/1016 2082/1930/2027
f 2068/1916/2013 2066/1917/2014 2089/1938/2035
f 2088/1937/2034 2089/1938/2035 2082/1930/2027
f 1036/1085/1060 2090/1941/2038 2091/1939/2036
f 2092/1940/2037 2093/1943/2040 2091/1939/2036
f 1037/1059/1034 2091/1939/2036 2094/1942/2039
f 2093/1943/2040 2095/1947/2044 2094/1942/2039
f 1590/1590/1596 1589/1569/1570 2097/1944/2041
f 1589/1569/1570 1585/1565/1566 2098/1946/2043
f 2096/1945/2042 2097/1944/2041 2093/1943/2040
f 2097/1944/2041 2098/1946/2043 2095/1947/2044
f 1556/1564/1565 2084/1933/2030 2099/1948/2045
f 2084/1933/2030 2080/1928/2025 2100/1949/2046
f 1583/1563/1564 2099/1948/2045 2098/1946/2043
f 2099/1948/2045 2100/1949/2046 2095/1947/2044
f 1016/1065/1040 1042/1064/1039 2101/1950/2047
f 1042/1064/1039 1039/1061/1036 2094/1942/2039
f 2080/1928/2025 2078/1929/2026 2101/1950/2047
f 2100/1949/2046 2101/1950/2047 2094/1942/2039
f 1056/1101/1076 2102/1953/2050 2103/1951/2048
f 2104/1952/2049 2105/1955/2052 2103/1951/2048
f 1057/1079/1054 2103/1951/2048 2106/1954/2051
f 2105/1955/2052 2107/1959/2056 2106/1954/2051
f 1624/1615/1623 1623/1595/1600 2109/1956/2053
f 1623/1595/1600 1619/1591/1597 2110/1958/2055
f 2108/1957/2054 2109/1956/2053 2105/1955/2052
f 2109/1956/2053 2110/1958/2055 2107/1959/2056
f 1590/1590/1596 2096/1945/2042 2111/1960/2057
f 2096/1945/2042 2092/1940/2037 2112/1961/2058
f 1617/1589/1595 2111/1960/2057 2110/1958/2055
f 2111/1960/2057 2112/1961/2058 2107/1959/2056
f 1036/1085/1060 1062/1084/1059 2113/1962/2059
f 1062/1084/1059 1059/1081/1056 2106/1954/2051
f 2092/1940/2037 2090/1941/2038 2113/1962/2059
f 2112/1961/2058 2113/1962/2059 2106/1954/2051
f 896/918/897 2016/1861/1962 2114/1963/2060
f 2014/1862/1963 2115/1965/2062 2114/1963/2060
f 1072/1096/1071 2114/1963/2060 2116/1964/2061
f 2115/1965/2062 2117/1968/2065 2116/1964/2061
f 1340/1374/1342 1653/1620/1628 2118/1966/2063
f 1653/1620/1628 1649/1616/1624 2119/1967/2064
f 2012/1858/1959 2118/1966/2063 2115/1965/2062
f 2118/1966/2063 2119/1967/2064 2117/1968/2065
f 1624/1615/1623 2108/1957/2054 2120/1969/2066
f 2108/1957/2054 2104/1952/2049 2121/1970/2067
f 1647/1614/1622 2120/1969/2066 2119/1967/2064
f 2120/1969/2066 2121/1970/2067 2117/1968/2065
f 1056/1101/1076 1077/1100/1075 2122/1971/2068
f 1077/1100/1075 1074/1098/1073 2116/1964/2061
f 2104/1952/2049 2102/1953/2050 2122/1971/2068
f 2122/1971/2068 2116/1964/2061 2117/1968/2065
f 2123/1383/2069 2124/1384/2071 1356/1384/1355
f 2125/1383/2070 2126/1384/2072 2124/1384/2071
f 2124/1384/2071 2127/1385/2073 1359/1385/1361
f 2126/1384/2072 2128/1385/2077 2127/1385/2073
f 1672/1383/1651 1671/1384/1644 2130/1384/2074
f 1671/1384/1644 1666/1385/1639 2131/1385/2076
f 2129/1383/2075 2130/1384/2074 2126/1384/2072
f 2130/1384/2074 2131/1385/2076 2128/1385/2077
f 1662/1377/1638 2132/1377/2079 2133/1379/2078
f 2132/1377/2079 2134/1377/2083 2135/1379/2080
f 2133/1379/2078 2131/1385/2076 1666/1385/1639
f 2133/1379/2078 2135/1379/2080 2128/1385/2077
f 2136/1377/2081 1362/1377/1357 1361/1379/1359
f 2137/1379/2082 1361/1379/1359 1359/1385/1361
f 2134/1377/2083 2136/1377/2081 2137/1379/2082
f 2135/1379/2080 2137/1379/2082 2127/1385/2073
f 2138/1413/2084 2139/1414/2086 1392/1414/1389
f 2140/1413/2085 2141/1414/2087 2139/1414/2086
f 2139/1414/2086 2142/1415/2088 1395/1415/1393
f 2141/1414/2087 2143/1415/2092 2142/1415/2088
f 2144/1413/2089 1694/1413/1676 1693/1414/1662
f 1693/1414/1662 1689/1415/1658 2146/1415/2091
f 2144/1413/2089 2145/1414/2090 2141/1414/2087
f 2145/1414/2090 2146/1415/2091 2143/1415/2092
f 2129/1383/2075 2147/1409/2094 1687/1409/1657
f 2129/1383/2075 2125/1383/2070 2148/1409/2093
f 2147/1409/2094 2146/1415/2091 1689/1415/1658
f 2147/1409/2094 2148/1409/2093 2143/1415/2092
f 2123/1383/2069 1355/1383/1352 1397/1409/1392
f 2149/1409/2095 1397/1409/1392 1395/1415/1393
f 2125/1383/2070 2123/1383/2069 2149/1409/2095
f 2148/1409/2093 2149/1409/2095 2142/1415/2088
f 2150/1437/2096 2151/1438/1170 1426/1438/1420
f 2152/1437/2097 2153/1438/2098 2151/1438/1170
f 2151/1438/1170 2154/1439/2099 1429/1439/1424
f 2153/1438/2098 2155/1439/2103 2154/1439/2099
f 2156/1437/2100 1714/1437/1692 1713/1438/1681
f 2157/1438/2101 1713/1438/1681 1709/1439/1677
f 2156/1437/2100 2157/1438/2101 2153/1438/2098
f 2157/1438/2101 2158/1439/2102 2155/1439/2103
f 2144/1413/2089 2159/1435/2105 1707/1435/1675
f 2144/1413/2089 2140/1413/2085 2160/1435/2104
f 2159/1435/2105 2158/1439/2102 1709/1439/1677
f 2159/1435/2105 2160/1435/2104 2155/1439/2103
f 2138/1413/2084 1391/1413/1386 1431/1435/1423
f 2161/1435/2106 1431/1435/1423 1429/1439/1424
f 2140/1413/2085 2138/1413/2084 2161/1435/2106
f 2160/1435/2104 2161/1435/2106 2154/1439/2099
f 2162/1467/2107 2163/1468/2109 1460/1468/1451
f 2164/1467/2108 2165/1468/2110 2163/1468/2109
f 2163/1468/2109 2166/1469/2111 1463/1469/1455
f 2165/1468/2110 2167/1469/2115 2166/1469/2111
f 2168/1467/2112 1734/1467/1703 1733/1468/1696
f 2169/1468/2113 1733/1468/1696 1729/1469/1701
f 2168/1467/2112 2169/1468/2113 2165/1468/2110
f 2169/1468/2113 2170/1469/2114 2167/1469/2115
f 2156/1460/2100 2171/1462/2117 1727/1462/1691
f 2156/1460/2100 2152/1460/2097 2172/1462/2116
f 1727/1462/1691 2171/1462/2117 2170/1469/2114
f 2171/1462/2117 2172/1462/2116 2167/1469/2115
f 2150/1460/2096 1425/1460/1417 1465/1462/1454
f 2173/1462/2118 1465/1462/1454 1463/1469/1455
f 2152/1460/2097 2150/1460/2096 2173/1462/2118
f 2172/1462/2116 2173/1462/2118 2166/1469/2111
f 2174/1490/2119 2175/1491/2121 1494/1491/1483
f 2176/1490/2120 2177/1491/2122 2175/1491/2121
f 2175/1491/2121 2178/1492/2123 1497/1492/1487
f 2177/1491/2122 2179/1492/2127 2178/1492/2123
f 1754/1490/1720 1753/1491/1715 2181/1491/2124
f 2181/1491/2124 1753/1491/1715 1749/1492/1711
f 2180/1490/2125 2181/1491/2124 2177/1491/2122
f 2181/1491/2124 2182/1492/2126 2179/1492/2127
f 1734/1467/1703 2168/1467/2112 2183/1486/2128
f 2168/1467/2112 2164/1467/2108 2184/1486/2129
f 1747/1486/1710 2183/1486/2128 2182/1492/2126
f 2183/1486/2128 2184/1486/2129 2179/1492/2127
f 2162/1467/2107 1459/1467/1448 1499/1486/1486
f 2185/1486/2130 1499/1486/1486 1497/1492/1487
f 2164/1467/2108 2162/1467/2107 2185/1486/2130
f 2184/1486/2129 2185/1486/2130 2178/1492/2123
f 2186/1516/2131 2187/1517/2133 1528/1517/1514
f 2188/1516/2132 2189/1517/2134 2187/1517/2133
f 2187/1517/2133 2190/1518/2135 1531/1518/1518
f 2189/1517/2134 2191/1518/2139 2190/1518/2135
f 1774/1516/1739 1773/1517/1732 2193/1517/2136
f 1773/1517/1732 1769/1518/1728 2194/1518/2138
f 2192/1516/2137 2193/1517/2136 2189/1517/2134
f 2193/1517/2136 2194/1518/2138 2191/1518/2139
f 1754/1490/1720 2180/1490/2125 2195/1512/2140
f 2180/1490/2125 2176/1490/2120 2196/1512/2141
f 2195/1512/2140 2194/1518/2138 1769/1518/1728
f 2195/1512/2140 2196/1512/2141 2191/1518/2139
f 2174/1490/2119 1493/1490/1480 1533/1512/1517
f 2197/1512/2142 1533/1512/1517 1531/1518/1518
f 2176/1490/2120 2174/1490/2119 2197/1512/2142
f 2196/1512/2141 2197/1512/2142 2190/1518/2135
f 2198/1542/2143 2199/1543/2145 1562/1543/1546
f 2200/1542/2144 2201/1543/2146 2199/1543/2145
f 2199/1543/2145 2202/1544/2147 1565/1544/1550
f 2201/1543/2146 2203/1544/2151 2202/1544/2147
f 2204/1542/2148 1794/1542/1764 1793/1543/1750
f 1793/1543/1750 1789/1544/1746 2206/1544/2150
f 2204/1542/2148 2205/1543/2149 2201/1543/2146
f 2205/1543/2149 2206/1544/2150 2203/1544/2151
f 2192/1516/2137 2207/1538/2153 1787/1538/1745
f 2192/1516/2137 2188/1516/2132 2208/1538/2152
f 2207/1538/2153 2206/1544/2150 1789/1544/1746
f 2207/1538/2153 2208/1538/2152 2203/1544/2151
f 2186/1516/2131 1527/1516/1511 1567/1538/1549
f 2209/1538/2154 1567/1538/1549 1565/1544/1550
f 2188/1516/2132 2186/1516/2131 2209/1538/2154
f 2208/1538/2152 2209/1538/2154 2202/1544/2147
f 2210/1572/2155 2211/1573/1110 1596/1573/1577
f 2212/1572/2156 2213/1573/2157 2211/1573/1110
f 2211/1573/1110 2214/1574/2158 1599/1574/1581
f 2213/1573/2157 2215/1574/2162 2214/1574/2158
f 2216/1572/2159 1814/1572/1780 1813/1573/1769
f 2217/1573/2160 1813/1573/1769 1809/1574/1765
f 2216/1572/2159 2217/1573/2160 2213/1573/2157
f 2217/1573/2160 2218/1574/2161 2215/1574/2162
f 2204/1542/2148 2219/1568/2164 1807/1568/1763
f 2204/1542/2148 2200/1542/2144 2220/1568/2163
f 2219/1568/2164 2218/1574/2161 1809/1574/1765
f 2219/1568/2164 2220/1568/2163 2215/1574/2162
f 2198/1542/2143 1561/1542/1543 1601/1568/1580
f 2221/1568/2165 1601/1568/1580 1599/1574/1581
f 2200/1542/2144 2198/1542/2143 2221/1568/2165
f 2220/1568/2163 2221/1568/2165 2214/1574/2158
f 2222/1598/2166 2223/1599/2168 1630/1599/1608
f 2224/1598/2167 2225/1599/2169 2223/1599/2168
f 2223/1599/2168 2226/1600/2170 1633/1600/1612
f 2225/1599/2169 2227/1600/2174 2226/1600/2170
f 2228/1598/2171 1834/1598/1791 1833/1599/1784
f 2229/1599/2172 1833/1599/1784 1829/1600/1789
f 2228/1598/2171 2229/1599/2172 2225/1599/2169
f 2229/1599/2172 2230/1600/2173 2227/1600/2174
f 2216/1572/2159 2231/1594/2176 1827/1594/1779
f 2216/1572/2159 2212/1572/2156 2232/1594/2175
f 1827/1594/1779 2231/1594/2176 2230/1600/2173
f 2231/1594/2176 2232/1594/2175 2227/1600/2174
f 2210/1572/2155 1595/1572/1574 1635/1594/1611
f 2233/1594/2177 1635/1594/1611 1633/1600/1612
f 2212/1572/2156 2210/1572/2155 2233/1594/2177
f 2232/1594/2175 2233/1594/2177 2226/1600/2170
f 2136/1377/2081 2234/1622/2178 1656/1622/1631
f 2134/1377/2083 2235/1622/2179 2234/1622/2178
f 2234/1622/2178 2236/1623/2180 1658/1623/1635
f 2235/1622/2179 2237/1623/2183 2236/1623/2180
f 1662/1377/1638 1853/1622/1803 2238/1622/2181
f 2238/1622/2181 1853/1622/1803 1849/1623/1799
f 2132/1377/2079 2238/1622/2181 2235/1622/2179
f 2238/1622/2181 2239/1623/2182 2237/1623/2183
f 1834/1598/1791 2228/1598/2171 2240/1619/2184
f 2228/1598/2171 2224/1598/2167 2241/1619/2185
f 1847/1619/1798 2240/1619/2184 2239/1623/2182
f 2240/1619/2184 2241/1619/2185 2237/1623/2183
f 2222/1598/2166 1629/1598/1605 1660/1619/1634
f 2242/1619/2186 1660/1619/1634 1658/1623/1635
f 2224/1598/2167 2222/1598/2166 2242/1619/2186
f 2241/1619/2185 2242/1619/2186 2236/1623/2180
f 2243/1972/2187 2244/1974/2189 1678/1625/1649
f 2245/1973/2188 2246/1975/2190 2244/1974/2189
f 2244/1974/2189 2247/1750/2191 1681/1628/1652
f 2246/1975/2190 2248/1979/2195 2247/1750/2191
f 2249/1976/2192 1872/1714/1820 1871/1716/1822
f 2250/1977/2193 1871/1716/1822 1866/1719/1825
f 2249/1976/2192 2250/1977/2193 2246/1975/2190
f 2250/1977/2193 2251/1978/2194 2248/1979/2195
f 2252/1980/2196 2253/1982/2198 1863/1709/1815
f 2252/1980/2196 2254/1985/2201 2255/1981/2197
f 2253/1982/2198 2251/1978/2194 1866/1719/1825
f 2253/1982/2198 2255/1981/2197 2248/1979/2195
f 2256/1983/2199 1684/1632/1638 1683/1634/1656
f 1683/1634/1656 1681/1628/1652 2247/1750/2191
f 2254/1985/2201 2256/1983/2199 2257/1984/2200
f 2255/1981/2197 2257/1984/2200 2247/1750/2191
f 1699/1638/1667 2258/1988/2204 2259/1986/2202
f 2260/1987/2203 2261/1989/2205 2259/1986/2202
f 2259/1986/2202 2262/1990/2206 1703/1641/1670
f 2261/1989/2205 2263/1994/2210 2262/1990/2206
f 2264/1991/2207 1888/1729/1836 1887/1731/1838
f 2265/1992/2208 1887/1731/1838 1883/1734/1841
f 2264/1991/2207 2265/1992/2208 2261/1989/2205
f 2265/1992/2208 2266/1993/2209 2263/1994/2210
f 2249/1976/2192 2267/1996/2212 1881/1725/1832
f 2249/1976/2192 2245/1973/2188 2268/1995/2211
f 2267/1996/2212 2266/1993/2209 1883/1734/1841
f 2267/1996/2212 2268/1995/2211 2263/1994/2210
f 1677/1627/1651 1705/1646/1674 2269/1997/2213
f 1705/1646/1674 1703/1641/1670 2262/1990/2206
f 2245/1973/2188 2243/1972/2187 2269/1997/2213
f 2268/1995/2211 2269/1997/2213 2262/1990/2206
f 2270/1998/2214 2271/2000/2216 1720/1650/1681
f 2272/1999/2215 2273/2001/2217 2271/2000/2216
f 2271/2000/2216 2274/2002/2218 1723/1651/1677
f 2273/2001/2217 2275/2006/2222 2274/2002/2218
f 2276/2003/2219 1902/1743/1850 1901/1745/1852
f 2277/2004/2220 1901/1745/1852 1897/1748/1855
f 2276/2003/2219 2277/2004/2220 2273/2001/2217
f 2277/2004/2220 2278/2005/2221 2275/2006/2222
f 2264/1991/2207 2279/2008/2224 1895/1739/1846
f 2264/1991/2207 2260/1987/2203 2280/2007/2223
f 2279/2008/2224 2278/2005/2221 1897/1748/1855
f 2279/2008/2224 2280/2007/2223 2275/2006/2222
f 2258/1988/2204 1699/1638/1667 1725/1653/1675
f 2281/2009/2225 1725/1653/1675 1723/1651/1677
f 2260/1987/2203 2258/1988/2204 2281/2009/2225
f 2280/2007/2223 2281/2009/2225 2274/2002/2218
f 1739/1656/1703 2282/2012/2228 2283/2010/2226
f 2284/2011/2227 2285/2013/2230 2283/2010/2226
f 1740/1658/1705 2283/2010/2226 2286/1469/2229
f 2285/2013/2230 2287/1756/2234 2286/1469/2229
f 2288/2014/2231 1916/1760/1862 1915/1762/1864
f 2289/2015/2232 1915/1762/1864 1911/1765/1867
f 2288/2014/2231 2289/2015/2232 2285/2013/2230
f 2289/2015/2232 2290/2016/2233 2287/1756/2234
f 2276/2017/2219 2291/2019/2236 1909/1755/1859
f 2276/2017/2219 2272/2022/2215 2292/2018/2235
f 2291/2019/2236 2290/2016/2233 1911/1765/1867
f 2291/2019/2236 2292/2018/2235 2287/1756/2234
f 1719/1460/1687 1745/1462/1708 2293/2020/2237
f 2293/2020/2237 1745/1462/1708 1743/1469/1709
f 2272/2022/2215 2270/2021/2214 2293/2020/2237
f 2292/2018/2235 2293/2020/2237 2286/1469/2229
f 2294/2023/2238 2295/2025/2240 1760/1662/1722
f 2296/2024/2239 2297/2025/2242 2295/2025/2240
f 1760/1662/1722 2295/2025/2240 2298/2026/2241
f 2297/2025/2242 2299/2029/2246 2298/2026/2241
f 2300/2027/2243 1930/1775/1876 1929/1777/1878
f 2301/1491/2244 1929/1777/1878 1925/1780/1881
f 2300/2027/2243 2301/1491/2244 2297/2025/2242
f 2301/1491/2244 2302/2028/2245 2299/2029/2246
f 2288/2014/2231 2303/2031/2248 1923/1771/1872
f 2288/2014/2231 2284/2011/2227 2304/2030/2247
f 2303/2031/2248 2302/2028/2245 1925/1780/1881
f 2303/2031/2248 2304/2030/2247 2299/2029/2246
f 2282/2012/2228 1739/1656/1703 1765/1664/1725
f 2305/2032/2249 1765/1664/1725 1763/1666/1726
f 2284/2011/2227 2282/2012/2228 2305/2032/2249
f 2304/2030/2247 2305/2032/2249 2298/2026/2241
f 2306/2033/2250 2307/2035/2252 1780/1667/1737
f 2308/2034/2251 2309/2036/2253 2307/2035/2252
f 2307/2035/2252 2310/2037/2254 1783/1670/1740
f 2309/2036/2253 2311/2041/2258 2310/2037/2254
f 2312/2038/2255 1944/1791/1890 1943/1793/1892
f 2313/2039/2256 1943/1793/1892 1939/1796/1895
f 2312/2038/2255 2313/2039/2256 2309/2036/2253
f 2313/2039/2256 2314/2040/2257 2311/2041/2258
f 2300/2027/2243 2315/2043/2260 1937/1786/1886
f 2300/2027/2243 2296/2024/2239 2316/2042/2259
f 2315/2043/2260 2314/2040/2257 1939/1796/1895
f 2315/2043/2260 2316/2042/2259 2311/2041/2258
f 2294/2023/2238 1759/1659/1720 1785/1512/1744
f 1785/1512/1744 1783/1670/1740 2310/2037/2254
f 2296/2024/2239 2294/2023/2238 2317/1512/2261
f 2316/2042/2259 2317/1512/2261 2310/2037/2254
f 1799/1677/1755 2318/2046/2264 2319/2044/2262
f 2320/2045/2263 2321/2047/2265 2319/2044/2262
f 2319/2044/2262 2322/2048/2266 1803/1680/1758
f 2321/2047/2265 2323/2052/2270 2322/2048/2266
f 2324/2049/2267 1958/1800/1904 1957/1807/1906
f 2325/2050/2268 1957/1807/1906 1953/1810/1909
f 2324/2049/2267 2325/2050/2268 2321/2047/2265
f 2325/2050/2268 2326/2051/2269 2323/2052/2270
f 2312/2038/2255 2327/2054/2272 1951/1802/1900
f 2312/2038/2255 2308/2034/2251 2328/2053/2271
f 2327/2054/2272 2326/2051/2269 1953/1810/1909
f 2327/2054/2272 2328/2053/2271 2323/2052/2270
f 1779/1669/1739 1805/1685/1762 2329/2055/2273
f 1805/1685/1762 1803/1680/1758 2322/2048/2266
f 2308/2034/2251 2306/2033/2250 2329/2055/2273
f 2328/2053/2271 2329/2055/2273 2322/2048/2266
f 2330/2056/2274 2331/2058/2276 1820/1687/1769
f 2332/2057/2275 2333/2059/2277 2331/2058/2276
f 2331/2058/2276 2334/2060/2278 1823/1690/1765
f 2333/2059/2277 2335/2064/2282 2334/2060/2278
f 2336/2061/2279 1972/1819/1918 1971/1821/1920
f 2337/2062/2280 1971/1821/1920 1967/1824/1923
f 2336/2061/2279 2337/2062/2280 2333/2059/2277
f 2337/2062/2280 2338/2063/2281 2335/2064/2282
f 2324/2049/2267 2339/2066/2284 1965/1815/1914
f 2324/2049/2267 2320/2045/2263 2340/2065/2283
f 2339/2066/2284 2338/2063/2281 1967/1824/1923
f 2339/2066/2284 2340/2065/2283 2335/2064/2282
f 2318/2046/2264 1799/1677/1755 1825/1692/1763
f 2341/2067/2285 1825/1692/1763 1823/1690/1765
f 2320/2045/2263 2318/2046/2264 2341/2067/2285
f 2340/2065/2283 2341/2067/2285 2334/2060/2278
f 1839/1598/1791 2342/1598/2288 2343/2068/2286
f 2344/1598/2287 2345/2070/2290 2343/2068/2286
f 1840/1695/1793 2343/2068/2286 2346/2069/2289
f 2345/2070/2290 2347/2073/2294 2346/2069/2289
f 2348/1598/2291 1986/1598/1930 1985/1834/1932
f 2349/2071/2292 1985/1834/1932 1981/1836/1935
f 2348/1598/2291 2349/2071/2292 2345/2070/2290
f 2349/2071/2292 2350/2072/2293 2347/2073/2294
f 2336/2061/2279 2351/2075/2296 1979/1829/1927
f 2336/2061/2279 2332/2057/2275 2352/2074/2295
f 2351/2075/2296 2350/2072/2293 1981/1836/1935
f 2351/2075/2296 2352/2074/2295 2347/2073/2294
f 1819/1689/1775 1845/1698/1796 2353/2076/2297
f 2353/2076/2297 1845/1698/1796 1843/1699/1797
f 2332/2057/2275 2330/2056/2274 2353/2076/2297
f 2352/2074/2295 2353/2076/2297 2346/2069/2289
f 2256/1983/2199 2354/2077/2298 1856/1702/1808
f 2254/1985/2201 2355/2079/2300 2354/2077/2298
f 1856/1702/1808 2354/2077/2298 2356/2078/2299
f 2355/2079/2300 2357/2082/2303 2356/2078/2299
f 2252/1980/2196 1862/1706/1812 1999/1844/1945
f 2358/2080/2301 1999/1844/1945 1995/1846/1947
f 2252/1980/2196 2358/2080/2301 2355/2079/2300
f 2358/2080/2301 2359/2081/2302 2357/2082/2303
f 2348/1598/2291 2360/2084/2305 1993/1839/1940
f 2348/1598/2291 2344/1598/2287 2361/2083/2304
f 2360/2084/2305 2359/2081/2302 1995/1846/1947
f 2360/2084/2305 2361/2083/2304 2357/2082/2303
f 2342/1598/2288 1839/1598/1791 1860/1704/1810
f 2362/2085/2306 1860/1704/1810 1858/1705/1811
f 2344/1598/2287 2342/1598/2288 2362/2085/2306
f 2361/2083/2304 2362/2085/2306 2356/2078/2299
f 2363/2086/2307 2364/2088/2309 2/4/4
f 2365/2087/2308 2366/2089/2310 2364/2088/2309
f 2364/2088/2309 2367/2090/2311 5/14/14
f 2366/2089/2310 2368/2094/2315 2367/2090/2311
f 2369/2091/2312 1331/1361/1329 1330/1363/1331
f 2370/2092/2313 1330/1363/1331 1325/1366/1334
f 2365/2087/2308 2369/2091/2312 2370/2092/2313
f 2366/2089/2310 2370/2092/2313 2371/2093/2314
f 2372/2095/2316 2373/2097/2318 1322/1356/1324
f 2374/2096/2317 2375/2098/2319 2373/2097/2318
f 2373/2097/2318 2371/2093/2314 1325/1366/1334
f 2375/2098/2319 2368/2094/2315 2371/2093/2314
f 2376/2099/2320 11/9/9 10/11/11
f 2377/2100/2321 10/11/11 5/14/14
f 2374/2096/2317 2376/2099/2320 2377/2100/2321
f 2375/2098/2319 2377/2100/2321 2367/2090/2311
f 2376/2099/2320 2378/2101/2322 26/26/26
f 2374/2096/2317 2379/2102/2323 2378/2101/2322
f 2378/2101/2322 2380/2103/2324 28/35/35
f 2379/2102/2323 2381/2106/2327 2380/2103/2324
f 2372/2095/2316 1321/1353/1321 1374/1395/1371
f 2382/2104/2325 1374/1395/1371 1369/1398/1373
f 2374/2096/2317 2372/2095/2316 2382/2104/2325
f 2379/2102/2323 2382/2104/2325 2383/2105/2326
f 2384/2107/2328 2385/2109/2330 1366/1389/1365
f 2386/2108/2329 2387/2110/2331 2385/2109/2330
f 2385/2109/2330 2383/2105/2326 1369/1398/1373
f 2387/2110/2331 2381/2106/2327 2383/2105/2326
f 2388/2111/2332 33/30/30 32/32/32
f 2389/2112/2333 32/32/32 28/35/35
f 2386/2108/2329 2388/2111/2332 2389/2112/2333
f 2387/2110/2331 2389/2112/2333 2380/2103/2324
f 2388/2111/2332 2390/2113/2334 46/46/46
f 2386/2108/2329 2391/2114/2335 2390/2113/2334
f 2390/2113/2334 2392/2115/2336 48/55/55
f 2391/2114/2335 2393/2118/2339 2392/2115/2336
f 2384/2107/2328 1365/1386/1362 1408/1425/1403
f 2394/2116/2337 1408/1425/1403 1403/1427/1404
f 2386/2108/2329 2384/2107/2328 2394/2116/2337
f 2391/2114/2335 2394/2116/2337 2395/2117/2338
f 2396/2119/2340 2397/2121/2342 1400/1419/1397
f 2398/2120/2341 2399/2122/2343 2397/2121/2342
f 2397/2121/2342 2395/2117/2338 1403/1427/1404
f 2399/2122/2343 2393/2118/2339 2395/2117/2338
f 2400/2123/2344 53/50/50 52/52/52
f 2401/2124/2345 52/52/52 48/55/55
f 2398/2120/2341 2400/2123/2344 2401/2124/2345
f 2399/2122/2343 2401/2124/2345 2392/2115/2336
f 2400/2125/2344 2402/2127/2346 66/68/66
f 2398/2126/2341 2403/2128/2347 2402/2127/2346
f 2402/2127/2346 2404/2129/2348 68/78/75
f 2403/2128/2347 2405/2133/2351 2404/2129/2348
f 2396/2130/2340 1399/1448/1394 1442/1450/1434
f 2406/2131/2349 1442/1450/1434 1437/1453/1435
f 2398/2126/2341 2396/2130/2340 2406/2131/2349
f 2403/2128/2347 2406/2131/2349 2407/2132/2350
f 2408/2134/2352 2409/2136/2354 1434/1443/1428
f 2410/2135/2353 2411/2137/2355 2409/2136/2354
f 2409/2136/2354 2407/2132/2350 1437/1453/1435
f 2411/2137/2355 2405/2133/2351 2407/2132/2350
f 2412/2138/2356 73/73/70 72/75/72
f 2413/2139/2357 72/75/72 68/78/75
f 2410/2135/2353 2412/2138/2356 2413/2139/2357
f 2411/2137/2355 2413/2139/2357 2404/2129/2348
f 2412/2138/2356 2414/2140/2358 86/90/86
f 2410/2135/2353 2415/2141/2359 2414/2140/2358
f 2414/2140/2358 2416/2142/2360 88/99/95
f 2415/2141/2359 2417/2145/2363 2416/2142/2360
f 2408/2134/2352 1433/1440/1425 1476/1477/1465
f 2418/2143/2361 1476/1477/1465 1471/1479/1467
f 2410/2135/2353 2408/2134/2352 2418/2143/2361
f 2415/2141/2359 2418/2143/2361 2419/2144/2362
f 2420/2146/2364 2421/2148/2366 1468/1472/1459
f 2422/2147/2365 2423/2149/2367 2421/2148/2366
f 2421/2148/2366 2419/2144/2362 1471/1479/1467
f 2423/2149/2367 2417/2145/2363 2419/2144/2362
f 2424/2150/2368 93/94/90 92/96/92
f 2425/2151/2369 92/96/92 88/99/95
f 2422/2147/2365 2424/2150/2368 2425/2151/2369
f 2423/2149/2367 2425/2151/2369 2416/2142/2360
f 2424/2150/2368 2426/2152/2370 106/110/106
f 2422/2147/2365 2427/2153/2371 2426/2152/2370
f 2426/2152/2370 2428/2154/2372 108/119/115
f 2427/2153/2371 2429/2157/2375 2428/2154/2372
f 2420/2146/2364 1467/1470/1456 1510/1502/1497
f 2430/2155/2373 1510/1502/1497 1505/1504/1498
f 2422/2147/2365 2420/2146/2364 2430/2155/2373
f 2427/2153/2371 2430/2155/2373 2431/2156/2374
f 2432/2158/2376 2433/2160/2378 1502/1496/1491
f 2434/2159/2377 2435/2161/2379 2433/2160/2378
f 2433/2160/2378 2431/2156/2374 1505/1504/1498
f 2435/2161/2379 2429/2157/2375 2431/2156/2374
f 2436/2162/2380 113/114/110 112/116/112
f 2437/2163/2381 112/116/112 108/119/115
f 2434/2159/2377 2436/2162/2380 2437/2163/2381
f 2435/2161/2379 2437/2163/2381 2428/2154/2372
f 2436/2162/2380 2438/2164/2382 126/130/126
f 2434/2159/2377 2439/2165/2383 2438/2164/2382
f 2438/2164/2382 2440/2166/2384 128/139/135
f 2439/2165/2383 2441/2169/2387 2440/2166/2384
f 2432/2158/2376 1501/1493/1488 1544/1528/1528
f 2442/2167/2385 1544/1528/1528 1539/1530/1530
f 2434/2159/2377 2432/2158/2376 2442/2167/2385
f 2439/2165/2383 2442/2167/2385 2443/2168/2386
f 2444/2170/2388 2445/2172/2390 1536/1522/1522
f 2446/2171/2389 2447/2173/2391 2445/2172/2390
f 2445/2172/2390 2443/2168/2386 1539/1530/1530
f 2447/2173/2391 2441/2169/2387 2443/2168/2386
f 2448/2174/2392 133/134/130 132/136/132
f 2449/2175/2393 132/136/132 128/139/135
f 2446/2171/2389 2448/2174/2392 2449/2175/2393
f 2447/2173/2391 2449/2175/2393 2440/2166/2384
f 2448/2174/2392 2450/2176/2394 146/150/146
f 2446/2171/2389 2451/2177/2395 2450/2176/2394
f 2450/2176/2394 2452/2178/2396 148/159/155
f 2451/2177/2395 2453/2181/2399 2452/2178/2396
f 2444/2170/2388 1535/1519/1519 1578/1554/1560
f 2454/2179/2397 1578/1554/1560 1573/1557/1561
f 2446/2171/2389 2444/2170/2388 2454/2179/2397
f 2451/2177/2395 2454/2179/2397 2455/2180/2398
f 2456/2182/2400 2457/2184/2402 1570/1548/1554
f 2458/2183/2401 2459/2185/2403 2457/2184/2402
f 2457/2184/2402 2455/2180/2398 1573/1557/1561
f 2459/2185/2403 2453/2181/2399 2455/2180/2398
f 2460/2186/2404 153/154/150 152/156/152
f 2461/2187/2405 152/156/152 148/159/155
f 2458/2183/2401 2460/2186/2404 2461/2187/2405
f 2459/2185/2403 2461/2187/2405 2452/2178/2396
f 2460/2186/2404 2462/2188/2406 166/170/166
f 2458/2183/2401 2463/2189/2407 2462/2188/2406
f 2462/2188/2406 2464/2190/2408 168/179/175
f 2463/2189/2407 2465/2193/2411 2464/2190/2408
f 2456/2182/2400 1569/1545/1551 1612/1584/1591
f 2466/2191/2409 1612/1584/1591 1607/1586/1592
f 2458/2183/2401 2456/2182/2400 2466/2191/2409
f 2463/2189/2407 2466/2191/2409 2467/2192/2410
f 2468/2194/2412 2469/2196/2414 1604/1578/1585
f 2470/2195/2413 2471/2197/2415 2469/2196/2414
f 2469/2196/2414 2467/2192/2410 1607/1586/1592
f 2471/2197/2415 2465/2193/2411 2467/2192/2410
f 2472/2198/2416 173/174/170 172/176/172
f 2473/2199/2417 172/176/172 168/179/175
f 2470/2195/2413 2472/2198/2416 2473/2199/2417
f 2471/2197/2415 2473/2199/2417 2464/2190/2408
f 2472/2198/2416 2474/2200/2418 186/190/186
f 2470/2195/2413 2475/2201/2419 2474/2200/2418
f 2474/2200/2418 2476/2202/2420 188/197/193
f 2475/2201/2419 2477/2205/2423 2476/2202/2420
f 2468/2194/2412 1603/1575/1582 1643/1607/1618
f 2478/2203/2421 1643/1607/1618 1639/1610/1620
f 2470/2195/2413 2468/2194/2412 2478/2203/2421
f 2475/2201/2419 2478/2203/2421 2479/2204/2422
f 2369/2091/2312 2480/2206/2424 1637/1602/1614
f 2365/2087/2308 2481/2207/2425 2480/2206/2424
f 2480/2206/2424 2479/2204/2422 1639/1610/1620
f 2481/2207/2425 2477/2205/2423 2479/2204/2422
f 2363/2086/2307 1/1/1 192/195/191
f 2482/2208/2426 192/195/191 188/197/193
f 2365/2087/2308 2363/2086/2307 2482/2208/2426
f 2481/2207/2425 2482/2208/2426 2476/2202/2420
